global_index_zero_based	configuration_number_one_based	category	phase	ensemble	source_group	source_index	run	step	bead	task	set2_source_file	set2_source_index_zero_based	energy_hartree
0	1	classical_water	water	classical	SET2_original	0					../alldata/init/deepmd_data	0	-1104.113779
1	2	classical_water	water	classical	SET2_original	1					../alldata/init/deepmd_data	1	-1104.050640
2	3	classical_water	water	classical	SET2_original	2					../alldata/init/deepmd_data	2	-1104.029358
3	4	classical_water	water	classical	SET2_original	3					../alldata/init/deepmd_data	3	-1104.080499
4	5	classical_water	water	classical	SET2_original	4					../alldata/init/deepmd_data	4	-1104.044253
5	6	classical_water	water	classical	SET2_original	5					../alldata/init/deepmd_data	5	-1104.079518
6	7	classical_water	water	classical	SET2_original	6					../alldata/init/deepmd_data	6	-1104.089675
7	8	classical_water	water	classical	SET2_original	7					../alldata/init/deepmd_data	7	-1104.072510
8	9	classical_water	water	classical	SET2_original	8					../alldata/init/deepmd_data	8	-1104.086206
9	10	classical_water	water	classical	SET2_original	9					../alldata/init/deepmd_data	9	-1104.067997
10	11	classical_water	water	classical	SET2_original	10					../alldata/init/deepmd_data	10	-1104.075839
11	12	classical_water	water	classical	SET2_original	11					../alldata/init/deepmd_data	11	-1104.054760
12	13	classical_water	water	classical	SET2_original	12					../alldata/init/deepmd_data	12	-1104.083538
13	14	classical_water	water	classical	SET2_original	13					../alldata/init/deepmd_data	13	-1104.104485
14	15	classical_water	water	classical	SET2_original	14					../alldata/init/deepmd_data	14	-1104.051798
15	16	classical_water	water	classical	SET2_original	15					../alldata/init/deepmd_data	15	-1104.037032
16	17	classical_water	water	classical	SET2_original	16					../alldata/init/deepmd_data	16	-1104.071833
17	18	classical_water	water	classical	SET2_original	17					../alldata/init/deepmd_data	17	-1104.052937
18	19	classical_water	water	classical	SET2_original	18					../alldata/init/deepmd_data	18	-1104.046351
19	20	classical_water	water	classical	SET2_original	19					../alldata/init/deepmd_data	19	-1104.105683
20	21	classical_water	water	classical	SET2_original	20					../alldata/init/deepmd_data	20	-1104.033059
21	22	classical_water	water	classical	SET2_original	21					../alldata/init/deepmd_data	21	-1104.049780
22	23	classical_water	water	classical	SET2_original	22					../alldata/init/deepmd_data	22	-1104.072366
23	24	classical_water	water	classical	SET2_original	23					../alldata/init/deepmd_data	23	-1104.044374
24	25	classical_water	water	classical	SET2_original	24					../alldata/init/deepmd_data	24	-1104.057115
25	26	classical_water	water	classical	SET2_original	25					../alldata/init/deepmd_data	25	-1104.009069
26	27	classical_water	water	classical	SET2_original	26					../alldata/init/deepmd_data	26	-1104.024276
27	28	classical_water	water	classical	SET2_original	27					../alldata/init/deepmd_data	27	-1104.056836
28	29	classical_water	water	classical	SET2_original	28					../alldata/init/deepmd_data	28	-1104.049626
29	30	classical_water	water	classical	SET2_original	29					../alldata/init/deepmd_data	29	-1104.025889
30	31	classical_water	water	classical	SET2_original	30					../alldata/init/deepmd_data	30	-1104.030443
31	32	classical_water	water	classical	SET2_original	31					../alldata/init/deepmd_data	31	-1104.054076
32	33	classical_water	water	classical	SET2_original	32					../alldata/init/deepmd_data	32	-1104.022376
33	34	classical_water	water	classical	SET2_original	33					../alldata/init/deepmd_data	33	-1104.015750
34	35	classical_water	water	classical	SET2_original	34					../alldata/init/deepmd_data	34	-1104.022148
35	36	classical_water	water	classical	SET2_original	35					../alldata/init/deepmd_data	35	-1104.022178
36	37	classical_water	water	classical	SET2_original	36					../alldata/init/deepmd_data	36	-1104.001249
37	38	classical_water	water	classical	SET2_original	37					../alldata/init/deepmd_data	37	-1104.028142
38	39	classical_water	water	classical	SET2_original	38					../alldata/init/deepmd_data	38	-1104.002267
39	40	classical_water	water	classical	SET2_original	39					../alldata/init/deepmd_data	39	-1104.003329
40	41	classical_water	water	classical	SET2_original	40					../alldata/init/deepmd_data	40	-1104.049130
41	42	classical_water	water	classical	SET2_original	41					../alldata/init/deepmd_data	41	-1104.009731
42	43	classical_water	water	classical	SET2_original	42					../alldata/init/deepmd_data	42	-1104.058368
43	44	classical_water	water	classical	SET2_original	43					../alldata/init/deepmd_data	43	-1104.034129
44	45	classical_water	water	classical	SET2_original	44					../alldata/init/deepmd_data	44	-1104.006504
45	46	classical_water	water	classical	SET2_original	45					../alldata/init/deepmd_data	45	-1104.020145
46	47	classical_water	water	classical	SET2_original	46					../alldata/init/deepmd_data	46	-1104.040527
47	48	classical_water	water	classical	SET2_original	47					../alldata/init/deepmd_data	47	-1104.035176
48	49	classical_water	water	classical	SET2_original	48					../alldata/init/deepmd_data	48	-1104.034309
49	50	classical_water	water	classical	SET2_original	49					../alldata/init/deepmd_data	49	-1104.030545
50	51	classical_water	water	classical	SET2_original	50					../alldata/init/deepmd_data	50	-1104.002388
51	52	classical_water	water	classical	SET2_original	51					../alldata/init/deepmd_data	51	-1104.056483
52	53	classical_water	water	classical	SET2_original	52					../alldata/init/deepmd_data	52	-1104.009404
53	54	classical_water	water	classical	SET2_original	53					../alldata/init/deepmd_data	53	-1104.032015
54	55	classical_water	water	classical	SET2_original	54					../alldata/init/deepmd_data	54	-1104.036400
55	56	classical_water	water	classical	SET2_original	55					../alldata/init/deepmd_data	55	-1103.993127
56	57	classical_water	water	classical	SET2_original	56					../alldata/init/deepmd_data	56	-1104.028601
57	58	classical_water	water	classical	SET2_original	57					../alldata/init/deepmd_data	57	-1104.043977
58	59	classical_water	water	classical	SET2_original	58					../alldata/init/deepmd_data	58	-1104.015901
59	60	classical_water	water	classical	SET2_original	59					../alldata/init/deepmd_data	59	-1104.033757
60	61	classical_water	water	classical	SET2_original	60					../alldata/init/deepmd_data	60	-1104.035554
61	62	classical_water	water	classical	SET2_original	61					../alldata/init/deepmd_data	61	-1104.011858
62	63	classical_water	water	classical	SET2_original	62					../alldata/init/deepmd_data	62	-1104.049012
63	64	classical_water	water	classical	SET2_original	63					../alldata/init/deepmd_data	63	-1104.024996
64	65	classical_water	water	classical	SET2_original	64					../alldata/init/deepmd_data	64	-1104.015864
65	66	classical_water	water	classical	SET2_original	65					../alldata/init/deepmd_data	65	-1104.054921
66	67	classical_water	water	classical	SET2_original	66					../alldata/init/deepmd_data	66	-1104.015827
67	68	classical_water	water	classical	SET2_original	67					../alldata/init/deepmd_data	67	-1104.018352
68	69	classical_water	water	classical	SET2_original	68					../alldata/init/deepmd_data	68	-1104.050802
69	70	classical_water	water	classical	SET2_original	69					../alldata/init/deepmd_data	69	-1104.032089
70	71	classical_water	water	classical	SET2_original	70					../alldata/init/deepmd_data	70	-1104.037079
71	72	classical_water	water	classical	SET2_original	71					../alldata/init/deepmd_data	71	-1104.042956
72	73	classical_water	water	classical	SET2_original	72					../alldata/init/deepmd_data	72	-1104.020689
73	74	classical_water	water	classical	SET2_original	73					../alldata/init/deepmd_data	73	-1104.075108
74	75	classical_water	water	classical	SET2_original	74					../alldata/init/deepmd_data	74	-1104.020700
75	76	classical_water	water	classical	SET2_original	75					../alldata/init/deepmd_data	75	-1104.029098
76	77	classical_water	water	classical	SET2_original	76					../alldata/init/deepmd_data	76	-1104.046201
77	78	classical_water	water	classical	SET2_original	77					../alldata/init/deepmd_data	77	-1104.015063
78	79	classical_water	water	classical	SET2_original	78					../alldata/init/deepmd_data	78	-1104.051184
79	80	classical_water	water	classical	SET2_original	79					../alldata/init/deepmd_data	79	-1104.049357
80	81	classical_water	water	classical	SET2_original	80					../alldata/init/deepmd_data	80	-1104.006798
81	82	classical_water	water	classical	SET2_original	81					../alldata/init/deepmd_data	81	-1104.076317
82	83	classical_water	water	classical	SET2_original	82					../alldata/init/deepmd_data	82	-1104.087797
83	84	classical_water	water	classical	SET2_original	83					../alldata/init/deepmd_data	83	-1104.046300
84	85	classical_water	water	classical	SET2_original	84					../alldata/init/deepmd_data	84	-1104.071051
85	86	classical_water	water	classical	SET2_original	85					../alldata/init/deepmd_data	85	-1104.042868
86	87	classical_water	water	classical	SET2_original	86					../alldata/init/deepmd_data	86	-1104.038641
87	88	classical_water	water	classical	SET2_original	87					../alldata/init/deepmd_data	87	-1104.071385
88	89	classical_water	water	classical	SET2_original	88					../alldata/init/deepmd_data	88	-1104.051279
89	90	classical_water	water	classical	SET2_original	89					../alldata/init/deepmd_data	89	-1104.037418
90	91	classical_water	water	classical	SET2_original	90					../alldata/init/deepmd_data	90	-1104.056417
91	92	classical_water	water	classical	SET2_original	91					../alldata/init/deepmd_data	91	-1104.042335
92	93	classical_water	water	classical	SET2_original	92					../alldata/init/deepmd_data	92	-1104.040446
93	94	classical_water	water	classical	SET2_original	93					../alldata/init/deepmd_data	93	-1104.003700
94	95	classical_water	water	classical	SET2_original	94					../alldata/init/deepmd_data	94	-1104.056266
95	96	classical_water	water	classical	SET2_original	95					../alldata/init/deepmd_data	95	-1104.037076
96	97	classical_water	water	classical	SET2_original	96					../alldata/init/deepmd_data	96	-1104.075835
97	98	classical_water	water	classical	SET2_original	97					../alldata/init/deepmd_data	97	-1104.043378
98	99	classical_water	water	classical	SET2_original	98					../alldata/init/deepmd_data	98	-1104.020167
99	100	classical_water	water	classical	SET2_original	99					../alldata/init/deepmd_data	99	-1104.029752
100	101	classical_water	water	classical	SET2_original	100					../alldata/classical_liq/deepmd_data	0	-1103.974815
101	102	classical_water	water	classical	SET2_original	101					../alldata/classical_liq/deepmd_data	1	-1103.986582
102	103	classical_water	water	classical	SET2_original	102					../alldata/classical_liq/deepmd_data	2	-1103.979967
103	104	classical_water	water	classical	SET2_original	103					../alldata/classical_liq/deepmd_data	3	-1104.003450
104	105	classical_water	water	classical	SET2_original	104					../alldata/classical_liq/deepmd_data	4	-1103.986873
105	106	classical_water	water	classical	SET2_original	105					../alldata/classical_liq/deepmd_data	5	-1103.996762
106	107	classical_water	water	classical	SET2_original	106					../alldata/classical_liq/deepmd_data	6	-1103.948958
107	108	classical_water	water	classical	SET2_original	107					../alldata/classical_liq/deepmd_data	7	-1103.988365
108	109	classical_water	water	classical	SET2_original	108					../alldata/classical_liq/deepmd_data	8	-1103.958359
109	110	classical_water	water	classical	SET2_original	109					../alldata/classical_liq/deepmd_data	9	-1103.978236
110	111	classical_water	water	classical	SET2_original	110					../alldata/classical_liq/deepmd_data	10	-1103.959505
111	112	classical_water	water	classical	SET2_original	111					../alldata/classical_liq/deepmd_data	11	-1103.939881
112	113	classical_water	water	classical	SET2_original	112					../alldata/classical_liq/deepmd_data	12	-1103.981540
113	114	classical_water	water	classical	SET2_original	113					../alldata/classical_liq/deepmd_data	13	-1103.933751
114	115	classical_water	water	classical	SET2_original	114					../alldata/classical_liq/deepmd_data	14	-1103.952993
115	116	classical_water	water	classical	SET2_original	115					../alldata/classical_liq/deepmd_data	15	-1103.957389
116	117	classical_water	water	classical	SET2_original	116					../alldata/classical_liq/deepmd_data	16	-1103.946989
117	118	classical_water	water	classical	SET2_original	117					../alldata/classical_liq/deepmd_data	17	-1103.948286
118	119	classical_water	water	classical	SET2_original	118					../alldata/classical_liq/deepmd_data	18	-1103.916292
119	120	classical_water	water	classical	SET2_original	119					../alldata/classical_liq/deepmd_data	19	-1103.912378
120	121	classical_water	water	classical	SET2_original	120					../alldata/classical_liq/deepmd_data	20	-1103.889601
121	122	classical_water	water	classical	SET2_original	121					../alldata/classical_liq/deepmd_data	21	-1103.986093
122	123	classical_water	water	classical	SET2_original	122					../alldata/classical_liq/deepmd_data	22	-1103.948433
123	124	classical_water	water	classical	SET2_original	123					../alldata/classical_liq/deepmd_data	23	-1103.910247
124	125	classical_water	water	classical	SET2_original	124					../alldata/classical_liq/deepmd_data	24	-1103.914068
125	126	classical_water	water	classical	SET2_original	125					../alldata/classical_liq/deepmd_data	25	-1103.913231
126	127	classical_water	water	classical	SET2_original	126					../alldata/classical_liq/deepmd_data	26	-1103.899310
127	128	classical_water	water	classical	SET2_original	127					../alldata/classical_liq/deepmd_data	27	-1103.933527
128	129	classical_water	water	classical	SET2_original	128					../alldata/classical_liq/deepmd_data	28	-1103.979784
129	130	classical_water	water	classical	SET2_original	129					../alldata/classical_liq/deepmd_data	29	-1103.995494
130	131	classical_water	water	classical	SET2_original	130					../alldata/classical_liq/deepmd_data	30	-1103.998673
131	132	classical_water	water	classical	SET2_original	131					../alldata/classical_liq/deepmd_data	31	-1104.004112
132	133	classical_water	water	classical	SET2_original	132					../alldata/classical_liq/deepmd_data	32	-1104.009676
133	134	classical_water	water	classical	SET2_original	133					../alldata/classical_liq/deepmd_data	33	-1103.989500
134	135	classical_water	water	classical	SET2_original	134					../alldata/classical_liq/deepmd_data	34	-1103.964709
135	136	classical_water	water	classical	SET2_original	135					../alldata/classical_liq/deepmd_data	35	-1104.023615
136	137	classical_water	water	classical	SET2_original	136					../alldata/classical_liq/deepmd_data	36	-1103.874581
137	138	classical_water	water	classical	SET2_original	137					../alldata/classical_liq/deepmd_data	37	-1103.927989
138	139	classical_water	water	classical	SET2_original	138					../alldata/classical_liq/deepmd_data	38	-1103.959718
139	140	classical_water	water	classical	SET2_original	139					../alldata/classical_liq/deepmd_data	39	-1103.932484
140	141	classical_water	water	classical	SET2_original	140					../alldata/classical_liq/deepmd_data	40	-1103.905080
141	142	classical_water	water	classical	SET2_original	141					../alldata/classical_liq/deepmd_data	41	-1103.931635
142	143	classical_water	water	classical	SET2_original	142					../alldata/classical_liq/deepmd_data	42	-1103.920573
143	144	classical_water	water	classical	SET2_original	143					../alldata/classical_liq/deepmd_data	43	-1103.922414
144	145	classical_water	water	classical	SET2_original	144					../alldata/classical_liq/deepmd_data	44	-1103.921870
145	146	classical_water	water	classical	SET2_original	145					../alldata/classical_liq/deepmd_data	45	-1103.959814
146	147	classical_water	water	classical	SET2_original	146					../alldata/classical_liq/deepmd_data	46	-1103.934031
147	148	classical_water	water	classical	SET2_original	147					../alldata/classical_liq/deepmd_data	47	-1103.951696
148	149	classical_water	water	classical	SET2_original	148					../alldata/classical_liq/deepmd_data	48	-1103.958741
149	150	classical_water	water	classical	SET2_original	149					../alldata/classical_liq/deepmd_data	49	-1103.901493
150	151	classical_water	water	classical	SET2_original	150					../alldata/classical_liq/deepmd_data	50	-1103.875276
151	152	classical_water	water	classical	SET2_original	151					../alldata/classical_liq/deepmd_data	51	-1103.894661
152	153	classical_water	water	classical	SET2_original	152					../alldata/classical_liq/deepmd_data	52	-1103.903716
153	154	classical_water	water	classical	SET2_original	153					../alldata/classical_liq/deepmd_data	53	-1103.915417
154	155	classical_water	water	classical	SET2_original	154					../alldata/classical_liq/deepmd_data	54	-1103.908167
155	156	classical_water	water	classical	SET2_original	155					../alldata/classical_liq/deepmd_data	55	-1103.900905
156	157	classical_water	water	classical	SET2_original	156					../alldata/classical_liq/deepmd_data	56	-1103.928294
157	158	classical_water	water	classical	SET2_original	157					../alldata/classical_liq/deepmd_data	57	-1103.892239
158	159	classical_water	water	classical	SET2_original	158					../alldata/classical_liq/deepmd_data	58	-1103.869245
159	160	classical_water	water	classical	SET2_original	159					../alldata/classical_liq/deepmd_data	59	-1103.907873
160	161	classical_water	water	classical	SET2_original	160					../alldata/classical_liq/deepmd_data	60	-1103.968435
161	162	classical_water	water	classical	SET2_original	161					../alldata/classical_liq/deepmd_data	61	-1103.977884
162	163	classical_water	water	classical	SET2_original	162					../alldata/classical_liq/deepmd_data	62	-1103.906902
163	164	classical_water	water	classical	SET2_original	163					../alldata/classical_liq/deepmd_data	63	-1103.907398
164	165	classical_water	water	classical	SET2_original	164					../alldata/classical_liq/deepmd_data	64	-1103.888458
165	166	classical_water	water	classical	SET2_original	165					../alldata/classical_liq/deepmd_data	65	-1103.937298
166	167	classical_water	water	classical	SET2_original	166					../alldata/classical_liq/deepmd_data	66	-1103.898549
167	168	classical_water	water	classical	SET2_original	167					../alldata/classical_liq/deepmd_data	67	-1103.883445
168	169	classical_water	water	classical	SET2_original	168					../alldata/classical_liq/deepmd_data	68	-1103.904672
169	170	classical_water	water	classical	SET2_original	169					../alldata/classical_liq/deepmd_data	69	-1103.890167
170	171	classical_water	water	classical	SET2_original	170					../alldata/classical_liq/deepmd_data	70	-1103.942384
171	172	classical_water	water	classical	SET2_original	171					../alldata/classical_liq/deepmd_data	71	-1103.919144
172	173	classical_water	water	classical	SET2_original	172					../alldata/classical_liq/deepmd_data	72	-1103.955158
173	174	classical_water	water	classical	SET2_original	173					../alldata/classical_liq/deepmd_data	73	-1103.992433
174	175	classical_water	water	classical	SET2_original	174					../alldata/classical_liq/deepmd_data	74	-1103.992855
175	176	classical_water	water	classical	SET2_original	175					../alldata/classical_liq/deepmd_data	75	-1104.135810
176	177	classical_water	water	classical	SET2_original	176					../alldata/classical_liq/deepmd_data	76	-1103.998934
177	178	classical_water	water	classical	SET2_original	177					../alldata/classical_liq/deepmd_data	77	-1103.959002
178	179	classical_water	water	classical	SET2_original	178					../alldata/classical_liq/deepmd_data	78	-1103.894246
179	180	quantum_water	water	quantum	SET2_original	0					../alldata/quantum_liq/deepmd_data	0	-1103.323198
180	181	quantum_water	water	quantum	SET2_original	1					../alldata/quantum_liq/deepmd_data	1	-1103.245731
181	182	quantum_water	water	quantum	SET2_original	2					../alldata/quantum_liq/deepmd_data	2	-1103.444280
182	183	quantum_water	water	quantum	SET2_original	3					../alldata/quantum_liq/deepmd_data	3	-1103.387866
183	184	quantum_water	water	quantum	SET2_original	4					../alldata/quantum_liq/deepmd_data	4	-1103.276019
184	185	quantum_water	water	quantum	SET2_original	5					../alldata/quantum_liq/deepmd_data	5	-1103.435324
185	186	quantum_water	water	quantum	SET2_original	6					../alldata/quantum_liq/deepmd_data	6	-1103.478052
186	187	quantum_water	water	quantum	SET2_original	7					../alldata/quantum_liq/deepmd_data	7	-1103.432998
187	188	quantum_water	water	quantum	SET2_original	8					../alldata/quantum_liq/deepmd_data	8	-1103.495677
188	189	quantum_water	water	quantum	SET2_original	9					../alldata/quantum_liq/deepmd_data	9	-1103.474558
189	190	quantum_water	water	quantum	SET2_original	10					../alldata/quantum_liq/deepmd_data	10	-1103.399413
190	191	quantum_water	water	quantum	SET2_original	11					../alldata/quantum_liq/deepmd_data	11	-1103.429448
191	192	quantum_water	water	quantum	SET2_original	12					../alldata/quantum_liq/deepmd_data	12	-1103.479625
192	193	quantum_water	water	quantum	SET2_original	13					../alldata/quantum_liq/deepmd_data	13	-1103.437441
193	194	quantum_water	water	quantum	SET2_original	14					../alldata/quantum_liq/deepmd_data	14	-1103.441612
194	195	quantum_water	water	quantum	SET2_original	15					../alldata/quantum_liq/deepmd_data	15	-1103.457833
195	196	quantum_water	water	quantum	SET2_original	16					../alldata/quantum_liq/deepmd_data	16	-1103.557497
196	197	quantum_water	water	quantum	SET2_original	17					../alldata/quantum_liq/deepmd_data	17	-1103.442571
197	198	quantum_water	water	quantum	SET2_original	18					../alldata/quantum_liq/deepmd_data	18	-1103.468494
198	199	quantum_water	water	quantum	SET2_original	19					../alldata/quantum_liq/deepmd_data	19	-1103.468957
199	200	quantum_water	water	quantum	SET2_original	20					../alldata/quantum_liq/deepmd_data	20	-1103.335811
200	201	quantum_water	water	quantum	SET2_original	21					../alldata/quantum_liq/deepmd_data	21	-1103.505894
201	202	quantum_water	water	quantum	SET2_original	22					../alldata/quantum_liq/deepmd_data	22	-1103.504740
202	203	quantum_water	water	quantum	SET2_original	23					../alldata/quantum_liq/deepmd_data	23	-1103.414586
203	204	quantum_water	water	quantum	SET2_original	24					../alldata/quantum_liq/deepmd_data	24	-1103.326891
204	205	quantum_water	water	quantum	SET2_original	25					../alldata/quantum_liq/deepmd_data	25	-1103.461938
205	206	quantum_water	water	quantum	SET2_original	26					../alldata/quantum_liq/deepmd_data	26	-1103.491554
206	207	quantum_water	water	quantum	SET2_original	27					../alldata/quantum_liq/deepmd_data	27	-1103.465514
207	208	quantum_water	water	quantum	SET2_original	28					../alldata/quantum_liq/deepmd_data	28	-1103.604253
208	209	quantum_water	water	quantum	SET2_original	29					../alldata/quantum_liq/deepmd_data	29	-1103.438374
209	210	quantum_water	water	quantum	SET2_original	30					../alldata/quantum_liq/deepmd_data	30	-1103.506276
210	211	quantum_water	water	quantum	SET2_original	31					../alldata/quantum_liq/deepmd_data	31	-1103.455154
211	212	quantum_water	water	quantum	SET2_original	32					../alldata/quantum_liq/deepmd_data	32	-1103.388935
212	213	quantum_water	water	quantum	SET2_original	33					../alldata/quantum_liq/deepmd_data	33	-1103.443607
213	214	quantum_water	water	quantum	SET2_original	34					../alldata/quantum_liq/deepmd_data	34	-1103.537336
214	215	quantum_water	water	quantum	SET2_original	35					../alldata/quantum_liq/deepmd_data	35	-1103.479963
215	216	quantum_water	water	quantum	SET2_original	36					../alldata/quantum_liq/deepmd_data	36	-1103.416876
216	217	quantum_water	water	quantum	SET2_original	37					../alldata/quantum_liq/deepmd_data	37	-1103.460009
217	218	quantum_water	water	quantum	SET2_original	38					../alldata/quantum_liq/deepmd_data	38	-1103.251305
218	219	quantum_water	water	quantum	SET2_original	39					../alldata/quantum_liq/deepmd_data	39	-1103.434122
219	220	quantum_water	water	quantum	SET2_original	40					../alldata/quantum_liq/deepmd_data	40	-1103.444442
220	221	quantum_water	water	quantum	SET2_original	41					../alldata/quantum_liq/deepmd_data	41	-1103.329835
221	222	quantum_water	water	quantum	SET2_original	42					../alldata/quantum_liq/deepmd_data	42	-1103.279566
222	223	quantum_water	water	quantum	SET2_original	43					../alldata/quantum_liq/deepmd_data	43	-1103.316510
223	224	quantum_water	water	quantum	SET2_original	44					../alldata/quantum_liq/deepmd_data	44	-1103.508415
224	225	quantum_water	water	quantum	SET2_original	45					../alldata/quantum_liq/deepmd_data	45	-1103.359077
225	226	quantum_water	water	quantum	SET2_original	46					../alldata/quantum_liq/deepmd_data	46	-1103.471114
226	227	quantum_water	water	quantum	SET2_original	47					../alldata/quantum_liq/deepmd_data	47	-1103.444111
227	228	quantum_water	water	quantum	SET2_original	48					../alldata/quantum_liq/deepmd_data	48	-1103.482900
228	229	quantum_water	water	quantum	SET2_original	49					../alldata/quantum_liq/deepmd_data	49	-1103.342278
229	230	quantum_water	water	quantum	SET2_original	50					../alldata/quantum_liq/deepmd_data	50	-1103.397884
230	231	quantum_water	water	quantum	SET2_original	51					../alldata/quantum_liq/deepmd_data	51	-1103.445015
231	232	quantum_water	water	quantum	SET2_original	52					../alldata/quantum_liq/deepmd_data	52	-1103.451711
232	233	quantum_water	water	quantum	SET2_original	53					../alldata/quantum_liq/deepmd_data	53	-1103.334197
233	234	quantum_water	water	quantum	SET2_original	54					../alldata/quantum_liq/deepmd_data	54	-1103.519723
234	235	quantum_water	water	quantum	SET2_original	55					../alldata/quantum_liq/deepmd_data	55	-1103.500385
235	236	quantum_water	water	quantum	SET2_original	56					../alldata/quantum_liq/deepmd_data	56	-1103.408729
236	237	quantum_water	water	quantum	SET2_original	57					../alldata/quantum_liq/deepmd_data	57	-1103.437492
237	238	quantum_water	water	quantum	SET2_original	58					../alldata/quantum_liq/deepmd_data	58	-1103.417747
238	239	quantum_water	water	quantum	SET2_original	59					../alldata/quantum_liq/deepmd_data	59	-1103.413488
239	240	quantum_water	water	quantum	SET2_original	60					../alldata/quantum_liq/deepmd_data	60	-1103.368216
240	241	quantum_water	water	quantum	SET2_original	61					../alldata/quantum_liq/deepmd_data	61	-1103.520362
241	242	quantum_water	water	quantum	SET2_original	62					../alldata/quantum_liq/deepmd_data	62	-1103.341701
242	243	quantum_water	water	quantum	SET2_original	63					../alldata/quantum_liq/deepmd_data	63	-1103.325216
243	244	quantum_water	water	quantum	SET2_original	64					../alldata/quantum_liq/deepmd_data	64	-1103.438257
244	245	quantum_water	water	quantum	SET2_original	65					../alldata/quantum_liq/deepmd_data	65	-1103.393470
245	246	quantum_water	water	quantum	SET2_original	66					../alldata/quantum_liq/deepmd_data	66	-1103.391971
246	247	quantum_water	water	quantum	SET2_original	67					../alldata/quantum_liq/deepmd_data	67	-1103.446132
247	248	quantum_water	water	quantum	SET2_original	68					../alldata/quantum_liq/deepmd_data	68	-1103.404466
248	249	quantum_water	water	quantum	SET2_original	69					../alldata/quantum_liq/deepmd_data	69	-1103.456830
249	250	quantum_water	water	quantum	SET2_original	70					../alldata/quantum_liq/deepmd_data	70	-1103.375345
250	251	quantum_water	water	quantum	SET2_original	71					../alldata/quantum_liq/deepmd_data	71	-1103.355655
251	252	quantum_water	water	quantum	SET2_original	72					../alldata/quantum_liq/deepmd_data	72	-1103.413771
252	253	quantum_water	water	quantum	SET2_original	73					../alldata/quantum_liq/deepmd_data	73	-1103.270687
253	254	quantum_water	water	quantum	SET2_original	74					../alldata/quantum_liq/deepmd_data	74	-1103.327027
254	255	quantum_water	water	quantum	SET2_original	75					../alldata/quantum_liq/deepmd_data	75	-1103.269908
255	256	quantum_water	water	quantum	SET2_original	76					../alldata/quantum_liq/deepmd_data	76	-1103.322588
256	257	quantum_water	water	quantum	SET2_original	77					../alldata/quantum_liq/deepmd_data	77	-1103.408479
257	258	quantum_water	water	quantum	SET2_original	78					../alldata/quantum_liq/deepmd_data	78	-1103.407894
258	259	quantum_water	water	quantum	SET2_original	79					../alldata/quantum_liq/deepmd_data	79	-1103.444313
259	260	quantum_water	water	quantum	SET2_original	80					../alldata/quantum_liq/deepmd_data	80	-1103.406027
260	261	quantum_water	water	quantum	SET2_original	81					../alldata/quantum_liq/deepmd_data	81	-1103.336200
261	262	quantum_water	water	quantum	SET2_original	82					../alldata/quantum_liq/deepmd_data	82	-1103.331911
262	263	quantum_water	water	quantum	SET2_original	83					../alldata/quantum_liq/deepmd_data	83	-1103.284288
263	264	quantum_water	water	quantum	SET2_original	84					../alldata/quantum_liq/deepmd_data	84	-1103.412800
264	265	quantum_water	water	quantum	SET2_original	85					../alldata/quantum_liq/deepmd_data	85	-1103.399361
265	266	quantum_water	water	quantum	SET2_original	86					../alldata/quantum_liq/deepmd_data	86	-1103.322790
266	267	quantum_water	water	quantum	SET2_original	87					../alldata/quantum_liq/deepmd_data	87	-1103.400361
267	268	quantum_water	water	quantum	SET2_original	88					../alldata/quantum_liq/deepmd_data	88	-1103.449601
268	269	quantum_water	water	quantum	SET2_original	89					../alldata/quantum_liq/deepmd_data	89	-1103.424189
269	270	quantum_water	water	quantum	SET2_original	90					../alldata/quantum_liq/deepmd_data	90	-1103.314059
270	271	quantum_water	water	quantum	SET2_original	91					../alldata/quantum_liq/deepmd_data	91	-1103.423583
271	272	quantum_water	water	quantum	SET2_original	92					../alldata/quantum_liq/deepmd_data	92	-1103.382541
272	273	quantum_water	water	quantum	SET2_original	93					../alldata/quantum_liq/deepmd_data	93	-1103.329159
273	274	quantum_water	water	quantum	SET2_original	94					../alldata/quantum_liq/deepmd_data	94	-1103.285615
274	275	quantum_water	water	quantum	SET2_original	95					../alldata/quantum_liq/deepmd_data	95	-1103.322331
275	276	quantum_water	water	quantum	SET2_original	96					../alldata/quantum_liq/deepmd_data	96	-1103.242401
276	277	quantum_water	water	quantum	SET2_original	97					../alldata/quantum_liq/deepmd_data	97	-1103.231439
277	278	quantum_water	water	quantum	SET2_original	98					../alldata/quantum_liq/deepmd_data	98	-1103.448587
278	279	quantum_water	water	quantum	SET2_original	99					../alldata/quantum_liq/deepmd_data	99	-1103.314676
279	280	quantum_water	water	quantum	SET2_original	100					../alldata/quantum_liq/deepmd_data	100	-1103.476803
280	281	quantum_water	water	quantum	SET2_original	101					../alldata/quantum_liq/deepmd_data	101	-1103.278728
281	282	quantum_water	water	quantum	SET2_original	102					../alldata/quantum_liq/deepmd_data	102	-1103.310200
282	283	quantum_water	water	quantum	SET2_original	103					../alldata/quantum_liq/deepmd_data	103	-1103.335715
283	284	quantum_water	water	quantum	SET2_original	104					../alldata/quantum_liq/deepmd_data	104	-1103.380693
284	285	quantum_water	water	quantum	SET2_original	105					../alldata/quantum_liq/deepmd_data	105	-1103.230039
285	286	quantum_water	water	quantum	SET2_original	106					../alldata/quantum_liq/deepmd_data	106	-1103.322739
286	287	quantum_water	water	quantum	SET2_original	107					../alldata/quantum_liq/deepmd_data	107	-1103.334826
287	288	quantum_water	water	quantum	SET2_original	108					../alldata/quantum_liq/deepmd_data	108	-1103.379491
288	289	quantum_water	water	quantum	SET2_original	109					../alldata/quantum_liq/deepmd_data	109	-1103.309208
289	290	quantum_water	water	quantum	SET2_original	110					../alldata/quantum_liq/deepmd_data	110	-1103.364971
290	291	quantum_water	water	quantum	SET2_original	111					../alldata/quantum_liq/deepmd_data	111	-1103.262102
291	292	quantum_water	water	quantum	SET2_original	112					../alldata/quantum_liq/deepmd_data	112	-1103.412734
292	293	quantum_water	water	quantum	SET2_original	113					../alldata/quantum_liq/deepmd_data	113	-1103.350867
293	294	quantum_water	water	quantum	SET2_original	114					../alldata/quantum_liq/deepmd_data	114	-1103.122330
294	295	quantum_water	water	quantum	SET2_original	115					../alldata/quantum_liq/deepmd_data	115	-1103.439278
295	296	quantum_water	water	quantum	SET2_original	116					../alldata/quantum_liq/deepmd_data	116	-1103.237113
296	297	quantum_water	water	quantum	SET2_original	117					../alldata/quantum_liq/deepmd_data	117	-1103.352296
297	298	quantum_water	water	quantum	SET2_original	118					../alldata/quantum_liq/deepmd_data	118	-1103.222681
298	299	quantum_water	water	quantum	SET2_original	119					../alldata/quantum_liq/deepmd_data	119	-1103.248358
299	300	quantum_water	water	quantum	SET2_original	120					../alldata/quantum_liq/deepmd_data	120	-1103.258512
300	301	quantum_water	water	quantum	SET2_original	121					../alldata/quantum_liq/deepmd_data	121	-1103.183995
301	302	quantum_water	water	quantum	SET2_original	122					../alldata/quantum_liq/deepmd_data	122	-1103.353248
302	303	quantum_water	water	quantum	SET2_original	123					../alldata/quantum_liq/deepmd_data	123	-1103.222141
303	304	quantum_water	water	quantum	SET2_original	124					../alldata/quantum_liq/deepmd_data	124	-1103.227305
304	305	quantum_water	water	quantum	SET2_original	125					../alldata/quantum_liq/deepmd_data	125	-1103.293755
305	306	quantum_water	water	quantum	SET2_original	126					../alldata/quantum_liq/deepmd_data	126	-1103.435240
306	307	quantum_water	water	quantum	SET2_original	127					../alldata/quantum_liq/deepmd_data	127	-1103.168822
307	308	quantum_water	water	quantum	SET2_original	128					../alldata/quantum_liq/deepmd_data	128	-1103.409750
308	309	quantum_water	water	quantum	SET2_original	129					../alldata/quantum_liq/deepmd_data	129	-1103.316561
309	310	quantum_water	water	quantum	SET2_original	130					../alldata/quantum_liq/deepmd_data	130	-1103.236874
310	311	quantum_water	water	quantum	SET2_original	131					../alldata/quantum_liq/deepmd_data	131	-1103.421407
311	312	quantum_water	water	quantum	SET2_original	132					../alldata/quantum_liq/deepmd_data	132	-1103.141440
312	313	quantum_water	water	quantum	SET2_original	133					../alldata/quantum_liq/deepmd_data	133	-1103.342238
313	314	quantum_water	water	quantum	SET2_original	134					../alldata/quantum_liq/deepmd_data	134	-1103.232979
314	315	quantum_water	water	quantum	SET2_original	135					../alldata/quantum_liq/deepmd_data	135	-1103.240560
315	316	quantum_water	water	quantum	SET2_original	136					../alldata/quantum_liq/deepmd_data	136	-1103.341389
316	317	quantum_water	water	quantum	SET2_original	137					../alldata/quantum_liq/deepmd_data	137	-1103.291447
317	318	quantum_water	water	quantum	SET2_original	138					../alldata/quantum_liq/deepmd_data	138	-1103.286842
318	319	quantum_water	water	quantum	SET2_original	139					../alldata/quantum_liq/deepmd_data	139	-1103.322379
319	320	quantum_water	water	quantum	SET2_original	140					../alldata/quantum_liq/deepmd_data	140	-1103.189339
320	321	quantum_water	water	quantum	SET2_original	141					../alldata/quantum_liq/deepmd_data	141	-1103.221858
321	322	quantum_water	water	quantum	SET2_original	142					../alldata/quantum_liq/deepmd_data	142	-1103.293964
322	323	quantum_water	water	quantum	SET2_original	143					../alldata/quantum_liq/deepmd_data	143	-1103.332996
323	324	quantum_water	water	quantum	SET2_original	144					../alldata/quantum_liq/deepmd_data	144	-1103.401621
324	325	quantum_water	water	quantum	SET2_original	145					../alldata/quantum_liq/deepmd_data	145	-1103.299414
325	326	quantum_water	water	quantum	SET2_original	146					../alldata/quantum_liq/deepmd_data	146	-1103.326564
326	327	quantum_water	water	quantum	SET2_original	147					../alldata/quantum_liq/deepmd_data	147	-1103.279779
327	328	quantum_water	water	quantum	SET2_original	148					../alldata/quantum_liq/deepmd_data	148	-1103.338651
328	329	quantum_water	water	quantum	SET2_original	149					../alldata/quantum_liq/deepmd_data	149	-1103.422906
329	330	quantum_water	water	quantum	SET2_original	150					../alldata/quantum_liq/deepmd_data	150	-1103.095558
330	331	quantum_water	water	quantum	SET2_original	151					../alldata/quantum_liq/deepmd_data	151	-1103.064579
331	332	quantum_water	water	quantum	SET2_original	152					../alldata/quantum_liq/deepmd_data	152	-1103.337475
332	333	quantum_water	water	quantum	SET2_original	153					../alldata/quantum_liq/deepmd_data	153	-1103.162111
333	334	quantum_water	water	quantum	SET2_original	154					../alldata/quantum_liq/deepmd_data	154	-1103.147463
334	335	quantum_water	water	quantum	SET2_original	155					../alldata/quantum_liq/deepmd_data	155	-1103.183040
335	336	quantum_water	water	quantum	SET2_original	156					../alldata/quantum_liq/deepmd_data	156	-1103.262900
336	337	quantum_water	water	quantum	SET2_original	157					../alldata/quantum_liq/deepmd_data	157	-1103.175572
337	338	quantum_water	water	quantum	SET2_original	158					../alldata/quantum_liq/deepmd_data	158	-1103.174882
338	339	quantum_water	water	quantum	SET2_original	159					../alldata/quantum_liq/deepmd_data	159	-1103.208996
339	340	quantum_water	water	quantum	SET2_original	160					../alldata/quantum_liq/deepmd_data	160	-1103.188244
340	341	quantum_water	water	quantum	SET2_original	161					../alldata/quantum_liq/deepmd_data	161	-1103.376125
341	342	quantum_water	water	quantum	SET2_original	162					../alldata/quantum_liq/deepmd_data	162	-1103.199313
342	343	quantum_water	water	quantum	SET2_original	163					../alldata/quantum_liq/deepmd_data	163	-1103.208493
343	344	quantum_water	water	quantum	SET2_original	164					../alldata/quantum_liq/deepmd_data	164	-1103.288580
344	345	quantum_water	water	quantum	SET2_original	165					../alldata/quantum_liq/deepmd_data	165	-1103.288996
345	346	quantum_water	water	quantum	SET2_original	166					../alldata/quantum_liq/deepmd_data	166	-1103.304118
346	347	quantum_water	water	quantum	SET2_original	167					../alldata/quantum_liq/deepmd_data	167	-1103.293586
347	348	quantum_water	water	quantum	SET2_original	168					../alldata/quantum_liq/deepmd_data	168	-1103.212498
348	349	quantum_water	water	quantum	SET2_original	169					../alldata/quantum_liq/deepmd_data	169	-1103.248836
349	350	quantum_water	water	quantum	SET2_original	170					../alldata/quantum_liq/deepmd_data	170	-1103.266612
350	351	quantum_water	water	quantum	SET2_original	171					../alldata/quantum_liq/deepmd_data	171	-1103.419794
351	352	quantum_water	water	quantum	SET2_original	172					../alldata/quantum_liq/deepmd_data	172	-1103.208482
352	353	quantum_water	water	quantum	SET2_original	173					../alldata/quantum_liq/deepmd_data	173	-1103.284630
353	354	quantum_water	water	quantum	SET2_original	174					../alldata/quantum_liq/deepmd_data	174	-1103.217434
354	355	quantum_water	water	quantum	SET2_original	175					../alldata/quantum_liq/deepmd_data	175	-1103.277045
355	356	quantum_water	water	quantum	SET2_original	176					../alldata/quantum_liq/deepmd_data	176	-1103.313890
356	357	quantum_water	water	quantum	SET2_original	177					../alldata/quantum_liq/deepmd_data	177	-1103.324157
357	358	quantum_water	water	quantum	SET2_original	178					../alldata/quantum_liq/deepmd_data	178	-1103.203454
358	359	quantum_water	water	quantum	SET2_original	179					../alldata/quantum_liq/deepmd_data	179	-1103.205203
359	360	quantum_water	water	quantum	SET2_original	180					../alldata/quantum_liq/deepmd_data	180	-1103.167620
360	361	quantum_water	water	quantum	SET2_original	181					../alldata/quantum_liq/deepmd_data	181	-1103.307139
361	362	quantum_water	water	quantum	SET2_original	182					../alldata/quantum_liq/deepmd_data	182	-1103.172030
362	363	quantum_water	water	quantum	SET2_original	183					../alldata/quantum_liq/deepmd_data	183	-1103.030563
363	364	quantum_water	water	quantum	SET2_original	184					../alldata/quantum_liq/deepmd_data	184	-1103.276798
364	365	quantum_water	water	quantum	SET2_original	185					../alldata/quantum_liq/deepmd_data	185	-1103.206828
365	366	quantum_water	water	quantum	SET2_original	186					../alldata/quantum_liq/deepmd_data	186	-1103.226316
366	367	quantum_water	water	quantum	SET2_original	187					../alldata/quantum_liq/deepmd_data	187	-1103.247763
367	368	quantum_water	water	quantum	SET2_original	188					../alldata/quantum_liq/deepmd_data	188	-1103.279992
368	369	quantum_water	water	quantum	SET2_original	189					../alldata/quantum_liq/deepmd_data	189	-1103.366085
369	370	quantum_water	water	quantum	SET2_original	190					../alldata/quantum_liq/deepmd_data	190	-1103.308631
370	371	quantum_water	water	quantum	SET2_original	191					../alldata/quantum_liq/deepmd_data	191	-1103.134483
371	372	quantum_water	water	quantum	SET2_original	192					../alldata/quantum_liq/deepmd_data	192	-1103.321533
372	373	quantum_water	water	quantum	SET2_original	193					../alldata/quantum_liq/deepmd_data	193	-1103.319593
373	374	quantum_water	water	quantum	SET2_original	194					../alldata/quantum_liq/deepmd_data	194	-1103.131826
374	375	quantum_water	water	quantum	SET2_original	195					../alldata/quantum_liq/deepmd_data	195	-1103.294405
375	376	quantum_water	water	quantum	SET2_original	196					../alldata/quantum_liq/deepmd_data	196	-1103.297635
376	377	quantum_water	water	quantum	SET2_original	197					../alldata/quantum_liq/deepmd_data	197	-1103.286125
377	378	quantum_water	water	quantum	SET2_original	198					../alldata/quantum_liq/deepmd_data	198	-1103.353039
378	379	quantum_water	water	quantum	SET2_original	199					../alldata/quantum_liq/deepmd_data	199	-1103.308701
379	380	quantum_water	water	quantum	SET2_original	200					../alldata/quantum_liq/deepmd_data	200	-1103.227411
380	381	quantum_water	water	quantum	SET2_original	201					../alldata/quantum_liq/deepmd_data	201	-1103.370101
381	382	quantum_water	water	quantum	SET2_original	202					../alldata/quantum_liq/deepmd_data	202	-1103.341242
382	383	quantum_water	water	quantum	SET2_original	203					../alldata/quantum_liq/deepmd_data	203	-1103.161075
383	384	quantum_water	water	quantum	SET2_original	204					../alldata/quantum_liq/deepmd_data	204	-1103.296853
384	385	quantum_water	water	quantum	SET2_original	205					../alldata/quantum_liq/deepmd_data	205	-1103.279448
385	386	quantum_water	water	quantum	SET2_original	206					../alldata/quantum_liq/deepmd_data	206	-1103.429345
386	387	quantum_water	water	quantum	SET2_original	207					../alldata/quantum_liq/deepmd_data	207	-1103.524533
387	388	quantum_water	water	quantum	SET2_original	208					../alldata/quantum_liq/deepmd_data	208	-1103.541754
388	389	quantum_water	water	quantum	SET2_original	209					../alldata/quantum_liq/deepmd_data	209	-1103.458667
389	390	quantum_water	water	quantum	SET2_original	210					../alldata/quantum_liq/deepmd_data	210	-1103.423425
390	391	quantum_water	water	quantum	SET2_original	211					../alldata/quantum_liq/deepmd_data	211	-1103.589476
391	392	quantum_water	water	quantum	SET2_original	212					../alldata/quantum_liq/deepmd_data	212	-1103.493175
392	393	quantum_water	water	quantum	SET2_original	213					../alldata/quantum_liq/deepmd_data	213	-1103.437095
393	394	quantum_water	water	quantum	SET2_original	214					../alldata/quantum_liq/deepmd_data	214	-1103.272297
394	395	quantum_water	water	quantum	SET2_original	215					../alldata/quantum_liq/deepmd_data	215	-1103.493936
395	396	quantum_water	water	quantum	SET2_original	216					../alldata/quantum_liq/deepmd_data	216	-1103.377969
396	397	quantum_water	water	quantum	SET2_original	217					../alldata/quantum_liq/deepmd_data	217	-1103.398773
397	398	quantum_water	water	quantum	SET2_original	218					../alldata/quantum_liq/deepmd_data	218	-1103.534815
398	399	quantum_water	water	quantum	SET2_original	219					../alldata/quantum_liq/deepmd_data	219	-1103.518565
399	400	quantum_water	water	quantum	SET2_original	220					../alldata/quantum_liq/deepmd_data	220	-1103.590858
400	401	quantum_water	water	quantum	SET2_original	221					../alldata/quantum_liq/deepmd_data	221	-1103.575030
401	402	quantum_water	water	quantum	SET2_original	222					../alldata/quantum_liq/deepmd_data	222	-1103.481860
402	403	quantum_water	water	quantum	SET2_original	223					../alldata/quantum_liq/deepmd_data	223	-1103.289525
403	404	quantum_water	water	quantum	SET2_original	224					../alldata/quantum_liq/deepmd_data	224	-1103.280731
404	405	quantum_water	water	quantum	SET2_original	225					../alldata/quantum_liq/deepmd_data	225	-1103.504927
405	406	quantum_water	water	quantum	SET2_original	226					../alldata/quantum_liq/deepmd_data	226	-1103.463566
406	407	quantum_water	water	quantum	SET2_original	227					../alldata/quantum_liq/deepmd_data	227	-1103.374904
407	408	quantum_water	water	quantum	SET2_original	228					../alldata/quantum_liq/deepmd_data	228	-1103.499702
408	409	quantum_water	water	quantum	SET2_original	229					../alldata/quantum_liq/deepmd_data	229	-1103.520325
409	410	quantum_water	water	quantum	SET2_original	230					../alldata/quantum_liq/deepmd_data	230	-1103.459152
410	411	quantum_water	water	quantum	SET2_original	231					../alldata/quantum_liq/deepmd_data	231	-1103.447554
411	412	quantum_water	water	quantum	SET2_original	232					../alldata/quantum_liq/deepmd_data	232	-1103.384584
412	413	quantum_water	water	quantum	SET2_original	233					../alldata/quantum_liq/deepmd_data	233	-1103.489169
413	414	quantum_water	water	quantum	SET2_original	234					../alldata/quantum_liq/deepmd_data	234	-1103.612224
414	415	quantum_water	water	quantum	SET2_original	235					../alldata/quantum_liq/deepmd_data	235	-1103.507691
415	416	quantum_water	water	quantum	SET2_original	236					../alldata/quantum_liq/deepmd_data	236	-1103.492388
416	417	quantum_water	water	quantum	SET2_original	237					../alldata/quantum_liq/deepmd_data	237	-1103.400306
417	418	quantum_water	water	quantum	SET2_original	238					../alldata/quantum_liq/deepmd_data	238	-1103.439109
418	419	quantum_water	water	quantum	SET2_original	239					../alldata/quantum_liq/deepmd_data	239	-1103.488328
419	420	quantum_water	water	quantum	SET2_original	240					../alldata/quantum_liq/deepmd_data	240	-1103.402411
420	421	quantum_water	water	quantum	SET2_original	241					../alldata/quantum_liq/deepmd_data	241	-1103.431943
421	422	quantum_water	water	quantum	SET2_original	242					../alldata/quantum_liq/deepmd_data	242	-1103.496409
422	423	quantum_water	water	quantum	SET2_original	243					../alldata/quantum_liq/deepmd_data	243	-1103.357585
423	424	quantum_water	water	quantum	SET2_original	244					../alldata/quantum_liq/deepmd_data	244	-1103.449858
424	425	quantum_water	water	quantum	SET2_original	245					../alldata/quantum_liq/deepmd_data	245	-1103.403095
425	426	quantum_water	water	quantum	SET2_original	246					../alldata/quantum_liq/deepmd_data	246	-1103.390258
426	427	quantum_water	water	quantum	SET2_original	247					../alldata/quantum_liq/deepmd_data	247	-1103.388663
427	428	quantum_water	water	quantum	SET2_original	248					../alldata/quantum_liq/deepmd_data	248	-1103.412154
428	429	quantum_water	water	quantum	SET2_original	249					../alldata/quantum_liq/deepmd_data	249	-1103.406876
429	430	quantum_water	water	quantum	SET2_original	250					../alldata/quantum_liq/deepmd_data	250	-1103.434707
430	431	quantum_water	water	quantum	SET2_original	251					../alldata/quantum_liq/deepmd_data	251	-1103.392552
431	432	quantum_water	water	quantum	SET2_original	252					../alldata/quantum_liq/deepmd_data	252	-1103.344428
432	433	quantum_water	water	quantum	SET2_original	253					../alldata/quantum_liq/deepmd_data	253	-1103.292579
433	434	quantum_water	water	quantum	SET2_original	254					../alldata/quantum_liq/deepmd_data	254	-1103.341852
434	435	quantum_water	water	quantum	SET2_original	255					../alldata/quantum_liq/deepmd_data	255	-1103.325208
435	436	quantum_water	water	quantum	SET2_original	256					../alldata/quantum_liq/deepmd_data	256	-1103.520527
436	437	quantum_water	water	quantum	SET2_original	257					../alldata/quantum_liq/deepmd_data	257	-1103.357268
437	438	quantum_water	water	quantum	SET2_original	258					../alldata/quantum_liq/deepmd_data	258	-1103.361969
438	439	quantum_water	water	quantum	SET2_original	259					../alldata/quantum_liq/deepmd_data	259	-1103.248112
439	440	quantum_water	water	quantum	SET2_original	260					../alldata/quantum_liq/deepmd_data	260	-1103.208092
440	441	quantum_water	water	quantum	SET2_original	261					../alldata/quantum_liq/deepmd_data	261	-1103.466322
441	442	quantum_water	water	quantum	SET2_original	262					../alldata/quantum_liq/deepmd_data	262	-1103.360649
442	443	quantum_water	water	quantum	SET2_original	263					../alldata/quantum_liq/deepmd_data	263	-1103.361502
443	444	quantum_water	water	quantum	SET2_original	264					../alldata/quantum_liq/deepmd_data	264	-1103.355306
444	445	quantum_water	water	quantum	SET2_original	265					../alldata/quantum_liq/deepmd_data	265	-1103.391681
445	446	quantum_water	water	quantum	SET2_original	266					../alldata/quantum_liq/deepmd_data	266	-1103.451273
446	447	quantum_water	water	quantum	SET2_original	267					../alldata/quantum_liq/deepmd_data	267	-1103.603456
447	448	quantum_water	water	quantum	SET2_original	268					../alldata/quantum_liq/deepmd_data	268	-1103.381464
448	449	quantum_water	water	quantum	SET2_original	269					../alldata/quantum_liq/deepmd_data	269	-1103.435375
449	450	quantum_water	water	quantum	SET2_original	270					../alldata/quantum_liq/deepmd_data	270	-1103.457528
450	451	quantum_water	water	quantum	SET2_original	271					../alldata/quantum_liq/deepmd_data	271	-1103.516176
451	452	quantum_water	water	quantum	SET2_original	272					../alldata/quantum_liq/deepmd_data	272	-1103.447819
452	453	quantum_water	water	quantum	SET2_original	273					../alldata/quantum_liq/deepmd_data	273	-1103.308241
453	454	quantum_water	water	quantum	SET2_original	274					../alldata/quantum_liq/deepmd_data	274	-1103.473657
454	455	quantum_water	water	quantum	SET2_original	275					../alldata/quantum_liq/deepmd_data	275	-1103.439818
455	456	quantum_water	water	quantum	SET2_original	276					../alldata/quantum_liq/deepmd_data	276	-1103.381354
456	457	quantum_water	water	quantum	SET2_original	277					../alldata/quantum_liq/deepmd_data	277	-1103.240229
457	458	quantum_water	water	quantum	SET2_original	278					../alldata/quantum_liq/deepmd_data	278	-1103.424773
458	459	quantum_water	water	quantum	SET2_original	279					../alldata/quantum_liq/deepmd_data	279	-1103.498606
459	460	quantum_water	water	quantum	SET2_original	280					../alldata/quantum_liq/deepmd_data	280	-1103.413572
460	461	quantum_water	water	quantum	SET2_original	281					../alldata/quantum_liq/deepmd_data	281	-1103.464147
461	462	quantum_water	water	quantum	SET2_original	282					../alldata/quantum_liq/deepmd_data	282	-1103.333345
462	463	quantum_water	water	quantum	SET2_original	283					../alldata/quantum_liq/deepmd_data	283	-1103.406252
463	464	quantum_water	water	quantum	SET2_original	284					../alldata/quantum_liq/deepmd_data	284	-1103.329791
464	465	quantum_water	water	quantum	SET2_original	285					../alldata/quantum_liq/deepmd_data	285	-1103.398891
465	466	quantum_water	water	quantum	SET2_original	286					../alldata/quantum_liq/deepmd_data	286	-1103.447694
466	467	quantum_water	water	quantum	SET2_original	287					../alldata/quantum_liq/deepmd_data	287	-1103.370417
467	468	quantum_water	water	quantum	SET2_original	288					../alldata/quantum_liq/deepmd_data	288	-1103.348305
468	469	quantum_water	water	quantum	SET2_original	289					../alldata/quantum_liq/deepmd_data	289	-1103.270279
469	470	quantum_water	water	quantum	SET2_original	290					../alldata/quantum_liq/deepmd_data	290	-1103.321416
470	471	quantum_water	water	quantum	SET2_original	291					../alldata/quantum_liq/deepmd_data	291	-1103.434490
471	472	quantum_water	water	quantum	SET2_original	292					../alldata/quantum_liq/deepmd_data	292	-1103.391170
472	473	quantum_water	water	quantum	SET2_original	293					../alldata/quantum_liq/deepmd_data	293	-1103.412804
473	474	quantum_water	water	quantum	SET2_original	294					../alldata/quantum_liq/deepmd_data	294	-1103.370586
474	475	quantum_water	water	quantum	SET2_original	295					../alldata/quantum_liq/deepmd_data	295	-1103.328538
475	476	quantum_water	water	quantum	SET2_original	296					../alldata/quantum_liq/deepmd_data	296	-1103.327204
476	477	quantum_water	water	quantum	SET2_original	297					../alldata/quantum_liq/deepmd_data	297	-1103.412889
477	478	quantum_water	water	quantum	SET2_original	298					../alldata/quantum_liq/deepmd_data	298	-1103.392515
478	479	quantum_water	water	quantum	SET2_original	299					../alldata/quantum_liq/deepmd_data	299	-1103.533842
479	480	quantum_water	water	quantum	SET2_original	300					../alldata/quantum_liq/deepmd_data	300	-1103.405932
480	481	quantum_water	water	quantum	SET2_original	301					../alldata/quantum_liq/deepmd_data	301	-1103.446301
481	482	quantum_water	water	quantum	SET2_original	302					../alldata/quantum_liq/deepmd_data	302	-1103.280437
482	483	quantum_water	water	quantum	SET2_original	303					../alldata/quantum_liq/deepmd_data	303	-1103.472625
483	484	quantum_water	water	quantum	SET2_original	304					../alldata/quantum_liq/deepmd_data	304	-1103.460817
484	485	quantum_water	water	quantum	SET2_original	305					../alldata/quantum_liq/deepmd_data	305	-1103.402918
485	486	quantum_water	water	quantum	SET2_original	306					../alldata/quantum_liq/deepmd_data	306	-1103.459116
486	487	quantum_water	water	quantum	SET2_original	307					../alldata/quantum_liq/deepmd_data	307	-1103.415832
487	488	quantum_water	water	quantum	SET2_original	308					../alldata/quantum_liq/deepmd_data	308	-1103.346549
488	489	quantum_water	water	quantum	SET2_original	309					../alldata/quantum_liq/deepmd_data	309	-1103.358264
489	490	quantum_water	water	quantum	SET2_original	310					../alldata/quantum_liq/deepmd_data	310	-1103.185392
490	491	quantum_water	water	quantum	SET2_original	311					../alldata/quantum_liq/deepmd_data	311	-1103.217698
491	492	quantum_water	water	quantum	SET2_original	312					../alldata/quantum_liq/deepmd_data	312	-1103.411114
492	493	quantum_water	water	quantum	SET2_original	313					../alldata/quantum_liq/deepmd_data	313	-1103.446286
493	494	quantum_water	water	quantum	SET2_original	314					../alldata/quantum_liq/deepmd_data	314	-1103.401261
494	495	quantum_water	water	quantum	SET2_original	315					../alldata/quantum_liq/deepmd_data	315	-1103.452074
495	496	quantum_water	water	quantum	SET2_original	316					../alldata/quantum_liq/deepmd_data	316	-1103.328295
496	497	quantum_water	water	quantum	SET2_original	317					../alldata/quantum_liq/deepmd_data	317	-1103.209455
497	498	quantum_water	water	quantum	SET2_original	318					../alldata/quantum_liq/deepmd_data	318	-1103.382273
498	499	quantum_water	water	quantum	SET2_original	319					../alldata/quantum_liq/deepmd_data	319	-1103.342293
499	500	quantum_water	water	quantum	SET2_original	320					../alldata/quantum_liq/deepmd_data	320	-1103.312901
500	501	quantum_water	water	quantum	SET2_original	321					../alldata/quantum_liq/deepmd_data	321	-1103.422928
501	502	quantum_water	water	quantum	SET2_original	322					../alldata/quantum_liq/deepmd_data	322	-1103.355927
502	503	quantum_water	water	quantum	SET2_original	323					../alldata/quantum_liq/deepmd_data	323	-1103.269691
503	504	quantum_water	water	quantum	SET2_original	324					../alldata/quantum_liq/deepmd_data	324	-1103.354288
504	505	quantum_water	water	quantum	SET2_original	325					../alldata/quantum_liq/deepmd_data	325	-1103.216379
505	506	quantum_water	water	quantum	SET2_original	326					../alldata/quantum_liq/deepmd_data	326	-1103.240079
506	507	quantum_water	water	quantum	SET2_original	327					../alldata/quantum_liq/deepmd_data	327	-1103.324426
507	508	quantum_water	water	quantum	SET2_original	328					../alldata/quantum_liq/deepmd_data	328	-1103.262113
508	509	quantum_water	water	quantum	SET2_original	329					../alldata/quantum_liq/deepmd_data	329	-1103.237558
509	510	quantum_water	water	quantum	SET2_original	330					../alldata/quantum_liq/deepmd_data	330	-1103.460071
510	511	quantum_water	water	quantum	SET2_original	331					../alldata/quantum_liq/deepmd_data	331	-1103.570087
511	512	quantum_water	water	quantum	SET2_original	332					../alldata/quantum_liq/deepmd_data	332	-1103.371226
512	513	quantum_water	water	quantum	SET2_original	333					../alldata/quantum_liq/deepmd_data	333	-1103.304533
513	514	quantum_water	water	quantum	SET2_original	334					../alldata/quantum_liq/deepmd_data	334	-1103.169366
514	515	quantum_water	water	quantum	SET2_original	335					../alldata/quantum_liq/deepmd_data	335	-1103.222336
515	516	quantum_water	water	quantum	SET2_original	336					../alldata/quantum_liq/deepmd_data	336	-1103.378587
516	517	quantum_water	water	quantum	SET2_original	337					../alldata/quantum_liq/deepmd_data	337	-1103.278981
517	518	quantum_water	water	quantum	SET2_original	338					../alldata/quantum_liq/deepmd_data	338	-1103.350426
518	519	quantum_water	water	quantum	SET2_original	339					../alldata/quantum_liq/deepmd_data	339	-1103.463853
519	520	quantum_water	water	quantum	SET2_original	340					../alldata/quantum_liq/deepmd_data	340	-1103.376246
520	521	quantum_water	water	quantum	SET2_original	341					../alldata/quantum_liq/deepmd_data	341	-1103.389171
521	522	quantum_water	water	quantum	SET2_original	342					../alldata/quantum_liq/deepmd_data	342	-1103.264469
522	523	quantum_water	water	quantum	SET2_original	343					../alldata/quantum_liq/deepmd_data	343	-1103.159469
523	524	quantum_water	water	quantum	SET2_original	344					../alldata/quantum_liq/deepmd_data	344	-1103.311332
524	525	quantum_water	water	quantum	SET2_original	345					../alldata/quantum_liq/deepmd_data	345	-1103.308285
525	526	quantum_water	water	quantum	SET2_original	346					../alldata/quantum_liq/deepmd_data	346	-1103.201771
526	527	quantum_water	water	quantum	SET2_original	347					../alldata/quantum_liq/deepmd_data	347	-1103.311240
527	528	quantum_water	water	quantum	SET2_original	348					../alldata/quantum_liq/deepmd_data	348	-1103.439190
528	529	quantum_water	water	quantum	SET2_original	349					../alldata/quantum_liq/deepmd_data	349	-1103.237414
529	530	quantum_water	water	quantum	SET2_original	350					../alldata/quantum_liq/deepmd_data	350	-1103.297815
530	531	quantum_water	water	quantum	SET2_original	351					../alldata/quantum_liq/deepmd_data	351	-1103.246017
531	532	quantum_water	water	quantum	SET2_original	352					../alldata/quantum_liq/deepmd_data	352	-1103.390828
532	533	quantum_water	water	quantum	SET2_original	353					../alldata/quantum_liq/deepmd_data	353	-1103.390596
533	534	quantum_water	water	quantum	SET2_original	354					../alldata/quantum_liq/deepmd_data	354	-1103.288481
534	535	quantum_water	water	quantum	SET2_original	355					../alldata/quantum_liq/deepmd_data	355	-1103.433244
535	536	quantum_water	water	quantum	SET2_original	356					../alldata/quantum_liq/deepmd_data	356	-1103.338251
536	537	quantum_water	water	quantum	SET2_original	357					../alldata/quantum_liq/deepmd_data	357	-1103.164250
537	538	quantum_water	water	quantum	SET2_original	358					../alldata/quantum_liq/deepmd_data	358	-1103.272036
538	539	quantum_water	water	quantum	SET2_original	359					../alldata/quantum_liq/deepmd_data	359	-1103.167399
539	540	quantum_water	water	quantum	SET2_original	360					../alldata/quantum_liq/deepmd_data	360	-1103.230255
540	541	quantum_water	water	quantum	SET2_original	361					../alldata/quantum_liq/deepmd_data	361	-1103.294501
541	542	quantum_water	water	quantum	SET2_original	362					../alldata/quantum_liq/deepmd_data	362	-1103.316697
542	543	quantum_water	water	quantum	SET2_original	363					../alldata/quantum_liq/deepmd_data	363	-1103.403433
543	544	quantum_water	water	quantum	SET2_original	364					../alldata/quantum_liq/deepmd_data	364	-1103.260805
544	545	quantum_water	water	quantum	SET2_original	365					../alldata/quantum_liq/deepmd_data	365	-1103.240461
545	546	quantum_water	water	quantum	SET2_original	366					../alldata/quantum_liq/deepmd_data	366	-1103.311912
546	547	quantum_water	water	quantum	SET2_original	367					../alldata/quantum_liq/deepmd_data	367	-1103.275773
547	548	quantum_water	water	quantum	SET2_original	368					../alldata/quantum_liq/deepmd_data	368	-1103.194127
548	549	quantum_water	water	quantum	SET2_original	369					../alldata/quantum_liq/deepmd_data	369	-1103.159373
549	550	quantum_water	water	quantum	SET2_original	370					../alldata/quantum_liq/deepmd_data	370	-1103.221660
550	551	quantum_water	water	quantum	SET2_original	371					../alldata/quantum_liq/deepmd_data	371	-1103.247425
551	552	quantum_water	water	quantum	SET2_original	372					../alldata/quantum_liq/deepmd_data	372	-1103.063020
552	553	quantum_water	water	quantum	SET2_original	373					../alldata/quantum_liq/deepmd_data	373	-1103.201709
553	554	quantum_water	water	quantum	SET2_original	374					../alldata/quantum_liq/deepmd_data	374	-1103.159432
554	555	quantum_water	water	quantum	SET2_original	375					../alldata/quantum_liq/deepmd_data	375	-1103.190368
555	556	quantum_water	water	quantum	SET2_original	376					../alldata/quantum_liq/deepmd_data	376	-1103.086643
556	557	quantum_water	water	quantum	SET2_original	377					../alldata/quantum_liq/deepmd_data	377	-1103.193973
557	558	quantum_water	water	quantum	SET2_original	378					../alldata/quantum_liq/deepmd_data	378	-1103.291891
558	559	quantum_water	water	quantum	SET2_original	379					../alldata/quantum_liq/deepmd_data	379	-1103.209316
559	560	quantum_water	water	quantum	SET2_original	380					../alldata/quantum_liq/deepmd_data	380	-1103.044811
560	561	quantum_water	water	quantum	SET2_original	381					../alldata/quantum_liq/deepmd_data	381	-1103.313695
561	562	quantum_water	water	quantum	SET2_original	382					../alldata/quantum_liq/deepmd_data	382	-1103.149627
562	563	quantum_water	water	quantum	SET2_original	383					../alldata/quantum_liq/deepmd_data	383	-1103.119122
563	564	quantum_water	water	quantum	SET2_original	384					../alldata/quantum_liq/deepmd_data	384	-1103.238814
564	565	quantum_water	water	quantum	SET2_original	385					../alldata/quantum_liq/deepmd_data	385	-1103.316657
565	566	quantum_water	water	quantum	SET2_original	386					../alldata/quantum_liq/deepmd_data	386	-1103.351256
566	567	quantum_water	water	quantum	SET2_original	387					../alldata/quantum_liq/deepmd_data	387	-1103.338445
567	568	quantum_water	water	quantum	SET2_original	388					../alldata/quantum_liq/deepmd_data	388	-1103.128192
568	569	quantum_water	water	quantum	SET2_original	389					../alldata/quantum_liq/deepmd_data	389	-1103.271451
569	570	quantum_water	water	quantum	SET2_original	390					../alldata/quantum_liq/deepmd_data	390	-1103.173048
570	571	quantum_water	water	quantum	SET2_original	391					../alldata/quantum_liq/deepmd_data	391	-1103.316036
571	572	quantum_water	water	quantum	SET2_original	392					../alldata/quantum_liq/deepmd_data	392	-1103.381530
572	573	quantum_water	water	quantum	SET2_original	393					../alldata/quantum_liq/deepmd_data	393	-1103.370436
573	574	quantum_water	water	quantum	SET2_original	394					../alldata/quantum_liq/deepmd_data	394	-1103.184646
574	575	quantum_water	water	quantum	SET2_original	395					../alldata/quantum_liq/deepmd_data	395	-1103.286001
575	576	quantum_water	water	quantum	SET2_original	396					../alldata/quantum_liq/deepmd_data	396	-1103.243096
576	577	quantum_water	water	quantum	SET2_original	397					../alldata/quantum_liq/deepmd_data	397	-1103.214255
577	578	quantum_water	water	quantum	SET2_original	398					../alldata/quantum_liq/deepmd_data	398	-1103.276497
578	579	quantum_water	water	quantum	SET2_original	399					../alldata/quantum_liq/deepmd_data	399	-1103.267468
579	580	quantum_water	water	quantum	SET2_original	400					../alldata/quantum_liq/deepmd_data	400	-1103.257252
580	581	quantum_water	water	quantum	SET2_original	401					../alldata/quantum_liq/deepmd_data	401	-1103.216875
581	582	quantum_water	water	quantum	SET2_original	402					../alldata/quantum_liq/deepmd_data	402	-1103.370987
582	583	quantum_water	water	quantum	SET2_original	403					../alldata/quantum_liq/deepmd_data	403	-1103.172515
583	584	quantum_water	water	quantum	SET2_original	404					../alldata/quantum_liq/deepmd_data	404	-1103.161060
584	585	quantum_water	water	quantum	SET2_original	405					../alldata/quantum_liq/deepmd_data	405	-1103.205508
585	586	quantum_water	water	quantum	SET2_original	406					../alldata/quantum_liq/deepmd_data	406	-1103.356045
586	587	quantum_water	water	quantum	SET2_original	407					../alldata/quantum_liq/deepmd_data	407	-1103.519939
587	588	quantum_water	water	quantum	SET2_original	408					../alldata/quantum_liq/deepmd_data	408	-1103.440587
588	589	quantum_water	water	quantum	SET2_original	409					../alldata/quantum_liq/deepmd_data	409	-1103.495725
589	590	quantum_water	water	quantum	SET2_original	410					../alldata/quantum_liq/deepmd_data	410	-1103.463467
590	591	quantum_water	water	quantum	SET2_original	411					../alldata/quantum_liq/deepmd_data	411	-1103.598348
591	592	quantum_water	water	quantum	SET2_original	412					../alldata/quantum_liq/deepmd_data	412	-1103.353884
592	593	quantum_water	water	quantum	SET2_original	413					../alldata/quantum_liq/deepmd_data	413	-1103.597815
593	594	quantum_water	water	quantum	SET2_original	414					../alldata/quantum_liq/deepmd_data	414	-1103.513053
594	595	quantum_water	water	quantum	SET2_original	415					../alldata/quantum_liq/deepmd_data	415	-1103.479695
595	596	quantum_water	water	quantum	SET2_original	416					../alldata/quantum_liq/deepmd_data	416	-1103.330162
596	597	quantum_water	water	quantum	SET2_original	417					../alldata/quantum_liq/deepmd_data	417	-1103.475792
597	598	quantum_water	water	quantum	SET2_original	418					../alldata/quantum_liq/deepmd_data	418	-1103.426060
598	599	quantum_water	water	quantum	SET2_original	419					../alldata/quantum_liq/deepmd_data	419	-1103.526385
599	600	quantum_water	water	quantum	SET2_original	420					../alldata/quantum_liq/deepmd_data	420	-1103.402437
600	601	quantum_water	water	quantum	SET2_original	421					../alldata/quantum_liq/deepmd_data	421	-1103.536330
601	602	quantum_water	water	quantum	SET2_original	422					../alldata/quantum_liq/deepmd_data	422	-1103.544613
602	603	quantum_water	water	quantum	SET2_original	423					../alldata/quantum_liq/deepmd_data	423	-1103.387421
603	604	quantum_water	water	quantum	SET2_original	424					../alldata/quantum_liq/deepmd_data	424	-1103.451262
604	605	quantum_water	water	quantum	SET2_original	425					../alldata/quantum_liq/deepmd_data	425	-1103.516970
605	606	quantum_water	water	quantum	SET2_original	426					../alldata/quantum_liq/deepmd_data	426	-1103.531265
606	607	quantum_water	water	quantum	SET2_original	427					../alldata/quantum_liq/deepmd_data	427	-1103.367963
607	608	quantum_water	water	quantum	SET2_original	428					../alldata/quantum_liq/deepmd_data	428	-1103.396671
608	609	quantum_water	water	quantum	SET2_original	429					../alldata/quantum_liq/deepmd_data	429	-1103.476763
609	610	quantum_water	water	quantum	SET2_original	430					../alldata/quantum_liq/deepmd_data	430	-1103.354343
610	611	quantum_water	water	quantum	SET2_original	431					../alldata/quantum_liq/deepmd_data	431	-1103.410636
611	612	quantum_water	water	quantum	SET2_original	432					../alldata/quantum_liq/deepmd_data	432	-1103.472676
612	613	quantum_water	water	quantum	SET2_original	433					../alldata/quantum_liq/deepmd_data	433	-1103.473911
613	614	quantum_water	water	quantum	SET2_original	434					../alldata/quantum_liq/deepmd_data	434	-1103.568963
614	615	quantum_water	water	quantum	SET2_original	435					../alldata/quantum_liq/deepmd_data	435	-1103.470287
615	616	quantum_water	water	quantum	SET2_original	436					../alldata/quantum_liq/deepmd_data	436	-1103.357518
616	617	quantum_water	water	quantum	SET2_original	437					../alldata/quantum_liq/deepmd_data	437	-1103.477446
617	618	quantum_water	water	quantum	SET2_original	438					../alldata/quantum_liq/deepmd_data	438	-1103.375687
618	619	quantum_water	water	quantum	SET2_original	439					../alldata/quantum_liq/deepmd_data	439	-1103.526007
619	620	quantum_water	water	quantum	SET2_original	440					../alldata/quantum_liq/deepmd_data	440	-1103.435710
620	621	quantum_water	water	quantum	SET2_original	441					../alldata/quantum_liq/deepmd_data	441	-1103.417791
621	622	quantum_water	water	quantum	SET2_original	442					../alldata/quantum_liq/deepmd_data	442	-1103.525272
622	623	quantum_water	water	quantum	SET2_original	443					../alldata/quantum_liq/deepmd_data	443	-1103.389906
623	624	quantum_water	water	quantum	SET2_original	444					../alldata/quantum_liq/deepmd_data	444	-1103.402874
624	625	quantum_water	water	quantum	SET2_original	445					../alldata/quantum_liq/deepmd_data	445	-1103.224806
625	626	quantum_water	water	quantum	SET2_original	446					../alldata/quantum_liq/deepmd_data	446	-1103.339489
626	627	quantum_water	water	quantum	SET2_original	447					../alldata/quantum_liq/deepmd_data	447	-1103.418820
627	628	quantum_water	water	quantum	SET2_original	448					../alldata/quantum_liq/deepmd_data	448	-1103.448763
628	629	quantum_water	water	quantum	SET2_original	449					../alldata/quantum_liq/deepmd_data	449	-1103.377731
629	630	quantum_water	water	quantum	SET2_original	450					../alldata/quantum_liq/deepmd_data	450	-1103.335730
630	631	quantum_water	water	quantum	SET2_original	451					../alldata/quantum_liq/deepmd_data	451	-1103.455213
631	632	quantum_water	water	quantum	SET2_original	452					../alldata/quantum_liq/deepmd_data	452	-1103.377914
632	633	quantum_water	water	quantum	SET2_original	453					../alldata/quantum_liq/deepmd_data	453	-1103.128684
633	634	quantum_water	water	quantum	SET2_original	454					../alldata/quantum_liq/deepmd_data	454	-1103.467803
634	635	quantum_water	water	quantum	SET2_original	455					../alldata/quantum_liq/deepmd_data	455	-1103.493167
635	636	quantum_water	water	quantum	SET2_original	456					../alldata/quantum_liq/deepmd_data	456	-1103.511267
636	637	quantum_water	water	quantum	SET2_original	457					../alldata/quantum_liq/deepmd_data	457	-1103.356721
637	638	quantum_water	water	quantum	SET2_original	458					../alldata/quantum_liq/deepmd_data	458	-1103.432494
638	639	quantum_water	water	quantum	SET2_original	459					../alldata/quantum_liq/deepmd_data	459	-1103.452666
639	640	quantum_water	water	quantum	SET2_original	460					../alldata/quantum_liq/deepmd_data	460	-1103.417071
640	641	quantum_water	water	quantum	SET2_original	461					../alldata/quantum_liq/deepmd_data	461	-1103.397674
641	642	quantum_water	water	quantum	SET2_original	462					../alldata/quantum_liq/deepmd_data	462	-1103.434313
642	643	quantum_water	water	quantum	SET2_original	463					../alldata/quantum_liq/deepmd_data	463	-1103.306062
643	644	quantum_water	water	quantum	SET2_original	464					../alldata/quantum_liq/deepmd_data	464	-1103.205953
644	645	quantum_water	water	quantum	SET2_original	465					../alldata/quantum_liq/deepmd_data	465	-1103.432685
645	646	quantum_water	water	quantum	SET2_original	466					../alldata/quantum_liq/deepmd_data	466	-1103.328270
646	647	quantum_water	water	quantum	SET2_original	467					../alldata/quantum_liq/deepmd_data	467	-1103.489199
647	648	quantum_water	water	quantum	SET2_original	468					../alldata/quantum_liq/deepmd_data	468	-1103.384456
648	649	quantum_water	water	quantum	SET2_original	469					../alldata/quantum_liq/deepmd_data	469	-1103.419496
649	650	quantum_water	water	quantum	SET2_original	470					../alldata/quantum_liq/deepmd_data	470	-1103.439502
650	651	quantum_water	water	quantum	SET2_original	471					../alldata/quantum_liq/deepmd_data	471	-1103.390754
651	652	quantum_water	water	quantum	SET2_original	472					../alldata/quantum_liq/deepmd_data	472	-1103.449667
652	653	quantum_water	water	quantum	SET2_original	473					../alldata/quantum_liq/deepmd_data	473	-1103.477733
653	654	quantum_water	water	quantum	SET2_original	474					../alldata/quantum_liq/deepmd_data	474	-1103.330956
654	655	quantum_water	water	quantum	SET2_original	475					../alldata/quantum_liq/deepmd_data	475	-1103.237727
655	656	quantum_water	water	quantum	SET2_original	476					../alldata/quantum_liq/deepmd_data	476	-1103.577654
656	657	quantum_water	water	quantum	SET2_original	477					../alldata/quantum_liq/deepmd_data	477	-1103.335223
657	658	quantum_water	water	quantum	SET2_original	478					../alldata/quantum_liq/deepmd_data	478	-1103.333947
658	659	quantum_water	water	quantum	SET2_original	479					../alldata/quantum_liq/deepmd_data	479	-1103.416832
659	660	quantum_water	water	quantum	SET2_original	480					../alldata/quantum_liq/deepmd_data	480	-1103.302405
660	661	quantum_water	water	quantum	SET2_original	481					../alldata/quantum_liq/deepmd_data	481	-1103.202947
661	662	quantum_water	water	quantum	SET2_original	482					../alldata/quantum_liq/deepmd_data	482	-1103.233015
662	663	quantum_water	water	quantum	SET2_original	483					../alldata/quantum_liq/deepmd_data	483	-1103.163515
663	664	quantum_water	water	quantum	SET2_original	484					../alldata/quantum_liq/deepmd_data	484	-1103.273664
664	665	quantum_water	water	quantum	SET2_original	485					../alldata/quantum_liq/deepmd_data	485	-1103.452442
665	666	quantum_water	water	quantum	SET2_original	486					../alldata/quantum_liq/deepmd_data	486	-1103.344829
666	667	quantum_water	water	quantum	SET2_original	487					../alldata/quantum_liq/deepmd_data	487	-1103.392959
667	668	quantum_water	water	quantum	SET2_original	488					../alldata/quantum_liq/deepmd_data	488	-1103.292060
668	669	quantum_water	water	quantum	SET2_original	489					../alldata/quantum_liq/deepmd_data	489	-1103.217441
669	670	quantum_water	water	quantum	SET2_original	490					../alldata/quantum_liq/deepmd_data	490	-1103.363652
670	671	quantum_water	water	quantum	SET2_original	491					../alldata/quantum_liq/deepmd_data	491	-1103.314224
671	672	quantum_water	water	quantum	SET2_original	492					../alldata/quantum_liq/deepmd_data	492	-1103.353649
672	673	quantum_water	water	quantum	SET2_original	493					../alldata/quantum_liq/deepmd_data	493	-1103.286875
673	674	quantum_water	water	quantum	SET2_original	494					../alldata/quantum_liq/deepmd_data	494	-1103.311203
674	675	quantum_water	water	quantum	SET2_original	495					../alldata/quantum_liq/deepmd_data	495	-1103.180651
675	676	quantum_water	water	quantum	SET2_original	496					../alldata/quantum_liq/deepmd_data	496	-1103.291873
676	677	quantum_water	water	quantum	SET2_original	497					../alldata/quantum_liq/deepmd_data	497	-1103.216750
677	678	quantum_water	water	quantum	SET2_original	498					../alldata/quantum_liq/deepmd_data	498	-1103.239663
678	679	quantum_water	water	quantum	SET2_original	499					../alldata/quantum_liq/deepmd_data	499	-1103.307741
679	680	quantum_water	water	quantum	SET2_original	500					../alldata/quantum_liq/deepmd_data	500	-1103.363920
680	681	quantum_water	water	quantum	SET2_original	501					../alldata/quantum_liq/deepmd_data	501	-1103.123664
681	682	quantum_water	water	quantum	SET2_original	502					../alldata/quantum_liq/deepmd_data	502	-1103.320475
682	683	quantum_water	water	quantum	SET2_original	503					../alldata/quantum_liq/deepmd_data	503	-1103.265535
683	684	quantum_water	water	quantum	SET2_original	504					../alldata/quantum_liq/deepmd_data	504	-1103.199121
684	685	quantum_water	water	quantum	SET2_original	505					../alldata/quantum_liq/deepmd_data	505	-1103.239965
685	686	quantum_water	water	quantum	SET2_original	506					../alldata/quantum_liq/deepmd_data	506	-1103.147081
686	687	quantum_water	water	quantum	SET2_original	507					../alldata/quantum_liq/deepmd_data	507	-1103.278768
687	688	quantum_water	water	quantum	SET2_original	508					../alldata/quantum_liq/deepmd_data	508	-1103.183282
688	689	quantum_water	water	quantum	SET2_original	509					../alldata/quantum_liq/deepmd_data	509	-1103.293615
689	690	quantum_water	water	quantum	SET2_original	510					../alldata/quantum_liq/deepmd_data	510	-1103.354240
690	691	quantum_water	water	quantum	SET2_original	511					../alldata/quantum_liq/deepmd_data	511	-1103.181515
691	692	quantum_water	water	quantum	SET2_original	512					../alldata/quantum_liq/deepmd_data	512	-1103.356177
692	693	quantum_water	water	quantum	SET2_original	513					../alldata/quantum_liq/deepmd_data	513	-1103.310898
693	694	quantum_water	water	quantum	SET2_original	514					../alldata/quantum_liq/deepmd_data	514	-1103.176194
694	695	quantum_water	water	quantum	SET2_original	515					../alldata/quantum_liq/deepmd_data	515	-1103.197302
695	696	quantum_water	water	quantum	SET2_original	516					../alldata/quantum_liq/deepmd_data	516	-1103.369447
696	697	quantum_water	water	quantum	SET2_original	517					../alldata/quantum_liq/deepmd_data	517	-1103.308120
697	698	quantum_water	water	quantum	SET2_original	518					../alldata/quantum_liq/deepmd_data	518	-1103.275564
698	699	quantum_water	water	quantum	SET2_original	519					../alldata/quantum_liq/deepmd_data	519	-1103.458414
699	700	quantum_water	water	quantum	SET2_original	520					../alldata/quantum_liq/deepmd_data	520	-1103.415362
700	701	quantum_water	water	quantum	SET2_original	521					../alldata/quantum_liq/deepmd_data	521	-1103.370649
701	702	quantum_water	water	quantum	SET2_original	522					../alldata/quantum_liq/deepmd_data	522	-1103.444500
702	703	quantum_water	water	quantum	SET2_original	523					../alldata/quantum_liq/deepmd_data	523	-1103.447694
703	704	quantum_water	water	quantum	SET2_original	524					../alldata/quantum_liq/deepmd_data	524	-1103.451075
704	705	quantum_water	water	quantum	SET2_original	525					../alldata/quantum_liq/deepmd_data	525	-1103.394661
705	706	quantum_water	water	quantum	SET2_original	526					../alldata/quantum_liq/deepmd_data	526	-1103.332448
706	707	quantum_water	water	quantum	SET2_original	527					../alldata/quantum_liq/deepmd_data	527	-1103.359080
707	708	quantum_water	water	quantum	SET2_original	528					../alldata/quantum_liq/deepmd_data	528	-1103.599726
708	709	quantum_water	water	quantum	SET2_original	529					../alldata/quantum_liq/deepmd_data	529	-1103.344417
709	710	quantum_water	water	quantum	SET2_original	530					../alldata/quantum_liq/deepmd_data	530	-1103.520917
710	711	quantum_water	water	quantum	SET2_original	531					../alldata/quantum_liq/deepmd_data	531	-1103.399052
711	712	quantum_water	water	quantum	SET2_original	532					../alldata/quantum_liq/deepmd_data	532	-1103.592306
712	713	quantum_water	water	quantum	SET2_original	533					../alldata/quantum_liq/deepmd_data	533	-1103.444802
713	714	quantum_water	water	quantum	SET2_original	534					../alldata/quantum_liq/deepmd_data	534	-1103.395282
714	715	quantum_water	water	quantum	SET2_original	535					../alldata/quantum_liq/deepmd_data	535	-1103.322041
715	716	quantum_water	water	quantum	SET2_original	536					../alldata/quantum_liq/deepmd_data	536	-1103.452817
716	717	quantum_water	water	quantum	SET2_original	537					../alldata/quantum_liq/deepmd_data	537	-1103.617097
717	718	quantum_water	water	quantum	SET2_original	538					../alldata/quantum_liq/deepmd_data	538	-1103.336156
718	719	quantum_water	water	quantum	SET2_original	539					../alldata/quantum_liq/deepmd_data	539	-1103.562789
719	720	quantum_water	water	quantum	SET2_original	540					../alldata/quantum_liq/deepmd_data	540	-1103.468737
720	721	quantum_water	water	quantum	SET2_original	541					../alldata/quantum_liq/deepmd_data	541	-1103.445945
721	722	quantum_water	water	quantum	SET2_original	542					../alldata/quantum_liq/deepmd_data	542	-1103.429749
722	723	quantum_water	water	quantum	SET2_original	543					../alldata/quantum_liq/deepmd_data	543	-1103.437448
723	724	quantum_water	water	quantum	SET2_original	544					../alldata/quantum_liq/deepmd_data	544	-1103.483624
724	725	quantum_water	water	quantum	SET2_original	545					../alldata/quantum_liq/deepmd_data	545	-1103.386484
725	726	quantum_water	water	quantum	SET2_original	546					../alldata/quantum_liq/deepmd_data	546	-1103.423932
726	727	quantum_water	water	quantum	SET2_original	547					../alldata/quantum_liq/deepmd_data	547	-1103.519943
727	728	quantum_water	water	quantum	SET2_original	548					../alldata/quantum_liq/deepmd_data	548	-1103.502112
728	729	quantum_water	water	quantum	SET2_original	549					../alldata/quantum_liq/deepmd_data	549	-1103.477711
729	730	quantum_water	water	quantum	SET2_original	550					../alldata/quantum_liq/deepmd_data	550	-1103.338776
730	731	quantum_water	water	quantum	SET2_original	551					../alldata/quantum_liq/deepmd_data	551	-1103.372813
731	732	quantum_water	water	quantum	SET2_original	552					../alldata/quantum_liq/deepmd_data	552	-1103.517047
732	733	quantum_water	water	quantum	SET2_original	553					../alldata/quantum_liq/deepmd_data	553	-1103.404605
733	734	quantum_water	water	quantum	SET2_original	554					../alldata/quantum_liq/deepmd_data	554	-1103.332455
734	735	quantum_water	water	quantum	SET2_original	555					../alldata/quantum_liq/deepmd_data	555	-1103.237425
735	736	quantum_water	water	quantum	SET2_original	556					../alldata/quantum_liq/deepmd_data	556	-1103.316117
736	737	quantum_water	water	quantum	SET2_original	557					../alldata/quantum_liq/deepmd_data	557	-1103.271451
737	738	quantum_water	water	quantum	SET2_original	558					../alldata/quantum_liq/deepmd_data	558	-1103.287798
738	739	quantum_water	water	quantum	SET2_original	559					../alldata/quantum_liq/deepmd_data	559	-1103.414542
739	740	quantum_water	water	quantum	SET2_original	560					../alldata/quantum_liq/deepmd_data	560	-1103.289418
740	741	quantum_water	water	quantum	SET2_original	561					../alldata/quantum_liq/deepmd_data	561	-1103.257336
741	742	quantum_water	water	quantum	SET2_original	562					../alldata/quantum_liq/deepmd_data	562	-1103.408839
742	743	quantum_water	water	quantum	SET2_original	563					../alldata/quantum_liq/deepmd_data	563	-1103.395363
743	744	quantum_water	water	quantum	SET2_original	564					../alldata/quantum_liq/deepmd_data	564	-1103.350617
744	745	quantum_water	water	quantum	SET2_original	565					../alldata/quantum_liq/deepmd_data	565	-1103.254462
745	746	quantum_water	water	quantum	SET2_original	566					../alldata/quantum_liq/deepmd_data	566	-1103.487802
746	747	quantum_water	water	quantum	SET2_original	567					../alldata/quantum_liq/deepmd_data	567	-1103.448028
747	748	quantum_water	water	quantum	SET2_original	568					../alldata/quantum_liq/deepmd_data	568	-1103.371961
748	749	quantum_water	water	quantum	SET2_original	569					../alldata/quantum_liq/deepmd_data	569	-1103.298734
749	750	quantum_water	water	quantum	SET2_original	570					../alldata/quantum_liq/deepmd_data	570	-1103.273451
750	751	quantum_water	water	quantum	SET2_original	571					../alldata/quantum_liq/deepmd_data	571	-1103.428327
751	752	quantum_water	water	quantum	SET2_original	572					../alldata/quantum_liq/deepmd_data	572	-1103.398035
752	753	quantum_water	water	quantum	SET2_original	573					../alldata/quantum_liq/deepmd_data	573	-1103.298686
753	754	quantum_water	water	quantum	SET2_original	574					../alldata/quantum_liq/deepmd_data	574	-1103.191481
754	755	quantum_water	water	quantum	SET2_original	575					../alldata/quantum_liq/deepmd_data	575	-1103.385599
755	756	quantum_water	water	quantum	SET2_original	576					../alldata/quantum_liq/deepmd_data	576	-1103.312085
756	757	quantum_water	water	quantum	SET2_original	577					../alldata/quantum_liq/deepmd_data	577	-1103.280617
757	758	quantum_water	water	quantum	SET2_original	578					../alldata/quantum_liq/deepmd_data	578	-1103.225566
758	759	quantum_water	water	quantum	SET2_original	579					../alldata/quantum_liq/deepmd_data	579	-1103.356383
759	760	quantum_water	water	quantum	SET2_original	580					../alldata/quantum_liq/deepmd_data	580	-1103.293920
760	761	quantum_water	water	quantum	SET2_original	581					../alldata/quantum_liq/deepmd_data	581	-1103.236040
761	762	quantum_water	water	quantum	SET2_original	582					../alldata/quantum_liq/deepmd_data	582	-1103.328104
762	763	quantum_water	water	quantum	SET2_original	583					../alldata/quantum_liq/deepmd_data	583	-1103.339324
763	764	quantum_water	water	quantum	SET2_original	584					../alldata/quantum_liq/deepmd_data	584	-1103.222226
764	765	quantum_water	water	quantum	SET2_original	585					../alldata/quantum_liq/deepmd_data	585	-1103.323338
765	766	quantum_water	water	quantum	SET2_original	586					../alldata/quantum_liq/deepmd_data	586	-1103.221072
766	767	quantum_water	water	quantum	SET2_original	587					../alldata/quantum_liq/deepmd_data	587	-1103.287842
767	768	quantum_water	water	quantum	SET2_original	588					../alldata/quantum_liq/deepmd_data	588	-1103.331085
768	769	quantum_water	water	quantum	SET2_original	589					../alldata/quantum_liq/deepmd_data	589	-1103.261118
769	770	quantum_water	water	quantum	SET2_original	590					../alldata/quantum_liq/deepmd_data	590	-1103.171762
770	771	quantum_water	water	quantum	SET2_original	591					../alldata/quantum_liq/deepmd_data	591	-1103.181408
771	772	quantum_water	water	quantum	SET2_original	592					../alldata/quantum_liq/deepmd_data	592	-1103.273090
772	773	quantum_water	water	quantum	SET2_original	593					../alldata/quantum_liq/deepmd_data	593	-1103.243070
773	774	quantum_water	water	quantum	SET2_original	594					../alldata/quantum_liq/deepmd_data	594	-1103.221487
774	775	quantum_water	water	quantum	SET2_original	595					../alldata/quantum_liq/deepmd_data	595	-1103.120985
775	776	quantum_water	water	quantum	SET2_original	596					../alldata/quantum_liq/deepmd_data	596	-1103.305643
776	777	quantum_water	water	quantum	SET2_original	597					../alldata/quantum_liq/deepmd_data	597	-1103.267078
777	778	quantum_water	water	quantum	SET2_original	598					../alldata/quantum_liq/deepmd_data	598	-1103.401570
778	779	quantum_water	water	quantum	SET2_original	599					../alldata/quantum_liq/deepmd_data	599	-1103.229311
779	780	quantum_water	water	quantum	SET2_original	600					../alldata/quantum_liq/deepmd_data	600	-1103.320651
780	781	quantum_water	water	quantum	SET2_original	601					../alldata/quantum_liq/deepmd_data	601	-1103.459601
781	782	quantum_water	water	quantum	SET2_original	602					../alldata/quantum_liq/deepmd_data	602	-1103.316921
782	783	quantum_water	water	quantum	SET2_original	603					../alldata/quantum_liq/deepmd_data	603	-1103.321581
783	784	quantum_water	water	quantum	SET2_original	604					../alldata/quantum_liq/deepmd_data	604	-1103.207475
784	785	quantum_water	water	quantum	SET2_original	605					../alldata/quantum_liq/deepmd_data	605	-1103.304757
785	786	quantum_water	water	quantum	SET2_original	606					../alldata/quantum_liq/deepmd_data	606	-1103.195924
786	787	quantum_water	water	quantum	SET2_original	607					../alldata/quantum_liq/deepmd_data	607	-1103.296878
787	788	quantum_water	water	quantum	SET2_original	608					../alldata/quantum_liq/deepmd_data	608	-1103.164878
788	789	quantum_water	water	quantum	SET2_original	609					../alldata/quantum_liq/deepmd_data	609	-1103.257659
789	790	quantum_water	water	quantum	SET2_original	610					../alldata/quantum_liq/deepmd_data	610	-1103.432340
790	791	quantum_water	water	quantum	SET2_original	611					../alldata/quantum_liq/deepmd_data	611	-1103.301031
791	792	quantum_water	water	quantum	SET2_original	612					../alldata/quantum_liq/deepmd_data	612	-1103.393452
792	793	quantum_water	water	quantum	SET2_original	613					../alldata/quantum_liq/deepmd_data	613	-1103.423189
793	794	quantum_water	water	quantum	SET2_original	614					../alldata/quantum_liq/deepmd_data	614	-1103.504424
794	795	quantum_water	water	quantum	SET2_original	615					../alldata/quantum_liq/deepmd_data	615	-1103.398843
795	796	quantum_water	water	quantum	SET2_original	616					../alldata/quantum_liq/deepmd_data	616	-1103.421216
796	797	quantum_water	water	quantum	SET2_original	617					../alldata/quantum_liq/deepmd_data	617	-1103.393944
797	798	quantum_water	water	quantum	SET2_original	618					../alldata/quantum_liq/deepmd_data	618	-1103.498485
798	799	quantum_water	water	quantum	SET2_original	619					../alldata/quantum_liq/deepmd_data	619	-1103.364747
799	800	quantum_water	water	quantum	SET2_original	620					../alldata/quantum_liq/deepmd_data	620	-1103.479078
800	801	quantum_water	water	quantum	SET2_original	621					../alldata/quantum_liq/deepmd_data	621	-1103.400710
801	802	quantum_water	water	quantum	SET2_original	622					../alldata/quantum_liq/deepmd_data	622	-1103.240159
802	803	quantum_water	water	quantum	SET2_original	623					../alldata/quantum_liq/deepmd_data	623	-1103.406005
803	804	quantum_water	water	quantum	SET2_original	624					../alldata/quantum_liq/deepmd_data	624	-1103.482003
804	805	quantum_water	water	quantum	SET2_original	625					../alldata/quantum_liq/deepmd_data	625	-1103.409846
805	806	quantum_water	water	quantum	SET2_original	626					../alldata/quantum_liq/deepmd_data	626	-1103.492734
806	807	quantum_water	water	quantum	SET2_original	627					../alldata/quantum_liq/deepmd_data	627	-1103.404076
807	808	quantum_water	water	quantum	SET2_original	628					../alldata/quantum_liq/deepmd_data	628	-1103.364130
808	809	quantum_water	water	quantum	SET2_original	629					../alldata/quantum_liq/deepmd_data	629	-1103.284420
809	810	quantum_water	water	quantum	SET2_original	630					../alldata/quantum_liq/deepmd_data	630	-1103.410669
810	811	quantum_water	water	quantum	SET2_original	631					../alldata/quantum_liq/deepmd_data	631	-1103.496699
811	812	quantum_water	water	quantum	SET2_original	632					../alldata/quantum_liq/deepmd_data	632	-1103.419279
812	813	quantum_water	water	quantum	SET2_original	633					../alldata/quantum_liq/deepmd_data	633	-1103.511935
813	814	quantum_water	water	quantum	SET2_original	634					../alldata/quantum_liq/deepmd_data	634	-1103.457098
814	815	quantum_water	water	quantum	SET2_original	635					../alldata/quantum_liq/deepmd_data	635	-1103.459402
815	816	quantum_water	water	quantum	SET2_original	636					../alldata/quantum_liq/deepmd_data	636	-1103.461387
816	817	quantum_water	water	quantum	SET2_original	637					../alldata/quantum_liq/deepmd_data	637	-1103.583189
817	818	quantum_water	water	quantum	SET2_original	638					../alldata/quantum_liq/deepmd_data	638	-1103.319325
818	819	quantum_water	water	quantum	SET2_original	639					../alldata/quantum_liq/deepmd_data	639	-1103.364449
819	820	quantum_water	water	quantum	SET2_original	640					../alldata/quantum_liq/deepmd_data	640	-1103.414436
820	821	quantum_water	water	quantum	SET2_original	641					../alldata/quantum_liq/deepmd_data	641	-1103.315992
821	822	quantum_water	water	quantum	SET2_original	642					../alldata/quantum_liq/deepmd_data	642	-1103.367286
822	823	quantum_water	water	quantum	SET2_original	643					../alldata/quantum_liq/deepmd_data	643	-1103.407814
823	824	quantum_water	water	quantum	SET2_original	644					../alldata/quantum_liq/deepmd_data	644	-1103.363207
824	825	quantum_water	water	quantum	SET2_original	645					../alldata/quantum_liq/deepmd_data	645	-1103.357765
825	826	quantum_water	water	quantum	SET2_original	646					../alldata/quantum_liq/deepmd_data	646	-1103.359043
826	827	quantum_water	water	quantum	SET2_original	647					../alldata/quantum_liq/deepmd_data	647	-1103.407203
827	828	quantum_water	water	quantum	SET2_original	648					../alldata/quantum_liq/deepmd_data	648	-1103.377448
828	829	quantum_water	water	quantum	SET2_original	649					../alldata/quantum_liq/deepmd_data	649	-1103.419478
829	830	quantum_water	water	quantum	SET2_original	650					../alldata/quantum_liq/deepmd_data	650	-1103.311699
830	831	quantum_water	water	quantum	SET2_original	651					../alldata/quantum_liq/deepmd_data	651	-1103.223291
831	832	quantum_water	water	quantum	SET2_original	652					../alldata/quantum_liq/deepmd_data	652	-1103.364938
832	833	quantum_water	water	quantum	SET2_original	653					../alldata/quantum_liq/deepmd_data	653	-1103.251813
833	834	quantum_water	water	quantum	SET2_original	654					../alldata/quantum_liq/deepmd_data	654	-1103.306356
834	835	quantum_water	water	quantum	SET2_original	655					../alldata/quantum_liq/deepmd_data	655	-1103.288797
835	836	quantum_water	water	quantum	SET2_original	656					../alldata/quantum_liq/deepmd_data	656	-1103.254738
836	837	quantum_water	water	quantum	SET2_original	657					../alldata/quantum_liq/deepmd_data	657	-1103.310777
837	838	quantum_water	water	quantum	SET2_original	658					../alldata/quantum_liq/deepmd_data	658	-1103.371586
838	839	quantum_water	water	quantum	SET2_original	659					../alldata/quantum_liq/deepmd_data	659	-1103.363711
839	840	quantum_water	water	quantum	SET2_original	660					../alldata/quantum_liq/deepmd_data	660	-1103.271323
840	841	quantum_water	water	quantum	SET2_original	661					../alldata/quantum_liq/deepmd_data	661	-1103.423325
841	842	quantum_water	water	quantum	SET2_original	662					../alldata/quantum_liq/deepmd_data	662	-1103.304280
842	843	quantum_water	water	quantum	SET2_original	663					../alldata/quantum_liq/deepmd_data	663	-1103.322235
843	844	quantum_water	water	quantum	SET2_original	664					../alldata/quantum_liq/deepmd_data	664	-1103.254863
844	845	quantum_water	water	quantum	SET2_original	665					../alldata/quantum_liq/deepmd_data	665	-1103.425167
845	846	quantum_water	water	quantum	SET2_original	666					../alldata/quantum_liq/deepmd_data	666	-1103.309884
846	847	quantum_water	water	quantum	SET2_original	667					../alldata/quantum_liq/deepmd_data	667	-1103.265968
847	848	quantum_water	water	quantum	SET2_original	668					../alldata/quantum_liq/deepmd_data	668	-1103.322695
848	849	quantum_water	water	quantum	SET2_original	669					../alldata/quantum_liq/deepmd_data	669	-1103.263628
849	850	quantum_water	water	quantum	SET2_original	670					../alldata/quantum_liq/deepmd_data	670	-1103.267295
850	851	quantum_water	water	quantum	SET2_original	671					../alldata/quantum_liq/deepmd_data	671	-1103.166400
851	852	quantum_water	water	quantum	SET2_original	672					../alldata/quantum_liq/deepmd_data	672	-1103.245275
852	853	quantum_water	water	quantum	SET2_original	673					../alldata/quantum_liq/deepmd_data	673	-1103.230884
853	854	quantum_water	water	quantum	SET2_original	674					../alldata/quantum_liq/deepmd_data	674	-1103.274829
854	855	quantum_water	water	quantum	SET2_original	675					../alldata/quantum_liq/deepmd_data	675	-1103.375801
855	856	quantum_water	water	quantum	SET2_original	676					../alldata/quantum_liq/deepmd_data	676	-1103.380906
856	857	quantum_water	water	quantum	SET2_original	677					../alldata/quantum_liq/deepmd_data	677	-1103.272819
857	858	quantum_water	water	quantum	SET2_original	678					../alldata/quantum_liq/deepmd_data	678	-1103.314004
858	859	quantum_water	water	quantum	SET2_original	679					../alldata/quantum_liq/deepmd_data	679	-1103.183194
859	860	quantum_water	water	quantum	SET2_original	680					../alldata/quantum_liq/deepmd_data	680	-1103.261243
860	861	quantum_water	water	quantum	SET2_original	681					../alldata/quantum_liq/deepmd_data	681	-1103.080101
861	862	quantum_water	water	quantum	SET2_original	682					../alldata/quantum_liq/deepmd_data	682	-1103.168796
862	863	quantum_water	water	quantum	SET2_original	683					../alldata/quantum_liq/deepmd_data	683	-1103.390457
863	864	quantum_water	water	quantum	SET2_original	684					../alldata/quantum_liq/deepmd_data	684	-1103.135659
864	865	quantum_water	water	quantum	SET2_original	685					../alldata/quantum_liq/deepmd_data	685	-1103.405443
865	866	quantum_water	water	quantum	SET2_original	686					../alldata/quantum_liq/deepmd_data	686	-1103.474157
866	867	quantum_water	water	quantum	SET2_original	687					../alldata/quantum_liq/deepmd_data	687	-1103.474620
867	868	quantum_water	water	quantum	SET2_original	688					../alldata/quantum_liq/deepmd_data	688	-1103.394598
868	869	quantum_water	water	quantum	SET2_original	689					../alldata/quantum_liq/deepmd_data	689	-1103.478556
869	870	quantum_water	water	quantum	SET2_original	690					../alldata/quantum_liq/deepmd_data	690	-1103.462147
870	871	quantum_water	water	quantum	SET2_original	691					../alldata/quantum_liq/deepmd_data	691	-1103.507073
871	872	quantum_water	water	quantum	SET2_original	692					../alldata/quantum_liq/deepmd_data	692	-1103.441630
872	873	quantum_water	water	quantum	SET2_original	693					../alldata/quantum_liq/deepmd_data	693	-1103.436776
873	874	quantum_water	water	quantum	SET2_original	694					../alldata/quantum_liq/deepmd_data	694	-1103.483903
874	875	quantum_water	water	quantum	SET2_original	695					../alldata/quantum_liq/deepmd_data	695	-1103.421021
875	876	quantum_water	water	quantum	SET2_original	696					../alldata/quantum_liq/deepmd_data	696	-1103.481268
876	877	quantum_water	water	quantum	SET2_original	697					../alldata/quantum_liq/deepmd_data	697	-1103.539141
877	878	quantum_water	water	quantum	SET2_original	698					../alldata/quantum_liq/deepmd_data	698	-1103.408420
878	879	quantum_water	water	quantum	SET2_original	699					../alldata/quantum_liq/deepmd_data	699	-1103.499665
879	880	quantum_water	water	quantum	SET2_original	700					../alldata/quantum_liq/deepmd_data	700	-1103.574016
880	881	quantum_water	water	quantum	SET2_original	701					../alldata/quantum_liq/deepmd_data	701	-1103.408328
881	882	quantum_water	water	quantum	SET2_original	702					../alldata/quantum_liq/deepmd_data	702	-1103.559066
882	883	quantum_water	water	quantum	SET2_original	703					../alldata/quantum_liq/deepmd_data	703	-1103.491245
883	884	quantum_water	water	quantum	SET2_original	704					../alldata/quantum_liq/deepmd_data	704	-1103.354097
884	885	quantum_water	water	quantum	SET2_original	705					../alldata/quantum_liq/deepmd_data	705	-1103.451549
885	886	quantum_water	water	quantum	SET2_original	706					../alldata/quantum_liq/deepmd_data	706	-1103.455981
886	887	quantum_water	water	quantum	SET2_original	707					../alldata/quantum_liq/deepmd_data	707	-1103.318549
887	888	quantum_water	water	quantum	SET2_original	708					../alldata/quantum_liq/deepmd_data	708	-1103.455389
888	889	quantum_water	water	quantum	SET2_original	709					../alldata/quantum_liq/deepmd_data	709	-1103.372659
889	890	quantum_water	water	quantum	SET2_original	710					../alldata/quantum_liq/deepmd_data	710	-1103.419775
890	891	quantum_water	water	quantum	SET2_original	711					../alldata/quantum_liq/deepmd_data	711	-1103.381115
891	892	quantum_water	water	quantum	SET2_original	712					../alldata/quantum_liq/deepmd_data	712	-1103.421591
892	893	quantum_water	water	quantum	SET2_original	713					../alldata/quantum_liq/deepmd_data	713	-1103.437301
893	894	quantum_water	water	quantum	SET2_original	714					../alldata/quantum_liq/deepmd_data	714	-1103.286820
894	895	quantum_water	water	quantum	SET2_original	715					../alldata/quantum_liq/deepmd_data	715	-1103.469850
895	896	quantum_water	water	quantum	SET2_original	716					../alldata/quantum_liq/deepmd_data	716	-1103.411591
896	897	quantum_water	water	quantum	SET2_original	717					../alldata/quantum_liq/deepmd_data	717	-1103.332793
897	898	quantum_water	water	quantum	SET2_original	718					../alldata/quantum_liq/deepmd_data	718	-1103.365405
898	899	quantum_water	water	quantum	SET2_original	719					../alldata/quantum_liq/deepmd_data	719	-1103.459329
899	900	quantum_water	water	quantum	SET2_original	720					../alldata/quantum_liq/deepmd_data	720	-1103.384489
900	901	quantum_water	water	quantum	SET2_original	721					../alldata/quantum_liq/deepmd_data	721	-1103.303343
901	902	quantum_water	water	quantum	SET2_original	722					../alldata/quantum_liq/deepmd_data	722	-1103.319534
902	903	quantum_water	water	quantum	SET2_original	723					../alldata/quantum_liq/deepmd_data	723	-1103.474822
903	904	quantum_water	water	quantum	SET2_original	724					../alldata/quantum_liq/deepmd_data	724	-1103.376959
904	905	quantum_water	water	quantum	SET2_original	725					../alldata/quantum_liq/deepmd_data	725	-1103.391346
905	906	quantum_water	water	quantum	SET2_original	726					../alldata/quantum_liq/deepmd_data	726	-1103.222395
906	907	quantum_water	water	quantum	SET2_original	727					../alldata/quantum_liq/deepmd_data	727	-1103.431226
907	908	quantum_water	water	quantum	SET2_original	728					../alldata/quantum_liq/deepmd_data	728	-1103.235650
908	909	quantum_water	water	quantum	SET2_original	729					../alldata/quantum_liq/deepmd_data	729	-1103.300494
909	910	quantum_water	water	quantum	SET2_original	730					../alldata/quantum_liq/deepmd_data	730	-1103.361076
910	911	quantum_water	water	quantum	SET2_original	731					../alldata/quantum_liq/deepmd_data	731	-1103.378050
911	912	quantum_water	water	quantum	SET2_original	732					../alldata/quantum_liq/deepmd_data	732	-1103.452291
912	913	quantum_water	water	quantum	SET2_original	733					../alldata/quantum_liq/deepmd_data	733	-1103.282623
913	914	quantum_water	water	quantum	SET2_original	734					../alldata/quantum_liq/deepmd_data	734	-1103.338394
914	915	quantum_water	water	quantum	SET2_original	735					../alldata/quantum_liq/deepmd_data	735	-1103.260041
915	916	quantum_water	water	quantum	SET2_original	736					../alldata/quantum_liq/deepmd_data	736	-1103.348133
916	917	quantum_water	water	quantum	SET2_original	737					../alldata/quantum_liq/deepmd_data	737	-1103.079223
917	918	quantum_water	water	quantum	SET2_original	738					../alldata/quantum_liq/deepmd_data	738	-1103.360304
918	919	quantum_water	water	quantum	SET2_original	739					../alldata/quantum_liq/deepmd_data	739	-1103.287426
919	920	quantum_water	water	quantum	SET2_original	740					../alldata/quantum_liq/deepmd_data	740	-1103.260232
920	921	quantum_water	water	quantum	SET2_original	741					../alldata/quantum_liq/deepmd_data	741	-1103.208621
921	922	quantum_water	water	quantum	SET2_original	742					../alldata/quantum_liq/deepmd_data	742	-1103.331360
922	923	quantum_water	water	quantum	SET2_original	743					../alldata/quantum_liq/deepmd_data	743	-1103.237377
923	924	quantum_water	water	quantum	SET2_original	744					../alldata/quantum_liq/deepmd_data	744	-1103.320262
924	925	quantum_water	water	quantum	SET2_original	745					../alldata/quantum_liq/deepmd_data	745	-1103.267648
925	926	quantum_water	water	quantum	SET2_original	746					../alldata/quantum_liq/deepmd_data	746	-1103.183771
926	927	quantum_water	water	quantum	SET2_original	747					../alldata/quantum_liq/deepmd_data	747	-1103.257983
927	928	quantum_water	water	quantum	SET2_original	748					../alldata/quantum_liq/deepmd_data	748	-1103.298808
928	929	quantum_water	water	quantum	SET2_original	749					../alldata/quantum_liq/deepmd_data	749	-1103.437937
929	930	quantum_water	water	quantum	SET2_original	750					../alldata/quantum_liq/deepmd_data	750	-1103.338475
930	931	quantum_water	water	quantum	SET2_original	751					../alldata/quantum_liq/deepmd_data	751	-1103.576081
931	932	quantum_water	water	quantum	SET2_original	752					../alldata/quantum_liq/deepmd_data	752	-1103.405616
932	933	quantum_water	water	quantum	SET2_original	753					../alldata/quantum_liq/deepmd_data	753	-1103.548038
933	934	quantum_water	water	quantum	SET2_original	754					../alldata/quantum_liq/deepmd_data	754	-1103.363266
934	935	quantum_water	water	quantum	SET2_original	755					../alldata/quantum_liq/deepmd_data	755	-1103.483734
935	936	quantum_water	water	quantum	SET2_original	756					../alldata/quantum_liq/deepmd_data	756	-1103.417192
936	937	quantum_water	water	quantum	SET2_original	757					../alldata/quantum_liq/deepmd_data	757	-1103.390343
937	938	quantum_water	water	quantum	SET2_original	758					../alldata/quantum_liq/deepmd_data	758	-1103.492451
938	939	quantum_water	water	quantum	SET2_original	759					../alldata/quantum_liq/deepmd_data	759	-1103.497658
939	940	quantum_water	water	quantum	SET2_original	760					../alldata/quantum_liq/deepmd_data	760	-1103.376720
940	941	quantum_water	water	quantum	SET2_original	761					../alldata/quantum_liq/deepmd_data	761	-1103.354329
941	942	quantum_water	water	quantum	SET2_original	762					../alldata/quantum_liq/deepmd_data	762	-1103.329155
942	943	quantum_water	water	quantum	SET2_original	763					../alldata/quantum_liq/deepmd_data	763	-1103.455915
943	944	quantum_water	water	quantum	SET2_original	764					../alldata/quantum_liq/deepmd_data	764	-1103.434648
944	945	quantum_water	water	quantum	SET2_original	765					../alldata/quantum_liq/deepmd_data	765	-1103.445709
945	946	quantum_water	water	quantum	SET2_original	766					../alldata/quantum_liq/deepmd_data	766	-1103.475113
946	947	quantum_water	water	quantum	SET2_original	767					../alldata/quantum_liq/deepmd_data	767	-1103.534948
947	948	quantum_water	water	quantum	SET2_original	768					../alldata/quantum_liq/deepmd_data	768	-1103.440090
948	949	quantum_water	water	quantum	SET2_original	769					../alldata/quantum_liq/deepmd_data	769	-1103.343903
949	950	quantum_water	water	quantum	SET2_original	770					../alldata/quantum_liq/deepmd_data	770	-1103.324709
950	951	quantum_water	water	quantum	SET2_original	771					../alldata/quantum_liq/deepmd_data	771	-1103.328328
951	952	quantum_water	water	quantum	SET2_original	772					../alldata/quantum_liq/deepmd_data	772	-1103.393746
952	953	quantum_water	water	quantum	SET2_original	773					../alldata/quantum_liq/deepmd_data	773	-1103.431138
953	954	quantum_water	water	quantum	SET2_original	774					../alldata/quantum_liq/deepmd_data	774	-1103.431035
954	955	quantum_water	water	quantum	SET2_original	775					../alldata/quantum_liq/deepmd_data	775	-1103.533500
955	956	quantum_water	water	quantum	SET2_original	776					../alldata/quantum_liq/deepmd_data	776	-1103.377800
956	957	quantum_water	water	quantum	SET2_original	777					../alldata/quantum_liq/deepmd_data	777	-1103.289980
957	958	quantum_water	water	quantum	SET2_original	778					../alldata/quantum_liq/deepmd_data	778	-1103.360168
958	959	quantum_water	water	quantum	SET2_original	779					../alldata/quantum_liq/deepmd_data	779	-1103.384360
959	960	quantum_water	water	quantum	SET2_original	780					../alldata/quantum_liq/deepmd_data	780	-1103.386657
960	961	quantum_water	water	quantum	SET2_original	781					../alldata/quantum_liq/deepmd_data	781	-1103.351587
961	962	quantum_water	water	quantum	SET2_original	782					../alldata/quantum_liq/deepmd_data	782	-1103.278838
962	963	quantum_water	water	quantum	SET2_original	783					../alldata/quantum_liq/deepmd_data	783	-1103.370318
963	964	quantum_water	water	quantum	SET2_original	784					../alldata/quantum_liq/deepmd_data	784	-1103.324183
964	965	quantum_water	water	quantum	SET2_original	785					../alldata/quantum_liq/deepmd_data	785	-1103.397906
965	966	quantum_water	water	quantum	SET2_original	786					../alldata/quantum_liq/deepmd_data	786	-1103.210047
966	967	quantum_water	water	quantum	SET2_original	787					../alldata/quantum_liq/deepmd_data	787	-1103.382721
967	968	quantum_water	water	quantum	SET2_original	788					../alldata/quantum_liq/deepmd_data	788	-1103.332430
968	969	quantum_water	water	quantum	SET2_original	789					../alldata/quantum_liq/deepmd_data	789	-1103.168755
969	970	quantum_water	water	quantum	SET2_original	790					../alldata/quantum_liq/deepmd_data	790	-1103.161689
970	971	quantum_water	water	quantum	SET2_original	791					../alldata/quantum_liq/deepmd_data	791	-1103.262543
971	972	quantum_water	water	quantum	SET2_original	792					../alldata/quantum_liq/deepmd_data	792	-1103.328626
972	973	quantum_water	water	quantum	SET2_original	793					../alldata/quantum_liq/deepmd_data	793	-1103.255873
973	974	quantum_water	water	quantum	SET2_original	794					../alldata/quantum_liq/deepmd_data	794	-1103.142777
974	975	quantum_water	water	quantum	SET2_original	795					../alldata/quantum_liq/deepmd_data	795	-1103.369664
975	976	quantum_water	water	quantum	SET2_original	796					../alldata/quantum_liq/deepmd_data	796	-1103.241909
976	977	quantum_water	water	quantum	SET2_original	797					../alldata/quantum_liq/deepmd_data	797	-1103.385815
977	978	quantum_water	water	quantum	SET2_original	798					../alldata/quantum_liq/deepmd_data	798	-1103.260419
978	979	quantum_water	water	quantum	SET2_original	799					../alldata/quantum_liq/deepmd_data	799	-1103.410673
979	980	quantum_water	water	quantum	SET2_original	800					../alldata/quantum_liq/deepmd_data	800	-1103.301038
980	981	quantum_water	water	quantum	SET2_original	801					../alldata/quantum_liq/deepmd_data	801	-1103.357691
981	982	quantum_water	water	quantum	SET2_original	802					../alldata/quantum_liq/deepmd_data	802	-1103.259321
982	983	quantum_water	water	quantum	SET2_original	803					../alldata/quantum_liq/deepmd_data	803	-1103.300557
983	984	quantum_water	water	quantum	SET2_original	804					../alldata/quantum_liq/deepmd_data	804	-1103.074835
984	985	quantum_water	water	quantum	SET2_original	805					../alldata/quantum_liq/deepmd_data	805	-1103.381960
985	986	quantum_water	water	quantum	SET2_original	806					../alldata/quantum_liq/deepmd_data	806	-1103.381795
986	987	quantum_water	water	quantum	SET2_original	807					../alldata/quantum_liq/deepmd_data	807	-1103.209470
987	988	quantum_water	water	quantum	SET2_original	808					../alldata/quantum_liq/deepmd_data	808	-1103.345994
988	989	quantum_water	water	quantum	SET2_original	809					../alldata/quantum_liq/deepmd_data	809	-1103.198258
989	990	quantum_water	water	quantum	SET2_original	810					../alldata/quantum_liq/deepmd_data	810	-1103.242769
990	991	quantum_water	water	quantum	SET2_original	811					../alldata/quantum_liq/deepmd_data	811	-1103.337597
991	992	quantum_water	water	quantum	SET2_original	812					../alldata/quantum_liq/deepmd_data	812	-1103.286600
992	993	quantum_water	water	quantum	SET2_original	813					../alldata/quantum_liq/deepmd_data	813	-1103.158863
993	994	quantum_water	water	quantum	SET2_original	814					../alldata/quantum_liq/deepmd_data	814	-1103.298672
994	995	quantum_water	water	quantum	SET2_original	815					../alldata/quantum_liq/deepmd_data	815	-1103.303875
995	996	quantum_water	water	quantum	SET2_original	816					../alldata/quantum_liq/deepmd_data	816	-1103.365824
996	997	quantum_water	water	quantum	SET2_original	817					../alldata/quantum_liq/deepmd_data	817	-1103.304871
997	998	quantum_water	water	quantum	SET2_original	818					../alldata/quantum_liq/deepmd_data	818	-1103.274946
998	999	quantum_water	water	quantum	SET2_original	819					../alldata/quantum_liq/deepmd_data	819	-1103.155592
999	1000	quantum_water	water	quantum	SET2_original	820					../alldata/quantum_liq/deepmd_data	820	-1103.371862
1000	1001	quantum_water	water	quantum	SET2_original	821					../alldata/quantum_liq/deepmd_data	821	-1103.236631
1001	1002	quantum_water	water	quantum	SET2_original	822					../alldata/quantum_liq/deepmd_data	822	-1103.315492
1002	1003	quantum_water	water	quantum	SET2_original	823					../alldata/quantum_liq/deepmd_data	823	-1103.124836
1003	1004	quantum_water	water	quantum	SET2_original	824					../alldata/quantum_liq/deepmd_data	824	-1103.283454
1004	1005	quantum_water	water	quantum	SET2_original	825					../alldata/quantum_liq/deepmd_data	825	-1103.354446
1005	1006	quantum_ice	ice	quantum	SET2_original	0					../alldata/quantum_ice/deepmd_data	0	-1103.725625
1006	1007	quantum_ice	ice	quantum	SET2_original	1					../alldata/quantum_ice/deepmd_data	1	-1103.735956
1007	1008	quantum_ice	ice	quantum	SET2_original	2					../alldata/quantum_ice/deepmd_data	2	-1103.681085
1008	1009	quantum_ice	ice	quantum	SET2_original	0					../alldata/quantum_ice/deepmd_data	3	-1103.652281
1009	1010	quantum_ice	ice	quantum	SET2_original	1					../alldata/quantum_ice/deepmd_data	4	-1103.567232
1010	1011	quantum_ice	ice	quantum	SET2_original	2					../alldata/quantum_ice/deepmd_data	5	-1103.753672
1011	1012	quantum_ice	ice	quantum	SET2_original	3					../alldata/quantum_ice/deepmd_data	6	-1103.776185
1012	1013	quantum_ice	ice	quantum	SET2_original	4					../alldata/quantum_ice/deepmd_data	7	-1103.666951
1013	1014	quantum_ice	ice	quantum	SET2_original	5					../alldata/quantum_ice/deepmd_data	8	-1103.626505
1014	1015	quantum_ice	ice	quantum	SET2_original	6					../alldata/quantum_ice/deepmd_data	9	-1103.711877
1015	1016	quantum_ice	ice	quantum	SET2_original	7					../alldata/quantum_ice/deepmd_data	10	-1103.547303
1016	1017	quantum_ice	ice	quantum	SET2_original	8					../alldata/quantum_ice/deepmd_data	11	-1103.703976
1017	1018	quantum_ice	ice	quantum	SET2_original	9					../alldata/quantum_ice/deepmd_data	12	-1103.458752
1018	1019	quantum_ice	ice	quantum	SET2_original	10					../alldata/quantum_ice/deepmd_data	13	-1103.819402
1019	1020	quantum_ice	ice	quantum	SET2_original	11					../alldata/quantum_ice/deepmd_data	14	-1103.437981
1020	1021	quantum_ice	ice	quantum	SET2_original	12					../alldata/quantum_ice/deepmd_data	15	-1103.710415
1021	1022	quantum_ice	ice	quantum	SET2_original	13					../alldata/quantum_ice/deepmd_data	16	-1103.579378
1022	1023	quantum_ice	ice	quantum	SET2_original	14					../alldata/quantum_ice/deepmd_data	17	-1103.639022
1023	1024	quantum_ice	ice	quantum	SET2_original	15					../alldata/quantum_ice/deepmd_data	18	-1103.754202
1024	1025	quantum_ice	ice	quantum	SET2_original	16					../alldata/quantum_ice/deepmd_data	19	-1103.709731
1025	1026	quantum_ice	ice	quantum	SET2_original	17					../alldata/quantum_ice/deepmd_data	20	-1103.646188
1026	1027	quantum_ice	ice	quantum	SET2_original	18					../alldata/quantum_ice/deepmd_data	21	-1103.718349
1027	1028	quantum_ice	ice	quantum	SET2_original	19					../alldata/quantum_ice/deepmd_data	22	-1103.563517
1028	1029	quantum_ice	ice	quantum	SET2_original	20					../alldata/quantum_ice/deepmd_data	23	-1103.717055
1029	1030	quantum_ice	ice	quantum	SET2_original	21					../alldata/quantum_ice/deepmd_data	24	-1103.752507
1030	1031	quantum_ice	ice	quantum	SET2_original	22					../alldata/quantum_ice/deepmd_data	25	-1103.714762
1031	1032	quantum_ice	ice	quantum	SET2_original	23					../alldata/quantum_ice/deepmd_data	26	-1103.649007
1032	1033	quantum_ice	ice	quantum	SET2_original	24					../alldata/quantum_ice/deepmd_data	27	-1103.602658
1033	1034	quantum_ice	ice	quantum	SET2_original	25					../alldata/quantum_ice/deepmd_data	28	-1103.674547
1034	1035	quantum_ice	ice	quantum	SET2_original	26					../alldata/quantum_ice/deepmd_data	29	-1103.637166
1035	1036	quantum_ice	ice	quantum	SET2_original	27					../alldata/quantum_ice/deepmd_data	30	-1103.704509
1036	1037	quantum_ice	ice	quantum	SET2_original	28					../alldata/quantum_ice/deepmd_data	31	-1103.558658
1037	1038	quantum_ice	ice	quantum	SET2_original	29					../alldata/quantum_ice/deepmd_data	32	-1103.687097
1038	1039	quantum_ice	ice	quantum	SET2_original	30					../alldata/quantum_ice/deepmd_data	33	-1103.557247
1039	1040	quantum_ice	ice	quantum	SET2_original	31					../alldata/quantum_ice/deepmd_data	34	-1103.607998
1040	1041	quantum_ice	ice	quantum	SET2_original	32					../alldata/quantum_ice/deepmd_data	35	-1103.582332
1041	1042	quantum_ice	ice	quantum	SET2_original	33					../alldata/quantum_ice/deepmd_data	36	-1103.580157
1042	1043	quantum_ice	ice	quantum	SET2_original	34					../alldata/quantum_ice/deepmd_data	37	-1103.530564
1043	1044	quantum_ice	ice	quantum	SET2_original	35					../alldata/quantum_ice/deepmd_data	38	-1103.569617
1044	1045	quantum_ice	ice	quantum	SET2_original	36					../alldata/quantum_ice/deepmd_data	39	-1103.628063
1045	1046	quantum_ice	ice	quantum	SET2_original	37					../alldata/quantum_ice/deepmd_data	40	-1103.613198
1046	1047	quantum_ice	ice	quantum	SET2_original	38					../alldata/quantum_ice/deepmd_data	41	-1103.612632
1047	1048	quantum_ice	ice	quantum	SET2_original	39					../alldata/quantum_ice/deepmd_data	42	-1103.581248
1048	1049	quantum_ice	ice	quantum	SET2_original	40					../alldata/quantum_ice/deepmd_data	43	-1103.749707
1049	1050	quantum_ice	ice	quantum	SET2_original	41					../alldata/quantum_ice/deepmd_data	44	-1103.661670
1050	1051	quantum_ice	ice	quantum	SET2_original	42					../alldata/quantum_ice/deepmd_data	45	-1103.660120
1051	1052	quantum_ice	ice	quantum	SET2_original	43					../alldata/quantum_ice/deepmd_data	46	-1103.715071
1052	1053	quantum_ice	ice	quantum	SET2_original	44					../alldata/quantum_ice/deepmd_data	47	-1103.505049
1053	1054	quantum_ice	ice	quantum	SET2_original	45					../alldata/quantum_ice/deepmd_data	48	-1103.579102
1054	1055	quantum_ice	ice	quantum	SET2_original	46					../alldata/quantum_ice/deepmd_data	49	-1103.684106
1055	1056	quantum_ice	ice	quantum	SET2_original	47					../alldata/quantum_ice/deepmd_data	50	-1103.588231
1056	1057	quantum_ice	ice	quantum	SET2_original	48					../alldata/quantum_ice/deepmd_data	51	-1103.586992
1057	1058	quantum_ice	ice	quantum	SET2_original	49					../alldata/quantum_ice/deepmd_data	52	-1103.601155
1058	1059	quantum_ice	ice	quantum	SET2_original	50					../alldata/quantum_ice/deepmd_data	53	-1103.697486
1059	1060	quantum_ice	ice	quantum	SET2_original	51					../alldata/quantum_ice/deepmd_data	54	-1103.765429
1060	1061	quantum_ice	ice	quantum	SET2_original	52					../alldata/quantum_ice/deepmd_data	55	-1103.645391
1061	1062	quantum_ice	ice	quantum	SET2_original	53					../alldata/quantum_ice/deepmd_data	56	-1103.641502
1062	1063	quantum_ice	ice	quantum	SET2_original	54					../alldata/quantum_ice/deepmd_data	57	-1103.600656
1063	1064	quantum_ice	ice	quantum	SET2_original	55					../alldata/quantum_ice/deepmd_data	58	-1103.718323
1064	1065	quantum_ice	ice	quantum	SET2_original	56					../alldata/quantum_ice/deepmd_data	59	-1103.582990
1065	1066	quantum_ice	ice	quantum	SET2_original	57					../alldata/quantum_ice/deepmd_data	60	-1103.667264
1066	1067	quantum_ice	ice	quantum	SET2_original	58					../alldata/quantum_ice/deepmd_data	61	-1103.453787
1067	1068	quantum_ice	ice	quantum	SET2_original	59					../alldata/quantum_ice/deepmd_data	62	-1103.649062
1068	1069	quantum_ice	ice	quantum	SET2_original	60					../alldata/quantum_ice/deepmd_data	63	-1103.666235
1069	1070	quantum_ice	ice	quantum	SET2_original	61					../alldata/quantum_ice/deepmd_data	64	-1103.668668
1070	1071	quantum_ice	ice	quantum	SET2_original	62					../alldata/quantum_ice/deepmd_data	65	-1103.509933
1071	1072	quantum_ice	ice	quantum	SET2_original	63					../alldata/quantum_ice/deepmd_data	66	-1103.645302
1072	1073	quantum_ice	ice	quantum	SET2_original	64					../alldata/quantum_ice/deepmd_data	67	-1103.630320
1073	1074	quantum_ice	ice	quantum	SET2_original	65					../alldata/quantum_ice/deepmd_data	68	-1103.634391
1074	1075	quantum_ice	ice	quantum	SET2_original	66					../alldata/quantum_ice/deepmd_data	69	-1103.617013
1075	1076	quantum_ice	ice	quantum	SET2_original	67					../alldata/quantum_ice/deepmd_data	70	-1103.674062
1076	1077	quantum_ice	ice	quantum	SET2_original	68					../alldata/quantum_ice/deepmd_data	71	-1103.558585
1077	1078	quantum_ice	ice	quantum	SET2_original	69					../alldata/quantum_ice/deepmd_data	72	-1103.627596
1078	1079	quantum_ice	ice	quantum	SET2_original	70					../alldata/quantum_ice/deepmd_data	73	-1103.600986
1079	1080	quantum_ice	ice	quantum	SET2_original	71					../alldata/quantum_ice/deepmd_data	74	-1103.671887
1080	1081	quantum_ice	ice	quantum	SET2_original	72					../alldata/quantum_ice/deepmd_data	75	-1103.584166
1081	1082	quantum_ice	ice	quantum	SET2_original	73					../alldata/quantum_ice/deepmd_data	76	-1103.536822
1082	1083	quantum_ice	ice	quantum	SET2_original	74					../alldata/quantum_ice/deepmd_data	77	-1103.635071
1083	1084	quantum_ice	ice	quantum	SET2_original	75					../alldata/quantum_ice/deepmd_data	78	-1103.421903
1084	1085	quantum_ice	ice	quantum	SET2_original	76					../alldata/quantum_ice/deepmd_data	79	-1103.586294
1085	1086	quantum_ice	ice	quantum	SET2_original	77					../alldata/quantum_ice/deepmd_data	80	-1103.573204
1086	1087	quantum_ice	ice	quantum	SET2_original	78					../alldata/quantum_ice/deepmd_data	81	-1103.506228
1087	1088	quantum_ice	ice	quantum	SET2_original	79					../alldata/quantum_ice/deepmd_data	82	-1103.640128
1088	1089	quantum_ice	ice	quantum	SET2_original	80					../alldata/quantum_ice/deepmd_data	83	-1103.539630
1089	1090	quantum_ice	ice	quantum	SET2_original	81					../alldata/quantum_ice/deepmd_data	84	-1103.586158
1090	1091	quantum_ice	ice	quantum	SET2_original	82					../alldata/quantum_ice/deepmd_data	85	-1103.666672
1091	1092	quantum_ice	ice	quantum	SET2_original	83					../alldata/quantum_ice/deepmd_data	86	-1103.635178
1092	1093	quantum_ice	ice	quantum	SET2_original	84					../alldata/quantum_ice/deepmd_data	87	-1103.676870
1093	1094	quantum_ice	ice	quantum	SET2_original	85					../alldata/quantum_ice/deepmd_data	88	-1103.495505
1094	1095	quantum_ice	ice	quantum	SET2_original	86					../alldata/quantum_ice/deepmd_data	89	-1103.632969
1095	1096	quantum_ice	ice	quantum	SET2_original	87					../alldata/quantum_ice/deepmd_data	90	-1103.447117
1096	1097	quantum_ice	ice	quantum	SET2_original	88					../alldata/quantum_ice/deepmd_data	91	-1103.582707
1097	1098	quantum_ice	ice	quantum	SET2_original	89					../alldata/quantum_ice/deepmd_data	92	-1103.517297
1098	1099	quantum_ice	ice	quantum	SET2_original	90					../alldata/quantum_ice/deepmd_data	93	-1103.535337
1099	1100	quantum_ice	ice	quantum	SET2_original	91					../alldata/quantum_ice/deepmd_data	94	-1103.444956
1100	1101	quantum_ice	ice	quantum	SET2_original	92					../alldata/quantum_ice/deepmd_data	95	-1103.525529
1101	1102	quantum_ice	ice	quantum	SET2_original	93					../alldata/quantum_ice/deepmd_data	96	-1103.596595
1102	1103	quantum_ice	ice	quantum	SET2_original	94					../alldata/quantum_ice/deepmd_data	97	-1103.633690
1103	1104	quantum_ice	ice	quantum	SET2_original	95					../alldata/quantum_ice/deepmd_data	98	-1103.541662
1104	1105	quantum_ice	ice	quantum	SET2_original	96					../alldata/quantum_ice/deepmd_data	99	-1103.583821
1105	1106	quantum_ice	ice	quantum	SET2_original	97					../alldata/quantum_ice/deepmd_data	100	-1103.700573
1106	1107	quantum_ice	ice	quantum	SET2_original	98					../alldata/quantum_ice/deepmd_data	101	-1103.610857
1107	1108	quantum_ice	ice	quantum	SET2_original	99					../alldata/quantum_ice/deepmd_data	102	-1103.481746
1108	1109	quantum_ice	ice	quantum	SET2_original	100					../alldata/quantum_ice/deepmd_data	103	-1103.626104
1109	1110	quantum_ice	ice	quantum	SET2_original	101					../alldata/quantum_ice/deepmd_data	104	-1103.627935
1110	1111	quantum_ice	ice	quantum	SET2_original	102					../alldata/quantum_ice/deepmd_data	105	-1103.673419
1111	1112	quantum_ice	ice	quantum	SET2_original	103					../alldata/quantum_ice/deepmd_data	106	-1103.647573
1112	1113	quantum_ice	ice	quantum	SET2_original	104					../alldata/quantum_ice/deepmd_data	107	-1103.629702
1113	1114	quantum_ice	ice	quantum	SET2_original	105					../alldata/quantum_ice/deepmd_data	108	-1103.655890
1114	1115	quantum_ice	ice	quantum	SET2_original	106					../alldata/quantum_ice/deepmd_data	109	-1103.578235
1115	1116	quantum_ice	ice	quantum	SET2_original	107					../alldata/quantum_ice/deepmd_data	110	-1103.551779
1116	1117	quantum_ice	ice	quantum	SET2_original	108					../alldata/quantum_ice/deepmd_data	111	-1103.651958
1117	1118	quantum_ice	ice	quantum	SET2_original	109					../alldata/quantum_ice/deepmd_data	112	-1103.588977
1118	1119	quantum_ice	ice	quantum	SET2_original	110					../alldata/quantum_ice/deepmd_data	113	-1103.572384
1119	1120	quantum_ice	ice	quantum	SET2_original	111					../alldata/quantum_ice/deepmd_data	114	-1103.607035
1120	1121	quantum_ice	ice	quantum	SET2_original	112					../alldata/quantum_ice/deepmd_data	115	-1103.591876
1121	1122	quantum_ice	ice	quantum	SET2_original	113					../alldata/quantum_ice/deepmd_data	116	-1103.594721
1122	1123	quantum_ice	ice	quantum	SET2_original	114					../alldata/quantum_ice/deepmd_data	117	-1103.574163
1123	1124	quantum_ice	ice	quantum	SET2_original	115					../alldata/quantum_ice/deepmd_data	118	-1103.541574
1124	1125	quantum_ice	ice	quantum	SET2_original	116					../alldata/quantum_ice/deepmd_data	119	-1103.555685
1125	1126	quantum_ice	ice	quantum	SET2_original	117					../alldata/quantum_ice/deepmd_data	120	-1103.679057
1126	1127	quantum_ice	ice	quantum	SET2_original	118					../alldata/quantum_ice/deepmd_data	121	-1103.561764
1127	1128	quantum_ice	ice	quantum	SET2_original	119					../alldata/quantum_ice/deepmd_data	122	-1103.485270
1128	1129	quantum_ice	ice	quantum	SET2_original	120					../alldata/quantum_ice/deepmd_data	123	-1103.513302
1129	1130	quantum_ice	ice	quantum	SET2_original	121					../alldata/quantum_ice/deepmd_data	124	-1103.531343
1130	1131	quantum_ice	ice	quantum	SET2_original	122					../alldata/quantum_ice/deepmd_data	125	-1103.630448
1131	1132	quantum_ice	ice	quantum	SET2_original	123					../alldata/quantum_ice/deepmd_data	126	-1103.460108
1132	1133	quantum_ice	ice	quantum	SET2_original	124					../alldata/quantum_ice/deepmd_data	127	-1103.515555
1133	1134	quantum_ice	ice	quantum	SET2_original	125					../alldata/quantum_ice/deepmd_data	128	-1103.451652
1134	1135	quantum_ice	ice	quantum	SET2_original	126					../alldata/quantum_ice/deepmd_data	129	-1103.612702
1135	1136	quantum_ice	ice	quantum	SET2_original	127					../alldata/quantum_ice/deepmd_data	130	-1103.552970
1136	1137	quantum_ice	ice	quantum	SET2_original	128					../alldata/quantum_ice/deepmd_data	131	-1103.502844
1137	1138	quantum_ice	ice	quantum	SET2_original	129					../alldata/quantum_ice/deepmd_data	132	-1103.653211
1138	1139	quantum_ice	ice	quantum	SET2_original	130					../alldata/quantum_ice/deepmd_data	133	-1103.555325
1139	1140	quantum_ice	ice	quantum	SET2_original	131					../alldata/quantum_ice/deepmd_data	134	-1103.532283
1140	1141	quantum_ice	ice	quantum	SET2_original	132					../alldata/quantum_ice/deepmd_data	135	-1103.544628
1141	1142	quantum_ice	ice	quantum	SET2_original	133					../alldata/quantum_ice/deepmd_data	136	-1103.628934
1142	1143	quantum_ice	ice	quantum	SET2_original	134					../alldata/quantum_ice/deepmd_data	137	-1103.584115
1143	1144	quantum_ice	ice	quantum	SET2_original	135					../alldata/quantum_ice/deepmd_data	138	-1103.584784
1144	1145	quantum_ice	ice	quantum	SET2_original	136					../alldata/quantum_ice/deepmd_data	139	-1103.648275
1145	1146	quantum_ice	ice	quantum	SET2_original	137					../alldata/quantum_ice/deepmd_data	140	-1103.578812
1146	1147	quantum_ice	ice	quantum	SET2_original	138					../alldata/quantum_ice/deepmd_data	141	-1103.504453
1147	1148	quantum_ice	ice	quantum	SET2_original	139					../alldata/quantum_ice/deepmd_data	142	-1103.481577
1148	1149	quantum_ice	ice	quantum	SET2_original	140					../alldata/quantum_ice/deepmd_data	143	-1103.550610
1149	1150	quantum_ice	ice	quantum	SET2_original	141					../alldata/quantum_ice/deepmd_data	144	-1103.540258
1150	1151	quantum_ice	ice	quantum	SET2_original	142					../alldata/quantum_ice/deepmd_data	145	-1103.424531
1151	1152	quantum_ice	ice	quantum	SET2_original	143					../alldata/quantum_ice/deepmd_data	146	-1103.588620
1152	1153	quantum_ice	ice	quantum	SET2_original	144					../alldata/quantum_ice/deepmd_data	147	-1103.623499
1153	1154	quantum_ice	ice	quantum	SET2_original	145					../alldata/quantum_ice/deepmd_data	148	-1103.613000
1154	1155	quantum_ice	ice	quantum	SET2_original	146					../alldata/quantum_ice/deepmd_data	149	-1103.587198
1155	1156	quantum_ice	ice	quantum	SET2_original	147					../alldata/quantum_ice/deepmd_data	150	-1103.586900
1156	1157	quantum_ice	ice	quantum	SET2_original	148					../alldata/quantum_ice/deepmd_data	151	-1103.576258
1157	1158	quantum_ice	ice	quantum	SET2_original	149					../alldata/quantum_ice/deepmd_data	152	-1103.536543
1158	1159	quantum_ice	ice	quantum	SET2_original	150					../alldata/quantum_ice/deepmd_data	153	-1103.599888
1159	1160	quantum_ice	ice	quantum	SET2_original	151					../alldata/quantum_ice/deepmd_data	154	-1103.487942
1160	1161	quantum_ice	ice	quantum	SET2_original	152					../alldata/quantum_ice/deepmd_data	155	-1103.610842
1161	1162	quantum_ice	ice	quantum	SET2_original	153					../alldata/quantum_ice/deepmd_data	156	-1103.335730
1162	1163	quantum_ice	ice	quantum	SET2_original	154					../alldata/quantum_ice/deepmd_data	157	-1103.597811
1163	1164	quantum_ice	ice	quantum	SET2_original	155					../alldata/quantum_ice/deepmd_data	158	-1103.435298
1164	1165	quantum_ice	ice	quantum	SET2_original	156					../alldata/quantum_ice/deepmd_data	159	-1103.416655
1165	1166	quantum_ice	ice	quantum	SET2_original	157					../alldata/quantum_ice/deepmd_data	160	-1103.657183
1166	1167	quantum_ice	ice	quantum	SET2_original	158					../alldata/quantum_ice/deepmd_data	161	-1103.410066
1167	1168	quantum_ice	ice	quantum	SET2_original	159					../alldata/quantum_ice/deepmd_data	162	-1103.600832
1168	1169	quantum_ice	ice	quantum	SET2_original	160					../alldata/quantum_ice/deepmd_data	163	-1103.415270
1169	1170	quantum_ice	ice	quantum	SET2_original	161					../alldata/quantum_ice/deepmd_data	164	-1103.547630
1170	1171	quantum_ice	ice	quantum	SET2_original	162					../alldata/quantum_ice/deepmd_data	165	-1103.640124
1171	1172	quantum_ice	ice	quantum	SET2_original	163					../alldata/quantum_ice/deepmd_data	166	-1103.613382
1172	1173	quantum_ice	ice	quantum	SET2_original	164					../alldata/quantum_ice/deepmd_data	167	-1103.431091
1173	1174	quantum_ice	ice	quantum	SET2_original	165					../alldata/quantum_ice/deepmd_data	168	-1103.545366
1174	1175	quantum_ice	ice	quantum	SET2_original	166					../alldata/quantum_ice/deepmd_data	169	-1103.359444
1175	1176	quantum_ice	ice	quantum	SET2_original	167					../alldata/quantum_ice/deepmd_data	170	-1103.640775
1176	1177	quantum_ice	ice	quantum	SET2_original	168					../alldata/quantum_ice/deepmd_data	171	-1103.525636
1177	1178	quantum_ice	ice	quantum	SET2_original	169					../alldata/quantum_ice/deepmd_data	172	-1103.380064
1178	1179	quantum_ice	ice	quantum	SET2_original	170					../alldata/quantum_ice/deepmd_data	173	-1103.656239
1179	1180	quantum_ice	ice	quantum	SET2_original	171					../alldata/quantum_ice/deepmd_data	174	-1103.622360
1180	1181	quantum_ice	ice	quantum	SET2_original	172					../alldata/quantum_ice/deepmd_data	175	-1103.642833
1181	1182	quantum_ice	ice	quantum	SET2_original	173					../alldata/quantum_ice/deepmd_data	176	-1103.517415
1182	1183	quantum_ice	ice	quantum	SET2_original	174					../alldata/quantum_ice/deepmd_data	177	-1103.531306
1183	1184	quantum_ice	ice	quantum	SET2_original	175					../alldata/quantum_ice/deepmd_data	178	-1103.662894
1184	1185	quantum_ice	ice	quantum	SET2_original	176					../alldata/quantum_ice/deepmd_data	179	-1103.513843
1185	1186	quantum_ice	ice	quantum	SET2_original	177					../alldata/quantum_ice/deepmd_data	180	-1103.416152
1186	1187	quantum_ice	ice	quantum	SET2_original	178					../alldata/quantum_ice/deepmd_data	181	-1103.439242
1187	1188	quantum_ice	ice	quantum	SET2_original	179					../alldata/quantum_ice/deepmd_data	182	-1103.400250
1188	1189	quantum_ice	ice	quantum	SET2_original	180					../alldata/quantum_ice/deepmd_data	183	-1103.579819
1189	1190	quantum_ice	ice	quantum	SET2_original	181					../alldata/quantum_ice/deepmd_data	184	-1103.419276
1190	1191	quantum_ice	ice	quantum	SET2_original	182					../alldata/quantum_ice/deepmd_data	185	-1103.564685
1191	1192	quantum_ice	ice	quantum	SET2_original	183					../alldata/quantum_ice/deepmd_data	186	-1103.443710
1192	1193	quantum_ice	ice	quantum	SET2_original	184					../alldata/quantum_ice/deepmd_data	187	-1103.523853
1193	1194	quantum_ice	ice	quantum	SET2_original	185					../alldata/quantum_ice/deepmd_data	188	-1103.608053
1194	1195	quantum_ice	ice	quantum	SET2_original	186					../alldata/quantum_ice/deepmd_data	189	-1103.591454
1195	1196	quantum_ice	ice	quantum	SET2_original	187					../alldata/quantum_ice/deepmd_data	190	-1103.494193
1196	1197	quantum_ice	ice	quantum	SET2_original	188					../alldata/quantum_ice/deepmd_data	191	-1103.459931
1197	1198	quantum_ice	ice	quantum	SET2_original	189					../alldata/quantum_ice/deepmd_data	192	-1103.447271
1198	1199	quantum_ice	ice	quantum	SET2_original	190					../alldata/quantum_ice/deepmd_data	193	-1103.635284
1199	1200	quantum_ice	ice	quantum	SET2_original	191					../alldata/quantum_ice/deepmd_data	194	-1103.481687
1200	1201	quantum_ice	ice	quantum	SET2_original	192					../alldata/quantum_ice/deepmd_data	195	-1103.514287
1201	1202	quantum_ice	ice	quantum	SET2_original	193					../alldata/quantum_ice/deepmd_data	196	-1103.595173
1202	1203	quantum_ice	ice	quantum	SET2_original	194					../alldata/quantum_ice/deepmd_data	197	-1103.431072
1203	1204	quantum_ice	ice	quantum	SET2_original	195					../alldata/quantum_ice/deepmd_data	198	-1103.464859
1204	1205	quantum_ice	ice	quantum	SET2_original	196					../alldata/quantum_ice/deepmd_data	199	-1103.593703
1205	1206	quantum_ice	ice	quantum	SET2_original	197					../alldata/quantum_ice/deepmd_data	200	-1103.717482
1206	1207	quantum_ice	ice	quantum	SET2_original	198					../alldata/quantum_ice/deepmd_data	201	-1103.719885
1207	1208	quantum_ice	ice	quantum	SET2_original	199					../alldata/quantum_ice/deepmd_data	202	-1103.725508
1208	1209	quantum_ice	ice	quantum	SET2_original	200					../alldata/quantum_ice/deepmd_data	203	-1103.657172
1209	1210	quantum_ice	ice	quantum	SET2_original	201					../alldata/quantum_ice/deepmd_data	204	-1103.659811
1210	1211	quantum_ice	ice	quantum	SET2_original	202					../alldata/quantum_ice/deepmd_data	205	-1103.713866
1211	1212	quantum_ice	ice	quantum	SET2_original	203					../alldata/quantum_ice/deepmd_data	206	-1103.695711
1212	1213	quantum_ice	ice	quantum	SET2_original	204					../alldata/quantum_ice/deepmd_data	207	-1103.700283
1213	1214	quantum_ice	ice	quantum	SET2_original	205					../alldata/quantum_ice/deepmd_data	208	-1103.742085
1214	1215	quantum_ice	ice	quantum	SET2_original	206					../alldata/quantum_ice/deepmd_data	209	-1103.672412
1215	1216	quantum_ice	ice	quantum	SET2_original	207					../alldata/quantum_ice/deepmd_data	210	-1103.757693
1216	1217	quantum_ice	ice	quantum	SET2_original	208					../alldata/quantum_ice/deepmd_data	211	-1103.709849
1217	1218	quantum_ice	ice	quantum	SET2_original	209					../alldata/quantum_ice/deepmd_data	212	-1103.584975
1218	1219	quantum_ice	ice	quantum	SET2_original	210					../alldata/quantum_ice/deepmd_data	213	-1103.671306
1219	1220	quantum_ice	ice	quantum	SET2_original	211					../alldata/quantum_ice/deepmd_data	214	-1103.705487
1220	1221	quantum_ice	ice	quantum	SET2_original	212					../alldata/quantum_ice/deepmd_data	215	-1103.650807
1221	1222	quantum_ice	ice	quantum	SET2_original	213					../alldata/quantum_ice/deepmd_data	216	-1103.692764
1222	1223	quantum_ice	ice	quantum	SET2_original	214					../alldata/quantum_ice/deepmd_data	217	-1103.587926
1223	1224	quantum_ice	ice	quantum	SET2_original	215					../alldata/quantum_ice/deepmd_data	218	-1103.469519
1224	1225	quantum_ice	ice	quantum	SET2_original	216					../alldata/quantum_ice/deepmd_data	219	-1103.736643
1225	1226	quantum_ice	ice	quantum	SET2_original	217					../alldata/quantum_ice/deepmd_data	220	-1103.716967
1226	1227	quantum_ice	ice	quantum	SET2_original	218					../alldata/quantum_ice/deepmd_data	221	-1103.600858
1227	1228	quantum_ice	ice	quantum	SET2_original	219					../alldata/quantum_ice/deepmd_data	222	-1103.598447
1228	1229	quantum_ice	ice	quantum	SET2_original	220					../alldata/quantum_ice/deepmd_data	223	-1103.684984
1229	1230	quantum_ice	ice	quantum	SET2_original	221					../alldata/quantum_ice/deepmd_data	224	-1103.697946
1230	1231	quantum_ice	ice	quantum	SET2_original	222					../alldata/quantum_ice/deepmd_data	225	-1103.595783
1231	1232	quantum_ice	ice	quantum	SET2_original	223					../alldata/quantum_ice/deepmd_data	226	-1103.675944
1232	1233	quantum_ice	ice	quantum	SET2_original	224					../alldata/quantum_ice/deepmd_data	227	-1103.534080
1233	1234	quantum_ice	ice	quantum	SET2_original	225					../alldata/quantum_ice/deepmd_data	228	-1103.651866
1234	1235	quantum_ice	ice	quantum	SET2_original	226					../alldata/quantum_ice/deepmd_data	229	-1103.546403
1235	1236	quantum_ice	ice	quantum	SET2_original	227					../alldata/quantum_ice/deepmd_data	230	-1103.626726
1236	1237	quantum_ice	ice	quantum	SET2_original	228					../alldata/quantum_ice/deepmd_data	231	-1103.659377
1237	1238	quantum_ice	ice	quantum	SET2_original	229					../alldata/quantum_ice/deepmd_data	232	-1103.574292
1238	1239	quantum_ice	ice	quantum	SET2_original	230					../alldata/quantum_ice/deepmd_data	233	-1103.565457
1239	1240	quantum_ice	ice	quantum	SET2_original	231					../alldata/quantum_ice/deepmd_data	234	-1103.558276
1240	1241	quantum_ice	ice	quantum	SET2_original	232					../alldata/quantum_ice/deepmd_data	235	-1103.446209
1241	1242	quantum_ice	ice	quantum	SET2_original	233					../alldata/quantum_ice/deepmd_data	236	-1103.705082
1242	1243	quantum_ice	ice	quantum	SET2_original	234					../alldata/quantum_ice/deepmd_data	237	-1103.640220
1243	1244	quantum_ice	ice	quantum	SET2_original	235					../alldata/quantum_ice/deepmd_data	238	-1103.484553
1244	1245	quantum_ice	ice	quantum	SET2_original	236					../alldata/quantum_ice/deepmd_data	239	-1103.514251
1245	1246	quantum_ice	ice	quantum	SET2_original	237					../alldata/quantum_ice/deepmd_data	240	-1103.547167
1246	1247	quantum_ice	ice	quantum	SET2_original	238					../alldata/quantum_ice/deepmd_data	241	-1103.556979
1247	1248	quantum_ice	ice	quantum	SET2_original	239					../alldata/quantum_ice/deepmd_data	242	-1103.611945
1248	1249	quantum_ice	ice	quantum	SET2_original	240					../alldata/quantum_ice/deepmd_data	243	-1103.663258
1249	1250	quantum_ice	ice	quantum	SET2_original	241					../alldata/quantum_ice/deepmd_data	244	-1103.705564
1250	1251	quantum_ice	ice	quantum	SET2_original	242					../alldata/quantum_ice/deepmd_data	245	-1103.637317
1251	1252	quantum_ice	ice	quantum	SET2_original	243					../alldata/quantum_ice/deepmd_data	246	-1103.648790
1252	1253	quantum_ice	ice	quantum	SET2_original	244					../alldata/quantum_ice/deepmd_data	247	-1103.750596
1253	1254	quantum_ice	ice	quantum	SET2_original	245					../alldata/quantum_ice/deepmd_data	248	-1103.615918
1254	1255	quantum_ice	ice	quantum	SET2_original	246					../alldata/quantum_ice/deepmd_data	249	-1103.753647
1255	1256	quantum_ice	ice	quantum	SET2_original	247					../alldata/quantum_ice/deepmd_data	250	-1103.600950
1256	1257	quantum_ice	ice	quantum	SET2_original	248					../alldata/quantum_ice/deepmd_data	251	-1103.663581
1257	1258	quantum_ice	ice	quantum	SET2_original	249					../alldata/quantum_ice/deepmd_data	252	-1103.706630
1258	1259	quantum_ice	ice	quantum	SET2_original	250					../alldata/quantum_ice/deepmd_data	253	-1103.608840
1259	1260	quantum_ice	ice	quantum	SET2_original	251					../alldata/quantum_ice/deepmd_data	254	-1103.481103
1260	1261	quantum_ice	ice	quantum	SET2_original	252					../alldata/quantum_ice/deepmd_data	255	-1103.626939
1261	1262	quantum_ice	ice	quantum	SET2_original	253					../alldata/quantum_ice/deepmd_data	256	-1103.555623
1262	1263	quantum_ice	ice	quantum	SET2_original	254					../alldata/quantum_ice/deepmd_data	257	-1103.675253
1263	1264	quantum_ice	ice	quantum	SET2_original	255					../alldata/quantum_ice/deepmd_data	258	-1103.615848
1264	1265	quantum_ice	ice	quantum	SET2_original	256					../alldata/quantum_ice/deepmd_data	259	-1103.553885
1265	1266	quantum_ice	ice	quantum	SET2_original	257					../alldata/quantum_ice/deepmd_data	260	-1103.685987
1266	1267	quantum_ice	ice	quantum	SET2_original	258					../alldata/quantum_ice/deepmd_data	261	-1103.559294
1267	1268	quantum_ice	ice	quantum	SET2_original	259					../alldata/quantum_ice/deepmd_data	262	-1103.619736
1268	1269	quantum_ice	ice	quantum	SET2_original	260					../alldata/quantum_ice/deepmd_data	263	-1103.644086
1269	1270	quantum_ice	ice	quantum	SET2_original	261					../alldata/quantum_ice/deepmd_data	264	-1103.552481
1270	1271	quantum_ice	ice	quantum	SET2_original	262					../alldata/quantum_ice/deepmd_data	265	-1103.499249
1271	1272	quantum_ice	ice	quantum	SET2_original	263					../alldata/quantum_ice/deepmd_data	266	-1103.653082
1272	1273	quantum_ice	ice	quantum	SET2_original	264					../alldata/quantum_ice/deepmd_data	267	-1103.556112
1273	1274	quantum_ice	ice	quantum	SET2_original	265					../alldata/quantum_ice/deepmd_data	268	-1103.618218
1274	1275	quantum_ice	ice	quantum	SET2_original	266					../alldata/quantum_ice/deepmd_data	269	-1103.470166
1275	1276	quantum_ice	ice	quantum	SET2_original	267					../alldata/quantum_ice/deepmd_data	270	-1103.656459
1276	1277	quantum_ice	ice	quantum	SET2_original	268					../alldata/quantum_ice/deepmd_data	271	-1103.459924
1277	1278	quantum_ice	ice	quantum	SET2_original	269					../alldata/quantum_ice/deepmd_data	272	-1103.560349
1278	1279	quantum_ice	ice	quantum	SET2_original	270					../alldata/quantum_ice/deepmd_data	273	-1103.589219
1279	1280	quantum_ice	ice	quantum	SET2_original	271					../alldata/quantum_ice/deepmd_data	274	-1103.757458
1280	1281	quantum_ice	ice	quantum	SET2_original	272					../alldata/quantum_ice/deepmd_data	275	-1103.601391
1281	1282	quantum_ice	ice	quantum	SET2_original	273					../alldata/quantum_ice/deepmd_data	276	-1103.550456
1282	1283	quantum_ice	ice	quantum	SET2_original	274					../alldata/quantum_ice/deepmd_data	277	-1103.658767
1283	1284	quantum_ice	ice	quantum	SET2_original	275					../alldata/quantum_ice/deepmd_data	278	-1103.553705
1284	1285	quantum_ice	ice	quantum	SET2_original	276					../alldata/quantum_ice/deepmd_data	279	-1103.446591
1285	1286	quantum_ice	ice	quantum	SET2_original	277					../alldata/quantum_ice/deepmd_data	280	-1103.641723
1286	1287	quantum_ice	ice	quantum	SET2_original	278					../alldata/quantum_ice/deepmd_data	281	-1103.521854
1287	1288	quantum_ice	ice	quantum	SET2_original	279					../alldata/quantum_ice/deepmd_data	282	-1103.599064
1288	1289	quantum_ice	ice	quantum	SET2_original	280					../alldata/quantum_ice/deepmd_data	283	-1103.392592
1289	1290	quantum_ice	ice	quantum	SET2_original	281					../alldata/quantum_ice/deepmd_data	284	-1103.458862
1290	1291	quantum_ice	ice	quantum	SET2_original	282					../alldata/quantum_ice/deepmd_data	285	-1103.577823
1291	1292	quantum_ice	ice	quantum	SET2_original	283					../alldata/quantum_ice/deepmd_data	286	-1103.581285
1292	1293	quantum_ice	ice	quantum	SET2_original	284					../alldata/quantum_ice/deepmd_data	287	-1103.620305
1293	1294	quantum_ice	ice	quantum	SET2_original	285					../alldata/quantum_ice/deepmd_data	288	-1103.553028
1294	1295	quantum_ice	ice	quantum	SET2_original	286					../alldata/quantum_ice/deepmd_data	289	-1103.667161
1295	1296	quantum_ice	ice	quantum	SET2_original	287					../alldata/quantum_ice/deepmd_data	290	-1103.590715
1296	1297	quantum_ice	ice	quantum	SET2_original	288					../alldata/quantum_ice/deepmd_data	291	-1103.511943
1297	1298	quantum_ice	ice	quantum	SET2_original	289					../alldata/quantum_ice/deepmd_data	292	-1103.461306
1298	1299	quantum_ice	ice	quantum	SET2_original	290					../alldata/quantum_ice/deepmd_data	293	-1103.606730
1299	1300	quantum_ice	ice	quantum	SET2_original	291					../alldata/quantum_ice/deepmd_data	294	-1103.618703
1300	1301	quantum_ice	ice	quantum	SET2_original	292					../alldata/quantum_ice/deepmd_data	295	-1103.638621
1301	1302	quantum_ice	ice	quantum	SET2_original	293					../alldata/quantum_ice/deepmd_data	296	-1103.637802
1302	1303	quantum_ice	ice	quantum	SET2_original	294					../alldata/quantum_ice/deepmd_data	297	-1103.563351
1303	1304	quantum_ice	ice	quantum	SET2_original	295					../alldata/quantum_ice/deepmd_data	298	-1103.609560
1304	1305	quantum_ice	ice	quantum	SET2_original	296					../alldata/quantum_ice/deepmd_data	299	-1103.519039
1305	1306	quantum_ice	ice	quantum	SET2_original	297					../alldata/quantum_ice/deepmd_data	300	-1103.621860
1306	1307	quantum_ice	ice	quantum	SET2_original	298					../alldata/quantum_ice/deepmd_data	301	-1103.521222
1307	1308	quantum_ice	ice	quantum	SET2_original	299					../alldata/quantum_ice/deepmd_data	302	-1103.516125
1308	1309	quantum_ice	ice	quantum	SET2_original	300					../alldata/quantum_ice/deepmd_data	303	-1103.521009
1309	1310	quantum_ice	ice	quantum	SET2_original	301					../alldata/quantum_ice/deepmd_data	304	-1103.566876
1310	1311	quantum_ice	ice	quantum	SET2_original	302					../alldata/quantum_ice/deepmd_data	305	-1103.492932
1311	1312	quantum_ice	ice	quantum	SET2_original	303					../alldata/quantum_ice/deepmd_data	306	-1103.461872
1312	1313	quantum_ice	ice	quantum	SET2_original	304					../alldata/quantum_ice/deepmd_data	307	-1103.468035
1313	1314	quantum_ice	ice	quantum	SET2_original	305					../alldata/quantum_ice/deepmd_data	308	-1103.528792
1314	1315	quantum_ice	ice	quantum	SET2_original	306					../alldata/quantum_ice/deepmd_data	309	-1103.660781
1315	1316	quantum_ice	ice	quantum	SET2_original	307					../alldata/quantum_ice/deepmd_data	310	-1103.584346
1316	1317	quantum_ice	ice	quantum	SET2_original	308					../alldata/quantum_ice/deepmd_data	311	-1103.456481
1317	1318	quantum_ice	ice	quantum	SET2_original	309					../alldata/quantum_ice/deepmd_data	312	-1103.609902
1318	1319	quantum_ice	ice	quantum	SET2_original	310					../alldata/quantum_ice/deepmd_data	313	-1103.533985
1319	1320	quantum_ice	ice	quantum	SET2_original	311					../alldata/quantum_ice/deepmd_data	314	-1103.492686
1320	1321	quantum_ice	ice	quantum	SET2_original	312					../alldata/quantum_ice/deepmd_data	315	-1103.423476
1321	1322	quantum_ice	ice	quantum	SET2_original	313					../alldata/quantum_ice/deepmd_data	316	-1103.575074
1322	1323	quantum_ice	ice	quantum	SET2_original	314					../alldata/quantum_ice/deepmd_data	317	-1103.553422
1323	1324	quantum_ice	ice	quantum	SET2_original	315					../alldata/quantum_ice/deepmd_data	318	-1103.449315
1324	1325	quantum_ice	ice	quantum	SET2_original	316					../alldata/quantum_ice/deepmd_data	319	-1103.556821
1325	1326	quantum_ice	ice	quantum	SET2_original	317					../alldata/quantum_ice/deepmd_data	320	-1103.617546
1326	1327	quantum_ice	ice	quantum	SET2_original	318					../alldata/quantum_ice/deepmd_data	321	-1103.545238
1327	1328	quantum_ice	ice	quantum	SET2_original	319					../alldata/quantum_ice/deepmd_data	322	-1103.494847
1328	1329	quantum_ice	ice	quantum	SET2_original	320					../alldata/quantum_ice/deepmd_data	323	-1103.736977
1329	1330	quantum_ice	ice	quantum	SET2_original	321					../alldata/quantum_ice/deepmd_data	324	-1103.489952
1330	1331	quantum_ice	ice	quantum	SET2_original	322					../alldata/quantum_ice/deepmd_data	325	-1103.581322
1331	1332	quantum_ice	ice	quantum	SET2_original	323					../alldata/quantum_ice/deepmd_data	326	-1103.633315
1332	1333	quantum_ice	ice	quantum	SET2_original	324					../alldata/quantum_ice/deepmd_data	327	-1103.450553
1333	1334	quantum_ice	ice	quantum	SET2_original	325					../alldata/quantum_ice/deepmd_data	328	-1103.589826
1334	1335	quantum_ice	ice	quantum	SET2_original	326					../alldata/quantum_ice/deepmd_data	329	-1103.515636
1335	1336	quantum_ice	ice	quantum	SET2_original	327					../alldata/quantum_ice/deepmd_data	330	-1103.466748
1336	1337	quantum_ice	ice	quantum	SET2_original	328					../alldata/quantum_ice/deepmd_data	331	-1103.626990
1337	1338	quantum_ice	ice	quantum	SET2_original	329					../alldata/quantum_ice/deepmd_data	332	-1103.564355
1338	1339	quantum_ice	ice	quantum	SET2_original	330					../alldata/quantum_ice/deepmd_data	333	-1103.485965
1339	1340	quantum_ice	ice	quantum	SET2_original	331					../alldata/quantum_ice/deepmd_data	334	-1103.328777
1340	1341	quantum_ice	ice	quantum	SET2_original	332					../alldata/quantum_ice/deepmd_data	335	-1103.502671
1341	1342	quantum_ice	ice	quantum	SET2_original	333					../alldata/quantum_ice/deepmd_data	336	-1103.520322
1342	1343	quantum_ice	ice	quantum	SET2_original	334					../alldata/quantum_ice/deepmd_data	337	-1103.483043
1343	1344	quantum_ice	ice	quantum	SET2_original	335					../alldata/quantum_ice/deepmd_data	338	-1103.553719
1344	1345	quantum_ice	ice	quantum	SET2_original	336					../alldata/quantum_ice/deepmd_data	339	-1103.629254
1345	1346	quantum_ice	ice	quantum	SET2_original	337					../alldata/quantum_ice/deepmd_data	340	-1103.627012
1346	1347	quantum_ice	ice	quantum	SET2_original	338					../alldata/quantum_ice/deepmd_data	341	-1103.566982
1347	1348	quantum_ice	ice	quantum	SET2_original	339					../alldata/quantum_ice/deepmd_data	342	-1103.513394
1348	1349	quantum_ice	ice	quantum	SET2_original	340					../alldata/quantum_ice/deepmd_data	343	-1103.482378
1349	1350	quantum_ice	ice	quantum	SET2_original	341					../alldata/quantum_ice/deepmd_data	344	-1103.517437
1350	1351	quantum_ice	ice	quantum	SET2_original	342					../alldata/quantum_ice/deepmd_data	345	-1103.537675
1351	1352	quantum_ice	ice	quantum	SET2_original	343					../alldata/quantum_ice/deepmd_data	346	-1103.575199
1352	1353	quantum_ice	ice	quantum	SET2_original	344					../alldata/quantum_ice/deepmd_data	347	-1103.640470
1353	1354	quantum_ice	ice	quantum	SET2_original	345					../alldata/quantum_ice/deepmd_data	348	-1103.452530
1354	1355	quantum_ice	ice	quantum	SET2_original	346					../alldata/quantum_ice/deepmd_data	349	-1103.580627
1355	1356	quantum_ice	ice	quantum	SET2_original	347					../alldata/quantum_ice/deepmd_data	350	-1103.530321
1356	1357	quantum_ice	ice	quantum	SET2_original	348					../alldata/quantum_ice/deepmd_data	351	-1103.558243
1357	1358	quantum_ice	ice	quantum	SET2_original	349					../alldata/quantum_ice/deepmd_data	352	-1103.612562
1358	1359	quantum_ice	ice	quantum	SET2_original	350					../alldata/quantum_ice/deepmd_data	353	-1103.580315
1359	1360	quantum_ice	ice	quantum	SET2_original	351					../alldata/quantum_ice/deepmd_data	354	-1103.539692
1360	1361	quantum_ice	ice	quantum	SET2_original	352					../alldata/quantum_ice/deepmd_data	355	-1103.568794
1361	1362	quantum_ice	ice	quantum	SET2_original	353					../alldata/quantum_ice/deepmd_data	356	-1103.549993
1362	1363	quantum_ice	ice	quantum	SET2_original	354					../alldata/quantum_ice/deepmd_data	357	-1103.524155
1363	1364	quantum_ice	ice	quantum	SET2_original	355					../alldata/quantum_ice/deepmd_data	358	-1103.709158
1364	1365	quantum_ice	ice	quantum	SET2_original	356					../alldata/quantum_ice/deepmd_data	359	-1103.568919
1365	1366	quantum_ice	ice	quantum	SET2_original	357					../alldata/quantum_ice/deepmd_data	360	-1103.520865
1366	1367	quantum_ice	ice	quantum	SET2_original	358					../alldata/quantum_ice/deepmd_data	361	-1103.559393
1367	1368	quantum_ice	ice	quantum	SET2_original	359					../alldata/quantum_ice/deepmd_data	362	-1103.611401
1368	1369	quantum_ice	ice	quantum	SET2_original	360					../alldata/quantum_ice/deepmd_data	363	-1103.430613
1369	1370	quantum_ice	ice	quantum	SET2_original	361					../alldata/quantum_ice/deepmd_data	364	-1103.529064
1370	1371	quantum_ice	ice	quantum	SET2_original	362					../alldata/quantum_ice/deepmd_data	365	-1103.666540
1371	1372	quantum_ice	ice	quantum	SET2_original	363					../alldata/quantum_ice/deepmd_data	366	-1103.549795
1372	1373	quantum_ice	ice	quantum	SET2_original	364					../alldata/quantum_ice/deepmd_data	367	-1103.487247
1373	1374	quantum_ice	ice	quantum	SET2_original	365					../alldata/quantum_ice/deepmd_data	368	-1103.506544
1374	1375	quantum_ice	ice	quantum	SET2_original	366					../alldata/quantum_ice/deepmd_data	369	-1103.515269
1375	1376	quantum_ice	ice	quantum	SET2_original	367					../alldata/quantum_ice/deepmd_data	370	-1103.327557
1376	1377	quantum_ice	ice	quantum	SET2_original	368					../alldata/quantum_ice/deepmd_data	371	-1103.386087
1377	1378	quantum_ice	ice	quantum	SET2_original	369					../alldata/quantum_ice/deepmd_data	372	-1103.503211
1378	1379	quantum_ice	ice	quantum	SET2_original	370					../alldata/quantum_ice/deepmd_data	373	-1103.416211
1379	1380	quantum_ice	ice	quantum	SET2_original	371					../alldata/quantum_ice/deepmd_data	374	-1103.483896
1380	1381	quantum_ice	ice	quantum	SET2_original	372					../alldata/quantum_ice/deepmd_data	375	-1103.542077
1381	1382	quantum_ice	ice	quantum	SET2_original	373					../alldata/quantum_ice/deepmd_data	376	-1103.487486
1382	1383	quantum_ice	ice	quantum	SET2_original	374					../alldata/quantum_ice/deepmd_data	377	-1103.444317
1383	1384	quantum_ice	ice	quantum	SET2_original	375					../alldata/quantum_ice/deepmd_data	378	-1103.571127
1384	1385	quantum_ice	ice	quantum	SET2_original	376					../alldata/quantum_ice/deepmd_data	379	-1103.490518
1385	1386	quantum_ice	ice	quantum	SET2_original	377					../alldata/quantum_ice/deepmd_data	380	-1103.515992
1386	1387	quantum_ice	ice	quantum	SET2_original	378					../alldata/quantum_ice/deepmd_data	381	-1103.349066
1387	1388	quantum_ice	ice	quantum	SET2_original	379					../alldata/quantum_ice/deepmd_data	382	-1103.634586
1388	1389	quantum_ice	ice	quantum	SET2_original	380					../alldata/quantum_ice/deepmd_data	383	-1103.570756
1389	1390	quantum_ice	ice	quantum	SET2_original	381					../alldata/quantum_ice/deepmd_data	384	-1103.494729
1390	1391	quantum_ice	ice	quantum	SET2_original	382					../alldata/quantum_ice/deepmd_data	385	-1103.484182
1391	1392	quantum_ice	ice	quantum	SET2_original	383					../alldata/quantum_ice/deepmd_data	386	-1103.517371
1392	1393	quantum_ice	ice	quantum	SET2_original	384					../alldata/quantum_ice/deepmd_data	387	-1103.518683
1393	1394	quantum_ice	ice	quantum	SET2_original	385					../alldata/quantum_ice/deepmd_data	388	-1103.470195
1394	1395	quantum_ice	ice	quantum	SET2_original	386					../alldata/quantum_ice/deepmd_data	389	-1103.526069
1395	1396	quantum_ice	ice	quantum	SET2_original	387					../alldata/quantum_ice/deepmd_data	390	-1103.597006
1396	1397	quantum_ice	ice	quantum	SET2_original	388					../alldata/quantum_ice/deepmd_data	391	-1103.601990
1397	1398	quantum_ice	ice	quantum	SET2_original	389					../alldata/quantum_ice/deepmd_data	392	-1103.523353
1398	1399	quantum_ice	ice	quantum	SET2_original	390					../alldata/quantum_ice/deepmd_data	393	-1103.500900
1399	1400	quantum_ice	ice	quantum	SET2_original	391					../alldata/quantum_ice/deepmd_data	394	-1103.628596
1400	1401	quantum_ice	ice	quantum	SET2_original	392					../alldata/quantum_ice/deepmd_data	395	-1103.531964
1401	1402	quantum_ice	ice	quantum	SET2_original	393					../alldata/quantum_ice/deepmd_data	396	-1103.496332
1402	1403	quantum_ice	ice	quantum	SET2_original	394					../alldata/quantum_ice/deepmd_data	397	-1103.547152
1403	1404	quantum_ice	ice	quantum	SET2_original	395					../alldata/quantum_ice/deepmd_data	398	-1103.537480
1404	1405	quantum_ice	ice	quantum	SET2_original	396					../alldata/quantum_ice/deepmd_data	399	-1103.426736
1405	1406	quantum_ice	ice	quantum	SET2_original	397					../alldata/quantum_ice/deepmd_data	400	-1103.618394
1406	1407	quantum_ice	ice	quantum	SET2_original	398					../alldata/quantum_ice/deepmd_data	401	-1103.725269
1407	1408	quantum_ice	ice	quantum	SET2_original	399					../alldata/quantum_ice/deepmd_data	402	-1103.685083
1408	1409	quantum_ice	ice	quantum	SET2_original	400					../alldata/quantum_ice/deepmd_data	403	-1103.670005
1409	1410	quantum_ice	ice	quantum	SET2_original	401					../alldata/quantum_ice/deepmd_data	404	-1103.542320
1410	1411	quantum_ice	ice	quantum	SET2_original	402					../alldata/quantum_ice/deepmd_data	405	-1103.644321
1411	1412	quantum_ice	ice	quantum	SET2_original	403					../alldata/quantum_ice/deepmd_data	406	-1103.591795
1412	1413	quantum_ice	ice	quantum	SET2_original	404					../alldata/quantum_ice/deepmd_data	407	-1103.656481
1413	1414	quantum_ice	ice	quantum	SET2_original	405					../alldata/quantum_ice/deepmd_data	408	-1103.694837
1414	1415	quantum_ice	ice	quantum	SET2_original	406					../alldata/quantum_ice/deepmd_data	409	-1103.670865
1415	1416	quantum_ice	ice	quantum	SET2_original	407					../alldata/quantum_ice/deepmd_data	410	-1103.728470
1416	1417	quantum_ice	ice	quantum	SET2_original	408					../alldata/quantum_ice/deepmd_data	411	-1103.708853
1417	1418	quantum_ice	ice	quantum	SET2_original	409					../alldata/quantum_ice/deepmd_data	412	-1103.612327
1418	1419	quantum_ice	ice	quantum	SET2_original	410					../alldata/quantum_ice/deepmd_data	413	-1103.730329
1419	1420	quantum_ice	ice	quantum	SET2_original	411					../alldata/quantum_ice/deepmd_data	414	-1103.730351
1420	1421	quantum_ice	ice	quantum	SET2_original	412					../alldata/quantum_ice/deepmd_data	415	-1103.625844
1421	1422	quantum_ice	ice	quantum	SET2_original	413					../alldata/quantum_ice/deepmd_data	416	-1103.677418
1422	1423	quantum_ice	ice	quantum	SET2_original	414					../alldata/quantum_ice/deepmd_data	417	-1103.698170
1423	1424	quantum_ice	ice	quantum	SET2_original	415					../alldata/quantum_ice/deepmd_data	418	-1103.654468
1424	1425	quantum_ice	ice	quantum	SET2_original	416					../alldata/quantum_ice/deepmd_data	419	-1103.777651
1425	1426	quantum_ice	ice	quantum	SET2_original	417					../alldata/quantum_ice/deepmd_data	420	-1103.740674
1426	1427	quantum_ice	ice	quantum	SET2_original	418					../alldata/quantum_ice/deepmd_data	421	-1103.618350
1427	1428	quantum_ice	ice	quantum	SET2_original	419					../alldata/quantum_ice/deepmd_data	422	-1103.688810
1428	1429	quantum_ice	ice	quantum	SET2_original	420					../alldata/quantum_ice/deepmd_data	423	-1103.629934
1429	1430	quantum_ice	ice	quantum	SET2_original	421					../alldata/quantum_ice/deepmd_data	424	-1103.650763
1430	1431	quantum_ice	ice	quantum	SET2_original	422					../alldata/quantum_ice/deepmd_data	425	-1103.661090
1431	1432	quantum_ice	ice	quantum	SET2_original	423					../alldata/quantum_ice/deepmd_data	426	-1103.617766
1432	1433	quantum_ice	ice	quantum	SET2_original	424					../alldata/quantum_ice/deepmd_data	427	-1103.561727
1433	1434	quantum_ice	ice	quantum	SET2_original	425					../alldata/quantum_ice/deepmd_data	428	-1103.657128
1434	1435	quantum_ice	ice	quantum	SET2_original	426					../alldata/quantum_ice/deepmd_data	429	-1103.615337
1435	1436	quantum_ice	ice	quantum	SET2_original	427					../alldata/quantum_ice/deepmd_data	430	-1103.618472
1436	1437	quantum_ice	ice	quantum	SET2_original	428					../alldata/quantum_ice/deepmd_data	431	-1103.439716
1437	1438	quantum_ice	ice	quantum	SET2_original	429					../alldata/quantum_ice/deepmd_data	432	-1103.662012
1438	1439	quantum_ice	ice	quantum	SET2_original	430					../alldata/quantum_ice/deepmd_data	433	-1103.690772
1439	1440	quantum_ice	ice	quantum	SET2_original	431					../alldata/quantum_ice/deepmd_data	434	-1103.588892
1440	1441	quantum_ice	ice	quantum	SET2_original	432					../alldata/quantum_ice/deepmd_data	435	-1103.678193
1441	1442	quantum_ice	ice	quantum	SET2_original	433					../alldata/quantum_ice/deepmd_data	436	-1103.650157
1442	1443	quantum_ice	ice	quantum	SET2_original	434					../alldata/quantum_ice/deepmd_data	437	-1103.621298
1443	1444	quantum_ice	ice	quantum	SET2_original	435					../alldata/quantum_ice/deepmd_data	438	-1103.733001
1444	1445	quantum_ice	ice	quantum	SET2_original	436					../alldata/quantum_ice/deepmd_data	439	-1103.568695
1445	1446	quantum_ice	ice	quantum	SET2_original	437					../alldata/quantum_ice/deepmd_data	440	-1103.682908
1446	1447	quantum_ice	ice	quantum	SET2_original	438					../alldata/quantum_ice/deepmd_data	441	-1103.580465
1447	1448	quantum_ice	ice	quantum	SET2_original	439					../alldata/quantum_ice/deepmd_data	442	-1103.562311
1448	1449	quantum_ice	ice	quantum	SET2_original	440					../alldata/quantum_ice/deepmd_data	443	-1103.483172
1449	1450	quantum_ice	ice	quantum	SET2_original	441					../alldata/quantum_ice/deepmd_data	444	-1103.679755
1450	1451	quantum_ice	ice	quantum	SET2_original	442					../alldata/quantum_ice/deepmd_data	445	-1103.631345
1451	1452	quantum_ice	ice	quantum	SET2_original	443					../alldata/quantum_ice/deepmd_data	446	-1103.699621
1452	1453	quantum_ice	ice	quantum	SET2_original	444					../alldata/quantum_ice/deepmd_data	447	-1103.595514
1453	1454	quantum_ice	ice	quantum	SET2_original	445					../alldata/quantum_ice/deepmd_data	448	-1103.446918
1454	1455	quantum_ice	ice	quantum	SET2_original	446					../alldata/quantum_ice/deepmd_data	449	-1103.587683
1455	1456	quantum_ice	ice	quantum	SET2_original	447					../alldata/quantum_ice/deepmd_data	450	-1103.640279
1456	1457	quantum_ice	ice	quantum	SET2_original	448					../alldata/quantum_ice/deepmd_data	451	-1103.631606
1457	1458	quantum_ice	ice	quantum	SET2_original	449					../alldata/quantum_ice/deepmd_data	452	-1103.432542
1458	1459	quantum_ice	ice	quantum	SET2_original	450					../alldata/quantum_ice/deepmd_data	453	-1103.527914
1459	1460	quantum_ice	ice	quantum	SET2_original	451					../alldata/quantum_ice/deepmd_data	454	-1103.597672
1460	1461	quantum_ice	ice	quantum	SET2_original	452					../alldata/quantum_ice/deepmd_data	455	-1103.582663
1461	1462	quantum_ice	ice	quantum	SET2_original	453					../alldata/quantum_ice/deepmd_data	456	-1103.511781
1462	1463	quantum_ice	ice	quantum	SET2_original	454					../alldata/quantum_ice/deepmd_data	457	-1103.627350
1463	1464	quantum_ice	ice	quantum	SET2_original	455					../alldata/quantum_ice/deepmd_data	458	-1103.524809
1464	1465	quantum_ice	ice	quantum	SET2_original	456					../alldata/quantum_ice/deepmd_data	459	-1103.546245
1465	1466	quantum_ice	ice	quantum	SET2_original	457					../alldata/quantum_ice/deepmd_data	460	-1103.652119
1466	1467	quantum_ice	ice	quantum	SET2_original	458					../alldata/quantum_ice/deepmd_data	461	-1103.672287
1467	1468	quantum_ice	ice	quantum	SET2_original	459					../alldata/quantum_ice/deepmd_data	462	-1103.628467
1468	1469	quantum_ice	ice	quantum	SET2_original	460					../alldata/quantum_ice/deepmd_data	463	-1103.707104
1469	1470	quantum_ice	ice	quantum	SET2_original	461					../alldata/quantum_ice/deepmd_data	464	-1103.674941
1470	1471	quantum_ice	ice	quantum	SET2_original	462					../alldata/quantum_ice/deepmd_data	465	-1103.548854
1471	1472	quantum_ice	ice	quantum	SET2_original	463					../alldata/quantum_ice/deepmd_data	466	-1103.628151
1472	1473	quantum_ice	ice	quantum	SET2_original	464					../alldata/quantum_ice/deepmd_data	467	-1103.581116
1473	1474	quantum_ice	ice	quantum	SET2_original	465					../alldata/quantum_ice/deepmd_data	468	-1103.579528
1474	1475	quantum_ice	ice	quantum	SET2_original	466					../alldata/quantum_ice/deepmd_data	469	-1103.555619
1475	1476	quantum_ice	ice	quantum	SET2_original	467					../alldata/quantum_ice/deepmd_data	470	-1103.490389
1476	1477	quantum_ice	ice	quantum	SET2_original	468					../alldata/quantum_ice/deepmd_data	471	-1103.636435
1477	1478	quantum_ice	ice	quantum	SET2_original	469					../alldata/quantum_ice/deepmd_data	472	-1103.561348
1478	1479	quantum_ice	ice	quantum	SET2_original	470					../alldata/quantum_ice/deepmd_data	473	-1103.598866
1479	1480	quantum_ice	ice	quantum	SET2_original	471					../alldata/quantum_ice/deepmd_data	474	-1103.489709
1480	1481	quantum_ice	ice	quantum	SET2_original	472					../alldata/quantum_ice/deepmd_data	475	-1103.485373
1481	1482	quantum_ice	ice	quantum	SET2_original	473					../alldata/quantum_ice/deepmd_data	476	-1103.737697
1482	1483	quantum_ice	ice	quantum	SET2_original	474					../alldata/quantum_ice/deepmd_data	477	-1103.621485
1483	1484	quantum_ice	ice	quantum	SET2_original	475					../alldata/quantum_ice/deepmd_data	478	-1103.676870
1484	1485	quantum_ice	ice	quantum	SET2_original	476					../alldata/quantum_ice/deepmd_data	479	-1103.594169
1485	1486	quantum_ice	ice	quantum	SET2_original	477					../alldata/quantum_ice/deepmd_data	480	-1103.652391
1486	1487	quantum_ice	ice	quantum	SET2_original	478					../alldata/quantum_ice/deepmd_data	481	-1103.690530
1487	1488	quantum_ice	ice	quantum	SET2_original	479					../alldata/quantum_ice/deepmd_data	482	-1103.556310
1488	1489	quantum_ice	ice	quantum	SET2_original	480					../alldata/quantum_ice/deepmd_data	483	-1103.463478
1489	1490	quantum_ice	ice	quantum	SET2_original	481					../alldata/quantum_ice/deepmd_data	484	-1103.475076
1490	1491	quantum_ice	ice	quantum	SET2_original	482					../alldata/quantum_ice/deepmd_data	485	-1103.562227
1491	1492	quantum_ice	ice	quantum	SET2_original	483					../alldata/quantum_ice/deepmd_data	486	-1103.573292
1492	1493	quantum_ice	ice	quantum	SET2_original	484					../alldata/quantum_ice/deepmd_data	487	-1103.552793
1493	1494	quantum_ice	ice	quantum	SET2_original	485					../alldata/quantum_ice/deepmd_data	488	-1103.671949
1494	1495	quantum_ice	ice	quantum	SET2_original	486					../alldata/quantum_ice/deepmd_data	489	-1103.658848
1495	1496	quantum_ice	ice	quantum	SET2_original	487					../alldata/quantum_ice/deepmd_data	490	-1103.525286
1496	1497	quantum_ice	ice	quantum	SET2_original	488					../alldata/quantum_ice/deepmd_data	491	-1103.555516
1497	1498	quantum_ice	ice	quantum	SET2_original	489					../alldata/quantum_ice/deepmd_data	492	-1103.673621
1498	1499	quantum_ice	ice	quantum	SET2_original	490					../alldata/quantum_ice/deepmd_data	493	-1103.504898
1499	1500	quantum_ice	ice	quantum	SET2_original	491					../alldata/quantum_ice/deepmd_data	494	-1103.470166
1500	1501	quantum_ice	ice	quantum	SET2_original	492					../alldata/quantum_ice/deepmd_data	495	-1103.605591
1501	1502	quantum_ice	ice	quantum	SET2_original	493					../alldata/quantum_ice/deepmd_data	496	-1103.580906
1502	1503	quantum_ice	ice	quantum	SET2_original	494					../alldata/quantum_ice/deepmd_data	497	-1103.496898
1503	1504	quantum_ice	ice	quantum	SET2_original	495					../alldata/quantum_ice/deepmd_data	498	-1103.393459
1504	1505	quantum_ice	ice	quantum	SET2_original	496					../alldata/quantum_ice/deepmd_data	499	-1103.606245
1505	1506	quantum_ice	ice	quantum	SET2_original	497					../alldata/quantum_ice/deepmd_data	500	-1103.586639
1506	1507	quantum_ice	ice	quantum	SET2_original	498					../alldata/quantum_ice/deepmd_data	501	-1103.559823
1507	1508	quantum_ice	ice	quantum	SET2_original	499					../alldata/quantum_ice/deepmd_data	502	-1103.631095
1508	1509	quantum_ice	ice	quantum	SET2_original	500					../alldata/quantum_ice/deepmd_data	503	-1103.641366
1509	1510	quantum_ice	ice	quantum	SET2_original	501					../alldata/quantum_ice/deepmd_data	504	-1103.607627
1510	1511	quantum_ice	ice	quantum	SET2_original	502					../alldata/quantum_ice/deepmd_data	505	-1103.565946
1511	1512	quantum_ice	ice	quantum	SET2_original	503					../alldata/quantum_ice/deepmd_data	506	-1103.515463
1512	1513	quantum_ice	ice	quantum	SET2_original	504					../alldata/quantum_ice/deepmd_data	507	-1103.597863
1513	1514	quantum_ice	ice	quantum	SET2_original	505					../alldata/quantum_ice/deepmd_data	508	-1103.641826
1514	1515	quantum_ice	ice	quantum	SET2_original	506					../alldata/quantum_ice/deepmd_data	509	-1103.546083
1515	1516	quantum_ice	ice	quantum	SET2_original	507					../alldata/quantum_ice/deepmd_data	510	-1103.573990
1516	1517	quantum_ice	ice	quantum	SET2_original	508					../alldata/quantum_ice/deepmd_data	511	-1103.672761
1517	1518	quantum_ice	ice	quantum	SET2_original	509					../alldata/quantum_ice/deepmd_data	512	-1103.660439
1518	1519	quantum_ice	ice	quantum	SET2_original	510					../alldata/quantum_ice/deepmd_data	513	-1103.621412
1519	1520	quantum_ice	ice	quantum	SET2_original	511					../alldata/quantum_ice/deepmd_data	514	-1103.553209
1520	1521	quantum_ice	ice	quantum	SET2_original	512					../alldata/quantum_ice/deepmd_data	515	-1103.543639
1521	1522	quantum_ice	ice	quantum	SET2_original	513					../alldata/quantum_ice/deepmd_data	516	-1103.558945
1522	1523	quantum_ice	ice	quantum	SET2_original	514					../alldata/quantum_ice/deepmd_data	517	-1103.621360
1523	1524	quantum_ice	ice	quantum	SET2_original	515					../alldata/quantum_ice/deepmd_data	518	-1103.467417
1524	1525	quantum_ice	ice	quantum	SET2_original	516					../alldata/quantum_ice/deepmd_data	519	-1103.569081
1525	1526	quantum_ice	ice	quantum	SET2_original	517					../alldata/quantum_ice/deepmd_data	520	-1103.545429
1526	1527	quantum_ice	ice	quantum	SET2_original	518					../alldata/quantum_ice/deepmd_data	521	-1103.542724
1527	1528	quantum_ice	ice	quantum	SET2_original	519					../alldata/quantum_ice/deepmd_data	522	-1103.658429
1528	1529	quantum_ice	ice	quantum	SET2_original	520					../alldata/quantum_ice/deepmd_data	523	-1103.478938
1529	1530	quantum_ice	ice	quantum	SET2_original	521					../alldata/quantum_ice/deepmd_data	524	-1103.439583
1530	1531	quantum_ice	ice	quantum	SET2_original	522					../alldata/quantum_ice/deepmd_data	525	-1103.621625
1531	1532	quantum_ice	ice	quantum	SET2_original	523					../alldata/quantum_ice/deepmd_data	526	-1103.467968
1532	1533	quantum_ice	ice	quantum	SET2_original	524					../alldata/quantum_ice/deepmd_data	527	-1103.658892
1533	1534	quantum_ice	ice	quantum	SET2_original	525					../alldata/quantum_ice/deepmd_data	528	-1103.661461
1534	1535	quantum_ice	ice	quantum	SET2_original	526					../alldata/quantum_ice/deepmd_data	529	-1103.632995
1535	1536	quantum_ice	ice	quantum	SET2_original	527					../alldata/quantum_ice/deepmd_data	530	-1103.497721
1536	1537	quantum_ice	ice	quantum	SET2_original	528					../alldata/quantum_ice/deepmd_data	531	-1103.594610
1537	1538	quantum_ice	ice	quantum	SET2_original	529					../alldata/quantum_ice/deepmd_data	532	-1103.423715
1538	1539	quantum_ice	ice	quantum	SET2_original	530					../alldata/quantum_ice/deepmd_data	533	-1103.552088
1539	1540	quantum_ice	ice	quantum	SET2_original	531					../alldata/quantum_ice/deepmd_data	534	-1103.635744
1540	1541	quantum_ice	ice	quantum	SET2_original	532					../alldata/quantum_ice/deepmd_data	535	-1103.500984
1541	1542	quantum_ice	ice	quantum	SET2_original	533					../alldata/quantum_ice/deepmd_data	536	-1103.665415
1542	1543	quantum_ice	ice	quantum	SET2_original	534					../alldata/quantum_ice/deepmd_data	537	-1103.631352
1543	1544	quantum_ice	ice	quantum	SET2_original	535					../alldata/quantum_ice/deepmd_data	538	-1103.398634
1544	1545	quantum_ice	ice	quantum	SET2_original	536					../alldata/quantum_ice/deepmd_data	539	-1103.536311
1545	1546	quantum_ice	ice	quantum	SET2_original	537					../alldata/quantum_ice/deepmd_data	540	-1103.555432
1546	1547	quantum_ice	ice	quantum	SET2_original	538					../alldata/quantum_ice/deepmd_data	541	-1103.510557
1547	1548	quantum_ice	ice	quantum	SET2_original	539					../alldata/quantum_ice/deepmd_data	542	-1103.515151
1548	1549	quantum_ice	ice	quantum	SET2_original	540					../alldata/quantum_ice/deepmd_data	543	-1103.509087
1549	1550	quantum_ice	ice	quantum	SET2_original	541					../alldata/quantum_ice/deepmd_data	544	-1103.601479
1550	1551	quantum_ice	ice	quantum	SET2_original	542					../alldata/quantum_ice/deepmd_data	545	-1103.575166
1551	1552	quantum_ice	ice	quantum	SET2_original	543					../alldata/quantum_ice/deepmd_data	546	-1103.442303
1552	1553	quantum_ice	ice	quantum	SET2_original	544					../alldata/quantum_ice/deepmd_data	547	-1103.534386
1553	1554	quantum_ice	ice	quantum	SET2_original	545					../alldata/quantum_ice/deepmd_data	548	-1103.556343
1554	1555	quantum_ice	ice	quantum	SET2_original	546					../alldata/quantum_ice/deepmd_data	549	-1103.431035
1555	1556	quantum_ice	ice	quantum	SET2_original	547					../alldata/quantum_ice/deepmd_data	550	-1103.598035
1556	1557	quantum_ice	ice	quantum	SET2_original	548					../alldata/quantum_ice/deepmd_data	551	-1103.372924
1557	1558	quantum_ice	ice	quantum	SET2_original	549					../alldata/quantum_ice/deepmd_data	552	-1103.563774
1558	1559	quantum_ice	ice	quantum	SET2_original	550					../alldata/quantum_ice/deepmd_data	553	-1103.615671
1559	1560	quantum_ice	ice	quantum	SET2_original	551					../alldata/quantum_ice/deepmd_data	554	-1103.452262
1560	1561	quantum_ice	ice	quantum	SET2_original	552					../alldata/quantum_ice/deepmd_data	555	-1103.644836
1561	1562	quantum_ice	ice	quantum	SET2_original	553					../alldata/quantum_ice/deepmd_data	556	-1103.392746
1562	1563	quantum_ice	ice	quantum	SET2_original	554					../alldata/quantum_ice/deepmd_data	557	-1103.700386
1563	1564	quantum_ice	ice	quantum	SET2_original	555					../alldata/quantum_ice/deepmd_data	558	-1103.570995
1564	1565	quantum_ice	ice	quantum	SET2_original	556					../alldata/quantum_ice/deepmd_data	559	-1103.578011
1565	1566	quantum_ice	ice	quantum	SET2_original	557					../alldata/quantum_ice/deepmd_data	560	-1103.620305
1566	1567	quantum_ice	ice	quantum	SET2_original	558					../alldata/quantum_ice/deepmd_data	561	-1103.635196
1567	1568	quantum_ice	ice	quantum	SET2_original	559					../alldata/quantum_ice/deepmd_data	562	-1103.529524
1568	1569	quantum_ice	ice	quantum	SET2_original	560					../alldata/quantum_ice/deepmd_data	563	-1103.574372
1569	1570	quantum_ice	ice	quantum	SET2_original	561					../alldata/quantum_ice/deepmd_data	564	-1103.532177
1570	1571	quantum_ice	ice	quantum	SET2_original	562					../alldata/quantum_ice/deepmd_data	565	-1103.623944
1571	1572	quantum_ice	ice	quantum	SET2_original	563					../alldata/quantum_ice/deepmd_data	566	-1103.616458
1572	1573	quantum_ice	ice	quantum	SET2_original	564					../alldata/quantum_ice/deepmd_data	567	-1103.596433
1573	1574	quantum_ice	ice	quantum	SET2_original	565					../alldata/quantum_ice/deepmd_data	568	-1103.461210
1574	1575	quantum_ice	ice	quantum	SET2_original	566					../alldata/quantum_ice/deepmd_data	569	-1103.522651
1575	1576	quantum_ice	ice	quantum	SET2_original	567					../alldata/quantum_ice/deepmd_data	570	-1103.468432
1576	1577	quantum_ice	ice	quantum	SET2_original	568					../alldata/quantum_ice/deepmd_data	571	-1103.568537
1577	1578	quantum_ice	ice	quantum	SET2_original	569					../alldata/quantum_ice/deepmd_data	572	-1103.472470
1578	1579	quantum_ice	ice	quantum	SET2_original	570					../alldata/quantum_ice/deepmd_data	573	-1103.416137
1579	1580	quantum_ice	ice	quantum	SET2_original	571					../alldata/quantum_ice/deepmd_data	574	-1103.414443
1580	1581	quantum_ice	ice	quantum	SET2_original	572					../alldata/quantum_ice/deepmd_data	575	-1103.488890
1581	1582	quantum_ice	ice	quantum	SET2_original	573					../alldata/quantum_ice/deepmd_data	576	-1103.600920
1582	1583	quantum_ice	ice	quantum	SET2_original	574					../alldata/quantum_ice/deepmd_data	577	-1103.539115
1583	1584	quantum_ice	ice	quantum	SET2_original	575					../alldata/quantum_ice/deepmd_data	578	-1103.518223
1584	1585	quantum_ice	ice	quantum	SET2_original	576					../alldata/quantum_ice/deepmd_data	579	-1103.434637
1585	1586	quantum_ice	ice	quantum	SET2_original	577					../alldata/quantum_ice/deepmd_data	580	-1103.503163
1586	1587	quantum_ice	ice	quantum	SET2_original	578					../alldata/quantum_ice/deepmd_data	581	-1103.526069
1587	1588	quantum_ice	ice	quantum	SET2_original	579					../alldata/quantum_ice/deepmd_data	582	-1103.559772
1588	1589	quantum_ice	ice	quantum	SET2_original	580					../alldata/quantum_ice/deepmd_data	583	-1103.596602
1589	1590	quantum_ice	ice	quantum	SET2_original	581					../alldata/quantum_ice/deepmd_data	584	-1103.555476
1590	1591	quantum_ice	ice	quantum	SET2_original	582					../alldata/quantum_ice/deepmd_data	585	-1103.472808
1591	1592	quantum_ice	ice	quantum	SET2_original	583					../alldata/quantum_ice/deepmd_data	586	-1103.588256
1592	1593	quantum_ice	ice	quantum	SET2_original	584					../alldata/quantum_ice/deepmd_data	587	-1103.390071
1593	1594	quantum_ice	ice	quantum	SET2_original	585					../alldata/quantum_ice/deepmd_data	588	-1103.475980
1594	1595	quantum_ice	ice	quantum	SET2_original	586					../alldata/quantum_ice/deepmd_data	589	-1103.607612
1595	1596	quantum_ice	ice	quantum	SET2_original	587					../alldata/quantum_ice/deepmd_data	590	-1103.518050
1596	1597	quantum_ice	ice	quantum	SET2_original	588					../alldata/quantum_ice/deepmd_data	591	-1103.520428
1597	1598	quantum_ice	ice	quantum	SET2_original	589					../alldata/quantum_ice/deepmd_data	592	-1103.286419
1598	1599	quantum_ice	ice	quantum	SET2_original	590					../alldata/quantum_ice/deepmd_data	593	-1103.443144
1599	1600	quantum_ice	ice	quantum	SET2_original	591					../alldata/quantum_ice/deepmd_data	594	-1103.584993
1600	1601	quantum_ice	ice	quantum	SET2_original	592					../alldata/quantum_ice/deepmd_data	595	-1103.491907
1601	1602	quantum_ice	ice	quantum	SET2_original	593					../alldata/quantum_ice/deepmd_data	596	-1103.522872
1602	1603	quantum_ice	ice	quantum	SET2_original	594					../alldata/quantum_ice/deepmd_data	597	-1103.457454
1603	1604	quantum_ice	ice	quantum	SET2_original	595					../alldata/quantum_ice/deepmd_data	598	-1103.580616
1604	1605	quantum_ice	ice	quantum	SET2_original	596					../alldata/quantum_ice/deepmd_data	599	-1103.585074
1605	1606	quantum_ice	ice	quantum	SET2_original	597					../alldata/quantum_ice/deepmd_data	600	-1103.636335
1606	1607	quantum_ice	ice	quantum	SET2_original	598					../alldata/quantum_ice/deepmd_data	601	-1103.604566
1607	1608	quantum_ice	ice	quantum	SET2_original	599					../alldata/quantum_ice/deepmd_data	602	-1103.747903
1608	1609	quantum_ice	ice	quantum	SET2_original	600					../alldata/quantum_ice/deepmd_data	603	-1103.639852
1609	1610	quantum_ice	ice	quantum	SET2_original	601					../alldata/quantum_ice/deepmd_data	604	-1103.758961
1610	1611	quantum_ice	ice	quantum	SET2_original	602					../alldata/quantum_ice/deepmd_data	605	-1103.699559
1611	1612	quantum_ice	ice	quantum	SET2_original	603					../alldata/quantum_ice/deepmd_data	606	-1103.589351
1612	1613	quantum_ice	ice	quantum	SET2_original	604					../alldata/quantum_ice/deepmd_data	607	-1103.602875
1613	1614	quantum_ice	ice	quantum	SET2_original	605					../alldata/quantum_ice/deepmd_data	608	-1103.671262
1614	1615	quantum_ice	ice	quantum	SET2_original	606					../alldata/quantum_ice/deepmd_data	609	-1103.501252
1615	1616	quantum_ice	ice	quantum	SET2_original	607					../alldata/quantum_ice/deepmd_data	610	-1103.659238
1616	1617	quantum_ice	ice	quantum	SET2_original	608					../alldata/quantum_ice/deepmd_data	611	-1103.594144
1617	1618	quantum_ice	ice	quantum	SET2_original	609					../alldata/quantum_ice/deepmd_data	612	-1103.653244
1618	1619	quantum_ice	ice	quantum	SET2_original	610					../alldata/quantum_ice/deepmd_data	613	-1103.564711
1619	1620	quantum_ice	ice	quantum	SET2_original	611					../alldata/quantum_ice/deepmd_data	614	-1103.680765
1620	1621	quantum_ice	ice	quantum	SET2_original	612					../alldata/quantum_ice/deepmd_data	615	-1103.534815
1621	1622	quantum_ice	ice	quantum	SET2_original	613					../alldata/quantum_ice/deepmd_data	616	-1103.498092
1622	1623	quantum_ice	ice	quantum	SET2_original	614					../alldata/quantum_ice/deepmd_data	617	-1103.593247
1623	1624	quantum_ice	ice	quantum	SET2_original	615					../alldata/quantum_ice/deepmd_data	618	-1103.598734
1624	1625	quantum_ice	ice	quantum	SET2_original	616					../alldata/quantum_ice/deepmd_data	619	-1103.575460
1625	1626	quantum_ice	ice	quantum	SET2_original	617					../alldata/quantum_ice/deepmd_data	620	-1103.643557
1626	1627	quantum_ice	ice	quantum	SET2_original	618					../alldata/quantum_ice/deepmd_data	621	-1103.686123
1627	1628	quantum_ice	ice	quantum	SET2_original	619					../alldata/quantum_ice/deepmd_data	622	-1103.583468
1628	1629	quantum_ice	ice	quantum	SET2_original	620					../alldata/quantum_ice/deepmd_data	623	-1103.614374
1629	1630	quantum_ice	ice	quantum	SET2_original	621					../alldata/quantum_ice/deepmd_data	624	-1103.583122
1630	1631	quantum_ice	ice	quantum	SET2_original	622					../alldata/quantum_ice/deepmd_data	625	-1103.541798
1631	1632	quantum_ice	ice	quantum	SET2_original	623					../alldata/quantum_ice/deepmd_data	626	-1103.388968
1632	1633	quantum_ice	ice	quantum	SET2_original	624					../alldata/quantum_ice/deepmd_data	627	-1103.488589
1633	1634	quantum_ice	ice	quantum	SET2_original	625					../alldata/quantum_ice/deepmd_data	628	-1103.583222
1634	1635	quantum_ice	ice	quantum	SET2_original	626					../alldata/quantum_ice/deepmd_data	629	-1103.612706
1635	1636	quantum_ice	ice	quantum	SET2_original	627					../alldata/quantum_ice/deepmd_data	630	-1103.498919
1636	1637	quantum_ice	ice	quantum	SET2_original	628					../alldata/quantum_ice/deepmd_data	631	-1103.507720
1637	1638	quantum_ice	ice	quantum	SET2_original	629					../alldata/quantum_ice/deepmd_data	632	-1103.525345
1638	1639	quantum_ice	ice	quantum	SET2_original	630					../alldata/quantum_ice/deepmd_data	633	-1103.392015
1639	1640	quantum_ice	ice	quantum	SET2_original	631					../alldata/quantum_ice/deepmd_data	634	-1103.398137
1640	1641	quantum_ice	ice	quantum	SET2_original	632					../alldata/quantum_ice/deepmd_data	635	-1103.412620
1641	1642	quantum_ice	ice	quantum	SET2_original	633					../alldata/quantum_ice/deepmd_data	636	-1103.555763
1642	1643	quantum_ice	ice	quantum	SET2_original	634					../alldata/quantum_ice/deepmd_data	637	-1103.440083
1643	1644	quantum_ice	ice	quantum	SET2_original	635					../alldata/quantum_ice/deepmd_data	638	-1103.480573
1644	1645	quantum_ice	ice	quantum	SET2_original	636					../alldata/quantum_ice/deepmd_data	639	-1103.489000
1645	1646	quantum_ice	ice	quantum	SET2_original	637					../alldata/quantum_ice/deepmd_data	640	-1103.589870
1646	1647	quantum_ice	ice	quantum	SET2_original	638					../alldata/quantum_ice/deepmd_data	641	-1103.545951
1647	1648	quantum_ice	ice	quantum	SET2_original	639					../alldata/quantum_ice/deepmd_data	642	-1103.449572
1648	1649	quantum_ice	ice	quantum	SET2_original	640					../alldata/quantum_ice/deepmd_data	643	-1103.612592
1649	1650	quantum_ice	ice	quantum	SET2_original	641					../alldata/quantum_ice/deepmd_data	644	-1103.457862
1650	1651	quantum_ice	ice	quantum	SET2_original	642					../alldata/quantum_ice/deepmd_data	645	-1103.604437
1651	1652	quantum_ice	ice	quantum	SET2_original	643					../alldata/quantum_ice/deepmd_data	646	-1103.427978
1652	1653	quantum_ice	ice	quantum	SET2_original	644					../alldata/quantum_ice/deepmd_data	647	-1103.641194
1653	1654	quantum_ice	ice	quantum	SET2_original	645					../alldata/quantum_ice/deepmd_data	648	-1103.649576
1654	1655	quantum_ice	ice	quantum	SET2_original	646					../alldata/quantum_ice/deepmd_data	649	-1103.379770
1655	1656	quantum_ice	ice	quantum	SET2_original	647					../alldata/quantum_ice/deepmd_data	650	-1103.617674
1656	1657	quantum_ice	ice	quantum	SET2_original	648					../alldata/quantum_ice/deepmd_data	651	-1103.446738
1657	1658	quantum_ice	ice	quantum	SET2_original	649					../alldata/quantum_ice/deepmd_data	652	-1103.414913
1658	1659	quantum_ice	ice	quantum	SET2_original	650					../alldata/quantum_ice/deepmd_data	653	-1103.449726
1659	1660	quantum_ice	ice	quantum	SET2_original	651					../alldata/quantum_ice/deepmd_data	654	-1103.477527
1660	1661	quantum_ice	ice	quantum	SET2_original	652					../alldata/quantum_ice/deepmd_data	655	-1103.412793
1661	1662	quantum_ice	ice	quantum	SET2_original	653					../alldata/quantum_ice/deepmd_data	656	-1103.410617
1662	1663	quantum_ice	ice	quantum	SET2_original	654					../alldata/quantum_ice/deepmd_data	657	-1103.590017
1663	1664	quantum_ice	ice	quantum	SET2_original	655					../alldata/quantum_ice/deepmd_data	658	-1103.594246
1664	1665	quantum_ice	ice	quantum	SET2_original	656					../alldata/quantum_ice/deepmd_data	659	-1103.613602
1665	1666	quantum_ice	ice	quantum	SET2_original	657					../alldata/quantum_ice/deepmd_data	660	-1103.681232
1666	1667	quantum_ice	ice	quantum	SET2_original	658					../alldata/quantum_ice/deepmd_data	661	-1103.700500
1667	1668	quantum_ice	ice	quantum	SET2_original	659					../alldata/quantum_ice/deepmd_data	662	-1103.742063
1668	1669	quantum_ice	ice	quantum	SET2_original	660					../alldata/quantum_ice/deepmd_data	663	-1103.769846
1669	1670	quantum_ice	ice	quantum	SET2_original	661					../alldata/quantum_ice/deepmd_data	664	-1103.665753
1670	1671	quantum_ice	ice	quantum	SET2_original	662					../alldata/quantum_ice/deepmd_data	665	-1103.655761
1671	1672	quantum_ice	ice	quantum	SET2_original	663					../alldata/quantum_ice/deepmd_data	666	-1103.613202
1672	1673	quantum_ice	ice	quantum	SET2_original	664					../alldata/quantum_ice/deepmd_data	667	-1103.486270
1673	1674	quantum_ice	ice	quantum	SET2_original	665					../alldata/quantum_ice/deepmd_data	668	-1103.668991
1674	1675	quantum_ice	ice	quantum	SET2_original	666					../alldata/quantum_ice/deepmd_data	669	-1103.537359
1675	1676	quantum_ice	ice	quantum	SET2_original	667					../alldata/quantum_ice/deepmd_data	670	-1103.675687
1676	1677	quantum_ice	ice	quantum	SET2_original	668					../alldata/quantum_ice/deepmd_data	671	-1103.638978
1677	1678	quantum_ice	ice	quantum	SET2_original	669					../alldata/quantum_ice/deepmd_data	672	-1103.547435
1678	1679	quantum_ice	ice	quantum	SET2_original	670					../alldata/quantum_ice/deepmd_data	673	-1103.671295
1679	1680	quantum_ice	ice	quantum	SET2_original	671					../alldata/quantum_ice/deepmd_data	674	-1103.634131
1680	1681	quantum_ice	ice	quantum	SET2_original	672					../alldata/quantum_ice/deepmd_data	675	-1103.516893
1681	1682	quantum_ice	ice	quantum	SET2_original	673					../alldata/quantum_ice/deepmd_data	676	-1103.492458
1682	1683	quantum_ice	ice	quantum	SET2_original	674					../alldata/quantum_ice/deepmd_data	677	-1103.572289
1683	1684	quantum_ice	ice	quantum	SET2_original	675					../alldata/quantum_ice/deepmd_data	678	-1103.593078
1684	1685	quantum_ice	ice	quantum	SET2_original	676					../alldata/quantum_ice/deepmd_data	679	-1103.570143
1685	1686	quantum_ice	ice	quantum	SET2_original	677					../alldata/quantum_ice/deepmd_data	680	-1103.573641
1686	1687	quantum_ice	ice	quantum	SET2_original	678					../alldata/quantum_ice/deepmd_data	681	-1103.459781
1687	1688	quantum_ice	ice	quantum	SET2_original	679					../alldata/quantum_ice/deepmd_data	682	-1103.509874
1688	1689	quantum_ice	ice	quantum	SET2_original	680					../alldata/quantum_ice/deepmd_data	683	-1103.451619
1689	1690	quantum_ice	ice	quantum	SET2_original	681					../alldata/quantum_ice/deepmd_data	684	-1103.592152
1690	1691	quantum_ice	ice	quantum	SET2_original	682					../alldata/quantum_ice/deepmd_data	685	-1103.501414
1691	1692	quantum_ice	ice	quantum	SET2_original	683					../alldata/quantum_ice/deepmd_data	686	-1103.583964
1692	1693	quantum_ice	ice	quantum	SET2_original	684					../alldata/quantum_ice/deepmd_data	687	-1103.533015
1693	1694	quantum_ice	ice	quantum	SET2_original	685					../alldata/quantum_ice/deepmd_data	688	-1103.578687
1694	1695	quantum_ice	ice	quantum	SET2_original	686					../alldata/quantum_ice/deepmd_data	689	-1103.577434
1695	1696	quantum_ice	ice	quantum	SET2_original	687					../alldata/quantum_ice/deepmd_data	690	-1103.517867
1696	1697	quantum_ice	ice	quantum	SET2_original	688					../alldata/quantum_ice/deepmd_data	691	-1103.504405
1697	1698	quantum_ice	ice	quantum	SET2_original	689					../alldata/quantum_ice/deepmd_data	692	-1103.526786
1698	1699	quantum_ice	ice	quantum	SET2_original	690					../alldata/quantum_ice/deepmd_data	693	-1103.525816
1699	1700	quantum_ice	ice	quantum	SET2_original	691					../alldata/quantum_ice/deepmd_data	694	-1103.510223
1700	1701	quantum_ice	ice	quantum	SET2_original	692					../alldata/quantum_ice/deepmd_data	695	-1103.666940
1701	1702	quantum_ice	ice	quantum	SET2_original	693					../alldata/quantum_ice/deepmd_data	696	-1103.778379
1702	1703	quantum_ice	ice	quantum	SET2_original	694					../alldata/quantum_ice/deepmd_data	697	-1103.636236
1703	1704	quantum_ice	ice	quantum	SET2_original	695					../alldata/quantum_ice/deepmd_data	698	-1103.627023
1704	1705	quantum_ice	ice	quantum	SET2_original	696					../alldata/quantum_ice/deepmd_data	699	-1103.675635
1705	1706	quantum_ice	ice	quantum	SET2_original	697					../alldata/quantum_ice/deepmd_data	700	-1103.594088
1706	1707	quantum_ice	ice	quantum	SET2_original	698					../alldata/quantum_ice/deepmd_data	701	-1103.617634
1707	1708	quantum_ice	ice	quantum	SET2_original	699					../alldata/quantum_ice/deepmd_data	702	-1103.627501
1708	1709	quantum_ice	ice	quantum	SET2_original	700					../alldata/quantum_ice/deepmd_data	703	-1103.635538
1709	1710	quantum_ice	ice	quantum	SET2_original	701					../alldata/quantum_ice/deepmd_data	704	-1103.762007
1710	1711	quantum_ice	ice	quantum	SET2_original	702					../alldata/quantum_ice/deepmd_data	705	-1103.471096
1711	1712	quantum_ice	ice	quantum	SET2_original	703					../alldata/quantum_ice/deepmd_data	706	-1103.637298
1712	1713	quantum_ice	ice	quantum	SET2_original	704					../alldata/quantum_ice/deepmd_data	707	-1103.622547
1713	1714	quantum_ice	ice	quantum	SET2_original	705					../alldata/quantum_ice/deepmd_data	708	-1103.629228
1714	1715	quantum_ice	ice	quantum	SET2_original	706					../alldata/quantum_ice/deepmd_data	709	-1103.595349
1715	1716	quantum_ice	ice	quantum	SET2_original	707					../alldata/quantum_ice/deepmd_data	710	-1103.600362
1716	1717	quantum_ice	ice	quantum	SET2_original	708					../alldata/quantum_ice/deepmd_data	711	-1103.679358
1717	1718	quantum_ice	ice	quantum	SET2_original	709					../alldata/quantum_ice/deepmd_data	712	-1103.530788
1718	1719	quantum_ice	ice	quantum	SET2_original	710					../alldata/quantum_ice/deepmd_data	713	-1103.613455
1719	1720	quantum_ice	ice	quantum	SET2_original	711					../alldata/quantum_ice/deepmd_data	714	-1103.543499
1720	1721	quantum_ice	ice	quantum	SET2_original	712					../alldata/quantum_ice/deepmd_data	715	-1103.622044
1721	1722	quantum_ice	ice	quantum	SET2_original	713					../alldata/quantum_ice/deepmd_data	716	-1103.595327
1722	1723	quantum_ice	ice	quantum	SET2_original	714					../alldata/quantum_ice/deepmd_data	717	-1103.552488
1723	1724	quantum_ice	ice	quantum	SET2_original	715					../alldata/quantum_ice/deepmd_data	718	-1103.527863
1724	1725	quantum_ice	ice	quantum	SET2_original	716					../alldata/quantum_ice/deepmd_data	719	-1103.603092
1725	1726	quantum_ice	ice	quantum	SET2_original	717					../alldata/quantum_ice/deepmd_data	720	-1103.672276
1726	1727	quantum_ice	ice	quantum	SET2_original	718					../alldata/quantum_ice/deepmd_data	721	-1103.651348
1727	1728	quantum_ice	ice	quantum	SET2_original	719					../alldata/quantum_ice/deepmd_data	722	-1103.533191
1728	1729	quantum_ice	ice	quantum	SET2_original	720					../alldata/quantum_ice/deepmd_data	723	-1103.567339
1729	1730	quantum_ice	ice	quantum	SET2_original	721					../alldata/quantum_ice/deepmd_data	724	-1103.627383
1730	1731	quantum_ice	ice	quantum	SET2_original	722					../alldata/quantum_ice/deepmd_data	725	-1103.553929
1731	1732	quantum_ice	ice	quantum	SET2_original	723					../alldata/quantum_ice/deepmd_data	726	-1103.712149
1732	1733	quantum_ice	ice	quantum	SET2_original	724					../alldata/quantum_ice/deepmd_data	727	-1103.513626
1733	1734	quantum_ice	ice	quantum	SET2_original	725					../alldata/quantum_ice/deepmd_data	728	-1103.544106
1734	1735	quantum_ice	ice	quantum	SET2_original	726					../alldata/quantum_ice/deepmd_data	729	-1103.677366
1735	1736	quantum_ice	ice	quantum	SET2_original	727					../alldata/quantum_ice/deepmd_data	730	-1103.579558
1736	1737	quantum_ice	ice	quantum	SET2_original	728					../alldata/quantum_ice/deepmd_data	731	-1103.573674
1737	1738	quantum_ice	ice	quantum	SET2_original	729					../alldata/quantum_ice/deepmd_data	732	-1103.523875
1738	1739	quantum_ice	ice	quantum	SET2_original	730					../alldata/quantum_ice/deepmd_data	733	-1103.581833
1739	1740	quantum_ice	ice	quantum	SET2_original	731					../alldata/quantum_ice/deepmd_data	734	-1103.507911
1740	1741	quantum_ice	ice	quantum	SET2_original	732					../alldata/quantum_ice/deepmd_data	735	-1103.509679
1741	1742	quantum_ice	ice	quantum	SET2_original	733					../alldata/quantum_ice/deepmd_data	736	-1103.672578
1742	1743	quantum_ice	ice	quantum	SET2_original	734					../alldata/quantum_ice/deepmd_data	737	-1103.496254
1743	1744	quantum_ice	ice	quantum	SET2_original	735					../alldata/quantum_ice/deepmd_data	738	-1103.608597
1744	1745	quantum_ice	ice	quantum	SET2_original	736					../alldata/quantum_ice/deepmd_data	739	-1103.641010
1745	1746	quantum_ice	ice	quantum	SET2_original	737					../alldata/quantum_ice/deepmd_data	740	-1103.660726
1746	1747	quantum_ice	ice	quantum	SET2_original	738					../alldata/quantum_ice/deepmd_data	741	-1103.551603
1747	1748	quantum_ice	ice	quantum	SET2_original	739					../alldata/quantum_ice/deepmd_data	742	-1103.605826
1748	1749	quantum_ice	ice	quantum	SET2_original	740					../alldata/quantum_ice/deepmd_data	743	-1103.482837
1749	1750	quantum_ice	ice	quantum	SET2_original	741					../alldata/quantum_ice/deepmd_data	744	-1103.563270
1750	1751	quantum_ice	ice	quantum	SET2_original	742					../alldata/quantum_ice/deepmd_data	745	-1103.593894
1751	1752	quantum_ice	ice	quantum	SET2_original	743					../alldata/quantum_ice/deepmd_data	746	-1103.525977
1752	1753	quantum_ice	ice	quantum	SET2_original	744					../alldata/quantum_ice/deepmd_data	747	-1103.554293
1753	1754	quantum_ice	ice	quantum	SET2_original	745					../alldata/quantum_ice/deepmd_data	748	-1103.535951
1754	1755	quantum_ice	ice	quantum	SET2_original	746					../alldata/quantum_ice/deepmd_data	749	-1103.507463
1755	1756	quantum_ice	ice	quantum	SET2_original	747					../alldata/quantum_ice/deepmd_data	750	-1103.470372
1756	1757	quantum_ice	ice	quantum	SET2_original	748					../alldata/quantum_ice/deepmd_data	751	-1103.341341
1757	1758	quantum_ice	ice	quantum	SET2_original	749					../alldata/quantum_ice/deepmd_data	752	-1103.531949
1758	1759	quantum_ice	ice	quantum	SET2_original	750					../alldata/quantum_ice/deepmd_data	753	-1103.545484
1759	1760	quantum_ice	ice	quantum	SET2_original	751					../alldata/quantum_ice/deepmd_data	754	-1103.568673
1760	1761	quantum_ice	ice	quantum	SET2_original	752					../alldata/quantum_ice/deepmd_data	755	-1103.664195
1761	1762	quantum_ice	ice	quantum	SET2_original	753					../alldata/quantum_ice/deepmd_data	756	-1103.572414
1762	1763	quantum_ice	ice	quantum	SET2_original	754					../alldata/quantum_ice/deepmd_data	757	-1103.579014
1763	1764	quantum_ice	ice	quantum	SET2_original	755					../alldata/quantum_ice/deepmd_data	758	-1103.473543
1764	1765	quantum_ice	ice	quantum	SET2_original	756					../alldata/quantum_ice/deepmd_data	759	-1103.500609
1765	1766	quantum_ice	ice	quantum	SET2_original	757					../alldata/quantum_ice/deepmd_data	760	-1103.530148
1766	1767	quantum_ice	ice	quantum	SET2_original	758					../alldata/quantum_ice/deepmd_data	761	-1103.486678
1767	1768	quantum_ice	ice	quantum	SET2_original	759					../alldata/quantum_ice/deepmd_data	762	-1103.548486
1768	1769	quantum_ice	ice	quantum	SET2_original	760					../alldata/quantum_ice/deepmd_data	763	-1103.501234
1769	1770	quantum_ice	ice	quantum	SET2_original	761					../alldata/quantum_ice/deepmd_data	764	-1103.614602
1770	1771	quantum_ice	ice	quantum	SET2_original	762					../alldata/quantum_ice/deepmd_data	765	-1103.484686
1771	1772	quantum_ice	ice	quantum	SET2_original	763					../alldata/quantum_ice/deepmd_data	766	-1103.558008
1772	1773	quantum_ice	ice	quantum	SET2_original	764					../alldata/quantum_ice/deepmd_data	767	-1103.563267
1773	1774	quantum_ice	ice	quantum	SET2_original	765					../alldata/quantum_ice/deepmd_data	768	-1103.447933
1774	1775	quantum_ice	ice	quantum	SET2_original	766					../alldata/quantum_ice/deepmd_data	769	-1103.425666
1775	1776	classical_ice	ice	classical	SET2_original	767					../alldata/classical_ice/deepmd_data	0	-1104.203396
1776	1777	classical_ice	ice	classical	SET2_original	768					../alldata/classical_ice/deepmd_data	1	-1104.225221
1777	1778	classical_ice	ice	classical	SET2_original	769					../alldata/classical_ice/deepmd_data	2	-1104.185352
1778	1779	classical_water	water	classical	iter01_classical_candidates_800Ry	0				analysis/bpnn2_augmented_dataset_20260714/rusty_relabel_outputs/bpnn2_300K_dump1_candidate_800Ry_relabel/tasks/water_0000			-1103.163189706396452
1779	1780	classical_water	water	classical	iter01_classical_candidates_800Ry	1				analysis/bpnn2_augmented_dataset_20260714/rusty_relabel_outputs/bpnn2_300K_dump1_candidate_800Ry_relabel/tasks/water_0001			-1103.157809950211004
1780	1781	classical_water	water	classical	iter01_classical_candidates_800Ry	2				analysis/bpnn2_augmented_dataset_20260714/rusty_relabel_outputs/bpnn2_300K_dump1_candidate_800Ry_relabel/tasks/water_0002			-1103.139719939308634
1781	1782	classical_water	water	classical	iter01_classical_candidates_800Ry	3				analysis/bpnn2_augmented_dataset_20260714/rusty_relabel_outputs/bpnn2_300K_dump1_candidate_800Ry_relabel/tasks/water_0003			-1103.119826094751488
1782	1783	classical_water	water	classical	iter01_classical_candidates_800Ry	4				analysis/bpnn2_augmented_dataset_20260714/rusty_relabel_outputs/bpnn2_300K_dump1_candidate_800Ry_relabel/tasks/water_0004			-1103.110747876631649
1783	1784	classical_water	water	classical	iter01_classical_candidates_800Ry	5				analysis/bpnn2_augmented_dataset_20260714/rusty_relabel_outputs/bpnn2_300K_dump1_candidate_800Ry_relabel/tasks/water_0005			-1103.119721108686235
1784	1785	classical_water	water	classical	iter01_classical_candidates_800Ry	6				analysis/bpnn2_augmented_dataset_20260714/rusty_relabel_outputs/bpnn2_300K_dump1_candidate_800Ry_relabel/tasks/water_0006			-1103.144435754369624
1785	1786	classical_water	water	classical	iter01_classical_candidates_800Ry	7				analysis/bpnn2_augmented_dataset_20260714/rusty_relabel_outputs/bpnn2_300K_dump1_candidate_800Ry_relabel/tasks/water_0007			-1103.174880219048418
1786	1787	classical_water	water	classical	iter01_classical_candidates_800Ry	8				analysis/bpnn2_augmented_dataset_20260714/rusty_relabel_outputs/bpnn2_300K_dump1_candidate_800Ry_relabel/tasks/water_0008			-1103.211052438207616
1787	1788	classical_water	water	classical	iter01_classical_candidates_800Ry	9				analysis/bpnn2_augmented_dataset_20260714/rusty_relabel_outputs/bpnn2_300K_dump1_candidate_800Ry_relabel/tasks/water_0009			-1103.204933810303601
1788	1789	classical_water	water	classical	iter01_classical_candidates_800Ry	10				analysis/bpnn2_augmented_dataset_20260714/rusty_relabel_outputs/bpnn2_300K_dump1_candidate_800Ry_relabel/tasks/water_0010			-1103.203079974087586
1789	1790	classical_water	water	classical	iter01_classical_candidates_800Ry	11				analysis/bpnn2_augmented_dataset_20260714/rusty_relabel_outputs/bpnn2_300K_dump1_candidate_800Ry_relabel/tasks/water_0011			-1103.213842987844146
1790	1791	classical_water	water	classical	iter01_classical_candidates_800Ry	12				analysis/bpnn2_augmented_dataset_20260714/rusty_relabel_outputs/bpnn2_300K_dump1_candidate_800Ry_relabel/tasks/water_0012			-1103.455696594527581
1791	1792	classical_water	water	classical	iter01_classical_candidates_800Ry	13				analysis/bpnn2_augmented_dataset_20260714/rusty_relabel_outputs/bpnn2_300K_dump1_candidate_800Ry_relabel/tasks/water_0013			-1103.467425986318176
1792	1793	classical_water	water	classical	iter01_classical_candidates_800Ry	14				analysis/bpnn2_augmented_dataset_20260714/rusty_relabel_outputs/bpnn2_300K_dump1_candidate_800Ry_relabel/tasks/water_0014			-1103.474464984302813
1793	1794	classical_water	water	classical	iter01_classical_candidates_800Ry	15				analysis/bpnn2_augmented_dataset_20260714/rusty_relabel_outputs/bpnn2_300K_dump1_candidate_800Ry_relabel/tasks/water_0015			-1103.474518677152219
1794	1795	classical_water	water	classical	iter01_classical_candidates_800Ry	16				analysis/bpnn2_augmented_dataset_20260714/rusty_relabel_outputs/bpnn2_300K_dump1_candidate_800Ry_relabel/tasks/water_0016			-1103.468911269649425
1795	1796	classical_water	water	classical	iter01_classical_candidates_800Ry	17				analysis/bpnn2_augmented_dataset_20260714/rusty_relabel_outputs/bpnn2_300K_dump1_candidate_800Ry_relabel/tasks/water_0017			-1103.461362312180427
1796	1797	classical_water	water	classical	iter01_classical_candidates_800Ry	18				analysis/bpnn2_augmented_dataset_20260714/rusty_relabel_outputs/bpnn2_300K_dump1_candidate_800Ry_relabel/tasks/water_0018			-1103.456554661862810
1797	1798	classical_water	water	classical	iter01_classical_candidates_800Ry	19				analysis/bpnn2_augmented_dataset_20260714/rusty_relabel_outputs/bpnn2_300K_dump1_candidate_800Ry_relabel/tasks/water_0019			-1103.458172992750406
1798	1799	classical_water	water	classical	iter01_classical_candidates_800Ry	20				analysis/bpnn2_augmented_dataset_20260714/rusty_relabel_outputs/bpnn2_300K_dump1_candidate_800Ry_relabel/tasks/water_0020			-1103.466698822002400
1799	1800	classical_water	water	classical	iter01_classical_candidates_800Ry	21				analysis/bpnn2_augmented_dataset_20260714/rusty_relabel_outputs/bpnn2_300K_dump1_candidate_800Ry_relabel/tasks/water_0021			-1103.478677841847002
1800	1801	classical_water	water	classical	iter01_classical_candidates_800Ry	22				analysis/bpnn2_augmented_dataset_20260714/rusty_relabel_outputs/bpnn2_300K_dump1_candidate_800Ry_relabel/tasks/water_0022			-1103.487976203350627
1801	1802	classical_water	water	classical	iter01_classical_candidates_800Ry	23				analysis/bpnn2_augmented_dataset_20260714/rusty_relabel_outputs/bpnn2_300K_dump1_candidate_800Ry_relabel/tasks/water_0023			-1103.489357211736660
1802	1803	classical_water	water	classical	iter01_classical_candidates_800Ry	24				analysis/bpnn2_augmented_dataset_20260714/rusty_relabel_outputs/bpnn2_300K_dump1_candidate_800Ry_relabel/tasks/water_0024			-1103.481651457458383
1803	1804	classical_water	water	classical	iter01_classical_candidates_800Ry	25				analysis/bpnn2_augmented_dataset_20260714/rusty_relabel_outputs/bpnn2_300K_dump1_candidate_800Ry_relabel/tasks/water_0025			-1103.468203495260695
1804	1805	classical_water	water	classical	iter01_classical_candidates_800Ry	26				analysis/bpnn2_augmented_dataset_20260714/rusty_relabel_outputs/bpnn2_300K_dump1_candidate_800Ry_relabel/tasks/water_0026			-1103.455874809224042
1805	1806	classical_water	water	classical	iter01_classical_candidates_800Ry	27				analysis/bpnn2_augmented_dataset_20260714/rusty_relabel_outputs/bpnn2_300K_dump1_candidate_800Ry_relabel/tasks/water_0027			-1103.450072321704283
1806	1807	classical_water	water	classical	iter01_classical_candidates_800Ry	28				analysis/bpnn2_augmented_dataset_20260714/rusty_relabel_outputs/bpnn2_300K_dump1_candidate_800Ry_relabel/tasks/water_0028			-1103.453477918471663
1807	1808	classical_water	water	classical	iter01_classical_candidates_800Ry	29				analysis/bpnn2_augmented_dataset_20260714/rusty_relabel_outputs/bpnn2_300K_dump1_candidate_800Ry_relabel/tasks/water_0029			-1103.464243636284436
1808	1809	classical_water	water	classical	iter01_classical_candidates_800Ry	30				analysis/bpnn2_augmented_dataset_20260714/rusty_relabel_outputs/bpnn2_300K_dump1_candidate_800Ry_relabel/tasks/water_0030			-1103.477321500671678
1809	1810	classical_water	water	classical	iter01_classical_candidates_800Ry	31				analysis/bpnn2_augmented_dataset_20260714/rusty_relabel_outputs/bpnn2_300K_dump1_candidate_800Ry_relabel/tasks/water_0031			-1103.487216732546131
1810	1811	classical_water	water	classical	iter01_classical_candidates_800Ry	32				analysis/bpnn2_augmented_dataset_20260714/rusty_relabel_outputs/bpnn2_300K_dump1_candidate_800Ry_relabel/tasks/water_0032			-1103.490746841169766
1811	1812	classical_water	water	classical	iter01_classical_candidates_800Ry	33				analysis/bpnn2_augmented_dataset_20260714/rusty_relabel_outputs/bpnn2_300K_dump1_candidate_800Ry_relabel/tasks/water_0033			-1103.486179513724892
1812	1813	classical_water	water	classical	iter01_classical_candidates_800Ry	34				analysis/bpnn2_augmented_dataset_20260714/rusty_relabel_outputs/bpnn2_300K_dump1_candidate_800Ry_relabel/tasks/water_0034			-1103.488879606953105
1813	1814	classical_water	water	classical	iter01_classical_candidates_800Ry	35				analysis/bpnn2_augmented_dataset_20260714/rusty_relabel_outputs/bpnn2_300K_dump1_candidate_800Ry_relabel/tasks/water_0035			-1103.495399210151845
1814	1815	classical_water	water	classical	iter01_classical_candidates_800Ry	36				analysis/bpnn2_augmented_dataset_20260714/rusty_relabel_outputs/bpnn2_300K_dump1_candidate_800Ry_relabel/tasks/water_0036			-1103.502962440716146
1815	1816	classical_water	water	classical	iter01_classical_candidates_800Ry	37				analysis/bpnn2_augmented_dataset_20260714/rusty_relabel_outputs/bpnn2_300K_dump1_candidate_800Ry_relabel/tasks/water_0037			-1103.507628639518543
1816	1817	classical_water	water	classical	iter01_classical_candidates_800Ry	38				analysis/bpnn2_augmented_dataset_20260714/rusty_relabel_outputs/bpnn2_300K_dump1_candidate_800Ry_relabel/tasks/water_0038			-1103.506787481165702
1817	1818	classical_water	water	classical	iter01_classical_candidates_800Ry	39				analysis/bpnn2_augmented_dataset_20260714/rusty_relabel_outputs/bpnn2_300K_dump1_candidate_800Ry_relabel/tasks/water_0039			-1103.500544752348560
1818	1819	classical_water	water	classical	iter01_classical_candidates_800Ry	40				analysis/bpnn2_augmented_dataset_20260714/rusty_relabel_outputs/bpnn2_300K_dump1_candidate_800Ry_relabel/tasks/water_0040			-1103.474382962731397
1819	1820	classical_water	water	classical	iter01_classical_candidates_800Ry	41				analysis/bpnn2_augmented_dataset_20260714/rusty_relabel_outputs/bpnn2_300K_dump1_candidate_800Ry_relabel/tasks/water_0041			-1103.470745939189783
1820	1821	classical_water	water	classical	iter01_classical_candidates_800Ry	42				analysis/bpnn2_augmented_dataset_20260714/rusty_relabel_outputs/bpnn2_300K_dump1_candidate_800Ry_relabel/tasks/water_0042			-1103.472557678705016
1821	1822	classical_water	water	classical	iter01_classical_candidates_800Ry	43				analysis/bpnn2_augmented_dataset_20260714/rusty_relabel_outputs/bpnn2_300K_dump1_candidate_800Ry_relabel/tasks/water_0043			-1103.477119496052183
1822	1823	classical_water	water	classical	iter01_classical_candidates_800Ry	44				analysis/bpnn2_augmented_dataset_20260714/rusty_relabel_outputs/bpnn2_300K_dump1_candidate_800Ry_relabel/tasks/water_0044			-1103.482158182306648
1823	1824	classical_water	water	classical	iter01_classical_candidates_800Ry	45				analysis/bpnn2_augmented_dataset_20260714/rusty_relabel_outputs/bpnn2_300K_dump1_candidate_800Ry_relabel/tasks/water_0045			-1103.486926065601892
1824	1825	classical_water	water	classical	iter01_classical_candidates_800Ry	46				analysis/bpnn2_augmented_dataset_20260714/rusty_relabel_outputs/bpnn2_300K_dump1_candidate_800Ry_relabel/tasks/water_0046			-1103.491450803089492
1825	1826	classical_water	water	classical	iter01_classical_candidates_800Ry	47				analysis/bpnn2_augmented_dataset_20260714/rusty_relabel_outputs/bpnn2_300K_dump1_candidate_800Ry_relabel/tasks/water_0047			-1103.479376500631588
1826	1827	classical_water	water	classical	iter01_classical_candidates_800Ry	48				analysis/bpnn2_augmented_dataset_20260714/rusty_relabel_outputs/bpnn2_300K_dump1_candidate_800Ry_relabel/tasks/water_0048			-1103.474589377464781
1827	1828	classical_water	water	classical	iter01_classical_candidates_800Ry	49				analysis/bpnn2_augmented_dataset_20260714/rusty_relabel_outputs/bpnn2_300K_dump1_candidate_800Ry_relabel/tasks/water_0049			-1103.472525996244485
1828	1829	classical_water	water	classical	iter01_classical_candidates_800Ry	50				analysis/bpnn2_augmented_dataset_20260714/rusty_relabel_outputs/bpnn2_300K_dump1_candidate_800Ry_relabel/tasks/water_0050			-1103.473750288129395
1829	1830	classical_water	water	classical	iter01_classical_candidates_800Ry	51				analysis/bpnn2_augmented_dataset_20260714/rusty_relabel_outputs/bpnn2_300K_dump1_candidate_800Ry_relabel/tasks/water_0051			-1103.477258349679914
1830	1831	classical_water	water	classical	iter01_classical_candidates_800Ry	52				analysis/bpnn2_augmented_dataset_20260714/rusty_relabel_outputs/bpnn2_300K_dump1_candidate_800Ry_relabel/tasks/water_0052			-1103.481959928798005
1831	1832	classical_water	water	classical	iter01_classical_candidates_800Ry	53				analysis/bpnn2_augmented_dataset_20260714/rusty_relabel_outputs/bpnn2_300K_dump1_candidate_800Ry_relabel/tasks/water_0053			-1103.487058953553515
1832	1833	classical_water	water	classical	iter01_classical_candidates_800Ry	54				analysis/bpnn2_augmented_dataset_20260714/rusty_relabel_outputs/bpnn2_300K_dump1_candidate_800Ry_relabel/tasks/water_0054			-1103.491778164096559
1833	1834	classical_water	water	classical	iter01_classical_candidates_800Ry	55				analysis/bpnn2_augmented_dataset_20260714/rusty_relabel_outputs/bpnn2_300K_dump1_candidate_800Ry_relabel/tasks/water_0055			-1103.495210052933999
1834	1835	classical_water	water	classical	iter01_classical_candidates_800Ry	56				analysis/bpnn2_augmented_dataset_20260714/rusty_relabel_outputs/bpnn2_300K_dump1_candidate_800Ry_relabel/tasks/water_0056			-1103.496552649970226
1835	1836	classical_water	water	classical	iter01_classical_candidates_800Ry	57				analysis/bpnn2_augmented_dataset_20260714/rusty_relabel_outputs/bpnn2_300K_dump1_candidate_800Ry_relabel/tasks/water_0057			-1103.495793798101204
1836	1837	classical_water	water	classical	iter01_classical_candidates_800Ry	58				analysis/bpnn2_augmented_dataset_20260714/rusty_relabel_outputs/bpnn2_300K_dump1_candidate_800Ry_relabel/tasks/water_0058			-1103.494322048075446
1837	1838	classical_water	water	classical	iter01_classical_candidates_800Ry	59				analysis/bpnn2_augmented_dataset_20260714/rusty_relabel_outputs/bpnn2_300K_dump1_candidate_800Ry_relabel/tasks/water_0059			-1103.493762108912279
1838	1839	classical_water	water	classical	iter01_classical_candidates_800Ry	60				analysis/bpnn2_augmented_dataset_20260714/rusty_relabel_outputs/bpnn2_300K_dump1_candidate_800Ry_relabel/tasks/water_0060			-1103.495372496021901
1839	1840	classical_water	water	classical	iter01_classical_candidates_800Ry	61				analysis/bpnn2_augmented_dataset_20260714/rusty_relabel_outputs/bpnn2_300K_dump1_candidate_800Ry_relabel/tasks/water_0061			-1103.498649221527103
1840	1841	classical_water	water	classical	iter01_classical_candidates_800Ry	62				analysis/bpnn2_augmented_dataset_20260714/rusty_relabel_outputs/bpnn2_300K_dump1_candidate_800Ry_relabel/tasks/water_0062			-1103.502067461119623
1841	1842	classical_water	water	classical	iter01_classical_candidates_800Ry	63				analysis/bpnn2_augmented_dataset_20260714/rusty_relabel_outputs/bpnn2_300K_dump1_candidate_800Ry_relabel/tasks/water_0063			-1103.504147479661242
1842	1843	classical_water	water	classical	iter01_classical_candidates_800Ry	64				analysis/bpnn2_augmented_dataset_20260714/rusty_relabel_outputs/bpnn2_300K_dump1_candidate_800Ry_relabel/tasks/water_0064			-1103.504824237768844
1843	1844	classical_water	water	classical	iter01_classical_candidates_800Ry	65				analysis/bpnn2_augmented_dataset_20260714/rusty_relabel_outputs/bpnn2_300K_dump1_candidate_800Ry_relabel/tasks/water_0065			-1103.505504086512929
1844	1845	classical_water	water	classical	iter01_classical_candidates_800Ry	66				analysis/bpnn2_augmented_dataset_20260714/rusty_relabel_outputs/bpnn2_300K_dump1_candidate_800Ry_relabel/tasks/water_0066			-1103.507560789033505
1845	1846	classical_water	water	classical	iter01_classical_candidates_800Ry	67				analysis/bpnn2_augmented_dataset_20260714/rusty_relabel_outputs/bpnn2_300K_dump1_candidate_800Ry_relabel/tasks/water_0067			-1103.510955316675791
1846	1847	classical_water	water	classical	iter01_classical_candidates_800Ry	68				analysis/bpnn2_augmented_dataset_20260714/rusty_relabel_outputs/bpnn2_300K_dump1_candidate_800Ry_relabel/tasks/water_0068			-1103.514183216584797
1847	1848	classical_water	water	classical	iter01_classical_candidates_800Ry	69				analysis/bpnn2_augmented_dataset_20260714/rusty_relabel_outputs/bpnn2_300K_dump1_candidate_800Ry_relabel/tasks/water_0069			-1103.515812037033129
1848	1849	classical_water	water	classical	iter01_classical_candidates_800Ry	70				analysis/bpnn2_augmented_dataset_20260714/rusty_relabel_outputs/bpnn2_300K_dump1_candidate_800Ry_relabel/tasks/water_0070			-1103.515605490610596
1849	1850	classical_water	water	classical	iter01_classical_candidates_800Ry	71				analysis/bpnn2_augmented_dataset_20260714/rusty_relabel_outputs/bpnn2_300K_dump1_candidate_800Ry_relabel/tasks/water_0071			-1103.497474343677595
1850	1851	classical_water	water	classical	iter01_classical_candidates_800Ry	72				analysis/bpnn2_augmented_dataset_20260714/rusty_relabel_outputs/bpnn2_300K_dump1_candidate_800Ry_relabel/tasks/water_0072			-1103.497406475609523
1851	1852	classical_water	water	classical	iter01_classical_candidates_800Ry	73				analysis/bpnn2_augmented_dataset_20260714/rusty_relabel_outputs/bpnn2_300K_dump1_candidate_800Ry_relabel/tasks/water_0073			-1103.496576089276004
1852	1853	classical_water	water	classical	iter01_classical_candidates_800Ry	74				analysis/bpnn2_augmented_dataset_20260714/rusty_relabel_outputs/bpnn2_300K_dump1_candidate_800Ry_relabel/tasks/water_0074			-1103.494602838807168
1853	1854	classical_water	water	classical	iter01_classical_candidates_800Ry	75				analysis/bpnn2_augmented_dataset_20260714/rusty_relabel_outputs/bpnn2_300K_dump1_candidate_800Ry_relabel/tasks/water_0075			-1103.514209125973366
1854	1855	classical_water	water	classical	iter01_classical_candidates_800Ry	76				analysis/bpnn2_augmented_dataset_20260714/rusty_relabel_outputs/bpnn2_300K_dump1_candidate_800Ry_relabel/tasks/water_0076			-1103.518049998945344
1855	1856	classical_water	water	classical	iter01_classical_candidates_800Ry	77				analysis/bpnn2_augmented_dataset_20260714/rusty_relabel_outputs/bpnn2_300K_dump1_candidate_800Ry_relabel/tasks/water_0077			-1103.521390019900537
1856	1857	classical_water	water	classical	iter01_classical_candidates_800Ry	78				analysis/bpnn2_augmented_dataset_20260714/rusty_relabel_outputs/bpnn2_300K_dump1_candidate_800Ry_relabel/tasks/water_0078			-1103.524770566533562
1857	1858	classical_water	water	classical	iter01_classical_candidates_800Ry	79				analysis/bpnn2_augmented_dataset_20260714/rusty_relabel_outputs/bpnn2_300K_dump1_candidate_800Ry_relabel/tasks/water_0079			-1103.528484776081086
1858	1859	classical_water	water	classical	iter01_classical_candidates_800Ry	80				analysis/bpnn2_augmented_dataset_20260714/rusty_relabel_outputs/bpnn2_300K_dump1_candidate_800Ry_relabel/tasks/water_0080			-1103.532731894299104
1859	1860	classical_water	water	classical	iter01_classical_candidates_800Ry	81				analysis/bpnn2_augmented_dataset_20260714/rusty_relabel_outputs/bpnn2_300K_dump1_candidate_800Ry_relabel/tasks/water_0081			-1103.537022056598516
1860	1861	classical_water	water	classical	iter01_classical_candidates_800Ry	82				analysis/bpnn2_augmented_dataset_20260714/rusty_relabel_outputs/bpnn2_300K_dump1_candidate_800Ry_relabel/tasks/water_0082			-1103.540787499483713
1861	1862	classical_water	water	classical	iter01_classical_candidates_800Ry	83				analysis/bpnn2_augmented_dataset_20260714/rusty_relabel_outputs/bpnn2_300K_dump1_candidate_800Ry_relabel/tasks/water_0083			-1103.554580660543934
1862	1863	classical_water	water	classical	iter01_classical_candidates_800Ry	84				analysis/bpnn2_augmented_dataset_20260714/rusty_relabel_outputs/bpnn2_300K_dump1_candidate_800Ry_relabel/tasks/water_0084			-1103.554924953649561
1863	1864	classical_water	water	classical	iter01_classical_candidates_800Ry	85				analysis/bpnn2_augmented_dataset_20260714/rusty_relabel_outputs/bpnn2_300K_dump1_candidate_800Ry_relabel/tasks/water_0085			-1103.554658974918766
1864	1865	classical_water	water	classical	iter01_classical_candidates_800Ry	86				analysis/bpnn2_augmented_dataset_20260714/rusty_relabel_outputs/bpnn2_300K_dump1_candidate_800Ry_relabel/tasks/water_0086			-1103.554446211280492
1865	1866	classical_water	water	classical	iter01_classical_candidates_800Ry	87				analysis/bpnn2_augmented_dataset_20260714/rusty_relabel_outputs/bpnn2_300K_dump1_candidate_800Ry_relabel/tasks/water_0087			-1103.554886326767246
1866	1867	classical_water	water	classical	iter01_classical_candidates_800Ry	88				analysis/bpnn2_augmented_dataset_20260714/rusty_relabel_outputs/bpnn2_300K_dump1_candidate_800Ry_relabel/tasks/water_0088			-1103.556202646183920
1867	1868	classical_water	water	classical	iter01_classical_candidates_800Ry	89				analysis/bpnn2_augmented_dataset_20260714/rusty_relabel_outputs/bpnn2_300K_dump1_candidate_800Ry_relabel/tasks/water_0089			-1103.558235536069787
1868	1869	classical_water	water	classical	iter01_classical_candidates_800Ry	90				analysis/bpnn2_augmented_dataset_20260714/rusty_relabel_outputs/bpnn2_300K_dump1_candidate_800Ry_relabel/tasks/water_0090			-1103.560438359812906
1869	1870	classical_water	water	classical	iter01_classical_candidates_800Ry	91				analysis/bpnn2_augmented_dataset_20260714/rusty_relabel_outputs/bpnn2_300K_dump1_candidate_800Ry_relabel/tasks/water_0091			-1103.562277247686325
1870	1871	classical_water	water	classical	iter01_classical_candidates_800Ry	92				analysis/bpnn2_augmented_dataset_20260714/rusty_relabel_outputs/bpnn2_300K_dump1_candidate_800Ry_relabel/tasks/water_0092			-1103.563581031194190
1871	1872	classical_water	water	classical	iter01_classical_candidates_800Ry	93				analysis/bpnn2_augmented_dataset_20260714/rusty_relabel_outputs/bpnn2_300K_dump1_candidate_800Ry_relabel/tasks/water_0093			-1103.564394698325941
1872	1873	classical_water	water	classical	iter01_classical_candidates_800Ry	94				analysis/bpnn2_augmented_dataset_20260714/rusty_relabel_outputs/bpnn2_300K_dump1_candidate_800Ry_relabel/tasks/water_0094			-1103.564794436091461
1873	1874	classical_water	water	classical	iter01_classical_candidates_800Ry	95				analysis/bpnn2_augmented_dataset_20260714/rusty_relabel_outputs/bpnn2_300K_dump1_candidate_800Ry_relabel/tasks/water_0095			-1103.564819311766769
1874	1875	classical_water	water	classical	iter01_classical_candidates_800Ry	96				analysis/bpnn2_augmented_dataset_20260714/rusty_relabel_outputs/bpnn2_300K_dump1_candidate_800Ry_relabel/tasks/water_0096			-1103.565002791239976
1875	1876	classical_water	water	classical	iter01_classical_candidates_800Ry	97				analysis/bpnn2_augmented_dataset_20260714/rusty_relabel_outputs/bpnn2_300K_dump1_candidate_800Ry_relabel/tasks/water_0097			-1103.565939537937766
1876	1877	classical_water	water	classical	iter01_classical_candidates_800Ry	98				analysis/bpnn2_augmented_dataset_20260714/rusty_relabel_outputs/bpnn2_300K_dump1_candidate_800Ry_relabel/tasks/water_0098			-1103.567500707314366
1877	1878	classical_water	water	classical	iter01_classical_candidates_800Ry	99				analysis/bpnn2_augmented_dataset_20260714/rusty_relabel_outputs/bpnn2_300K_dump1_candidate_800Ry_relabel/tasks/water_0099			-1103.568539714593044
1878	1879	classical_water	water	classical	iter01_classical_candidates_800Ry	100				analysis/bpnn2_augmented_dataset_20260714/rusty_relabel_outputs/bpnn2_300K_dump1_candidate_800Ry_relabel/tasks/water_0100			-1103.546956486867202
1879	1880	classical_water	water	classical	iter01_classical_candidates_800Ry	101				analysis/bpnn2_augmented_dataset_20260714/rusty_relabel_outputs/bpnn2_300K_dump1_candidate_800Ry_relabel/tasks/water_0101			-1103.542103740861876
1880	1881	classical_water	water	classical	iter01_classical_candidates_800Ry	102				analysis/bpnn2_augmented_dataset_20260714/rusty_relabel_outputs/bpnn2_300K_dump1_candidate_800Ry_relabel/tasks/water_0102			-1103.535031266845863
1881	1882	classical_water	water	classical	iter01_classical_candidates_800Ry	103				analysis/bpnn2_augmented_dataset_20260714/rusty_relabel_outputs/bpnn2_300K_dump1_candidate_800Ry_relabel/tasks/water_0103			-1103.526474731300823
1882	1883	classical_water	water	classical	iter01_classical_candidates_800Ry	104				analysis/bpnn2_augmented_dataset_20260714/rusty_relabel_outputs/bpnn2_300K_dump1_candidate_800Ry_relabel/tasks/water_0104			-1103.518199290022949
1883	1884	classical_water	water	classical	iter01_classical_candidates_800Ry	105				analysis/bpnn2_augmented_dataset_20260714/rusty_relabel_outputs/bpnn2_300K_dump1_candidate_800Ry_relabel/tasks/water_0105			-1103.512001132160094
1884	1885	classical_water	water	classical	iter01_classical_candidates_800Ry	106				analysis/bpnn2_augmented_dataset_20260714/rusty_relabel_outputs/bpnn2_300K_dump1_candidate_800Ry_relabel/tasks/water_0106			-1103.500210051016893
1885	1886	classical_water	water	classical	iter01_classical_candidates_800Ry	107				analysis/bpnn2_augmented_dataset_20260714/rusty_relabel_outputs/bpnn2_300K_dump1_candidate_800Ry_relabel/tasks/water_0107			-1103.496405269829438
1886	1887	classical_water	water	classical	iter01_classical_candidates_800Ry	108				analysis/bpnn2_augmented_dataset_20260714/rusty_relabel_outputs/bpnn2_300K_dump1_candidate_800Ry_relabel/tasks/water_0108			-1103.493223513664589
1887	1888	classical_water	water	classical	iter01_classical_candidates_800Ry	109				analysis/bpnn2_augmented_dataset_20260714/rusty_relabel_outputs/bpnn2_300K_dump1_candidate_800Ry_relabel/tasks/water_0109			-1103.491924634781299
1888	1889	classical_water	water	classical	iter01_classical_candidates_800Ry	110				analysis/bpnn2_augmented_dataset_20260714/rusty_relabel_outputs/bpnn2_300K_dump1_candidate_800Ry_relabel/tasks/water_0110			-1103.492377829311863
1889	1890	classical_water	water	classical	iter01_classical_candidates_800Ry	111				analysis/bpnn2_augmented_dataset_20260714/rusty_relabel_outputs/bpnn2_300K_dump1_candidate_800Ry_relabel/tasks/water_0111			-1103.493028147344376
1890	1891	classical_water	water	classical	iter01_classical_candidates_800Ry	112				analysis/bpnn2_augmented_dataset_20260714/rusty_relabel_outputs/bpnn2_300K_dump1_candidate_800Ry_relabel/tasks/water_0112			-1103.491705599208217
1891	1892	classical_water	water	classical	iter01_classical_candidates_800Ry	113				analysis/bpnn2_augmented_dataset_20260714/rusty_relabel_outputs/bpnn2_300K_dump1_candidate_800Ry_relabel/tasks/water_0113			-1103.486837231287154
1892	1893	classical_water	water	classical	iter01_classical_candidates_800Ry	114				analysis/bpnn2_augmented_dataset_20260714/rusty_relabel_outputs/bpnn2_250_290K_candidate_800Ry_relabel/tasks/water_0000			-1103.163189706398498
1893	1894	classical_water	water	classical	iter01_classical_candidates_800Ry	115				analysis/bpnn2_augmented_dataset_20260714/rusty_relabel_outputs/bpnn2_250_290K_candidate_800Ry_relabel/tasks/water_0001			-1103.159190409947769
1894	1895	classical_water	water	classical	iter01_classical_candidates_800Ry	116				analysis/bpnn2_augmented_dataset_20260714/rusty_relabel_outputs/bpnn2_250_290K_candidate_800Ry_relabel/tasks/water_0002			-1103.144969475541075
1895	1896	classical_water	water	classical	iter01_classical_candidates_800Ry	117				analysis/bpnn2_augmented_dataset_20260714/rusty_relabel_outputs/bpnn2_250_290K_candidate_800Ry_relabel/tasks/water_0003			-1103.129373055118776
1896	1897	classical_water	water	classical	iter01_classical_candidates_800Ry	118				analysis/bpnn2_augmented_dataset_20260714/rusty_relabel_outputs/bpnn2_250_290K_candidate_800Ry_relabel/tasks/water_0004			-1103.122712530949684
1897	1898	classical_water	water	classical	iter01_classical_candidates_800Ry	119				analysis/bpnn2_augmented_dataset_20260714/rusty_relabel_outputs/bpnn2_250_290K_candidate_800Ry_relabel/tasks/water_0005			-1103.131147202762349
1898	1899	classical_water	water	classical	iter01_classical_candidates_800Ry	120				analysis/bpnn2_augmented_dataset_20260714/rusty_relabel_outputs/bpnn2_250_290K_candidate_800Ry_relabel/tasks/water_0006			-1103.153054926639697
1899	1900	classical_water	water	classical	iter01_classical_candidates_800Ry	121				analysis/bpnn2_augmented_dataset_20260714/rusty_relabel_outputs/bpnn2_250_290K_candidate_800Ry_relabel/tasks/water_0007			-1103.180340419587992
1900	1901	classical_water	water	classical	iter01_classical_candidates_800Ry	122				analysis/bpnn2_augmented_dataset_20260714/rusty_relabel_outputs/bpnn2_250_290K_candidate_800Ry_relabel/tasks/water_0008			-1103.203379854801369
1901	1902	classical_water	water	classical	iter01_classical_candidates_800Ry	123				analysis/bpnn2_augmented_dataset_20260714/rusty_relabel_outputs/bpnn2_250_290K_candidate_800Ry_relabel/tasks/water_0009			-1103.486172407800723
1902	1903	classical_water	water	classical	iter01_classical_candidates_800Ry	124				analysis/bpnn2_augmented_dataset_20260714/rusty_relabel_outputs/bpnn2_250_290K_candidate_800Ry_relabel/tasks/water_0010			-1103.495011988102078
1903	1904	classical_water	water	classical	iter01_classical_candidates_800Ry	125				analysis/bpnn2_augmented_dataset_20260714/rusty_relabel_outputs/bpnn2_250_290K_candidate_800Ry_relabel/tasks/water_0011			-1103.504404251049664
1904	1905	classical_water	water	classical	iter01_classical_candidates_800Ry	126				analysis/bpnn2_augmented_dataset_20260714/rusty_relabel_outputs/bpnn2_250_290K_candidate_800Ry_relabel/tasks/water_0012			-1103.510142434015734
1905	1906	classical_water	water	classical	iter01_classical_candidates_800Ry	127				analysis/bpnn2_augmented_dataset_20260714/rusty_relabel_outputs/bpnn2_250_290K_candidate_800Ry_relabel/tasks/water_0013			-1103.510280604069976
1906	1907	classical_water	water	classical	iter01_classical_candidates_800Ry	128				analysis/bpnn2_augmented_dataset_20260714/rusty_relabel_outputs/bpnn2_250_290K_candidate_800Ry_relabel/tasks/water_0014			-1103.505648926026652
1907	1908	classical_water	water	classical	iter01_classical_candidates_800Ry	129				analysis/bpnn2_augmented_dataset_20260714/rusty_relabel_outputs/bpnn2_250_290K_candidate_800Ry_relabel/tasks/water_0015			-1103.498966227073879
1908	1909	classical_water	water	classical	iter01_classical_candidates_800Ry	130				analysis/bpnn2_augmented_dataset_20260714/rusty_relabel_outputs/bpnn2_250_290K_candidate_800Ry_relabel/tasks/water_0016			-1103.494002398830617
1909	1910	classical_water	water	classical	iter01_classical_candidates_800Ry	131				analysis/bpnn2_augmented_dataset_20260714/rusty_relabel_outputs/bpnn2_250_290K_candidate_800Ry_relabel/tasks/water_0017			-1103.493943840335987
1910	1911	classical_water	water	classical	iter01_classical_candidates_800Ry	132				analysis/bpnn2_augmented_dataset_20260714/rusty_relabel_outputs/bpnn2_250_290K_candidate_800Ry_relabel/tasks/water_0018			-1103.499453639700960
1911	1912	classical_water	water	classical	iter01_classical_candidates_800Ry	133				analysis/bpnn2_augmented_dataset_20260714/rusty_relabel_outputs/bpnn2_250_290K_candidate_800Ry_relabel/tasks/water_0019			-1103.507806856067418
1912	1913	classical_water	water	classical	iter01_classical_candidates_800Ry	134				analysis/bpnn2_augmented_dataset_20260714/rusty_relabel_outputs/bpnn2_250_290K_candidate_800Ry_relabel/tasks/water_0020			-1103.513930887129391
1913	1914	classical_water	water	classical	iter01_classical_candidates_800Ry	135				analysis/bpnn2_augmented_dataset_20260714/rusty_relabel_outputs/bpnn2_250_290K_candidate_800Ry_relabel/tasks/water_0021			-1103.483103293012164
1914	1915	classical_water	water	classical	iter01_classical_candidates_800Ry	136				analysis/bpnn2_augmented_dataset_20260714/rusty_relabel_outputs/bpnn2_250_290K_candidate_800Ry_relabel/tasks/water_0022			-1103.492851009027390
1915	1916	classical_water	water	classical	iter01_classical_candidates_800Ry	137				analysis/bpnn2_augmented_dataset_20260714/rusty_relabel_outputs/bpnn2_250_290K_candidate_800Ry_relabel/tasks/water_0023			-1103.511535964120412
1916	1917	classical_water	water	classical	iter01_classical_candidates_800Ry	138				analysis/bpnn2_augmented_dataset_20260714/rusty_relabel_outputs/bpnn2_250_290K_candidate_800Ry_relabel/tasks/water_0024			-1103.518524749218841
1917	1918	classical_water	water	classical	iter01_classical_candidates_800Ry	139				analysis/bpnn2_augmented_dataset_20260714/rusty_relabel_outputs/bpnn2_250_290K_candidate_800Ry_relabel/tasks/water_0025			-1103.522611750625401
1918	1919	classical_water	water	classical	iter01_classical_candidates_800Ry	140				analysis/bpnn2_augmented_dataset_20260714/rusty_relabel_outputs/bpnn2_250_290K_candidate_800Ry_relabel/tasks/water_0026			-1103.521815136388113
1919	1920	classical_water	water	classical	iter01_classical_candidates_800Ry	141				analysis/bpnn2_augmented_dataset_20260714/rusty_relabel_outputs/bpnn2_250_290K_candidate_800Ry_relabel/tasks/water_0027			-1103.516341071545639
1920	1921	classical_water	water	classical	iter01_classical_candidates_800Ry	142				analysis/bpnn2_augmented_dataset_20260714/rusty_relabel_outputs/bpnn2_250_290K_candidate_800Ry_relabel/tasks/water_0028			-1103.508545645643835
1921	1922	classical_water	water	classical	iter01_classical_candidates_800Ry	143				analysis/bpnn2_augmented_dataset_20260714/rusty_relabel_outputs/bpnn2_250_290K_candidate_800Ry_relabel/tasks/water_0029			-1103.501540301814430
1922	1923	classical_water	water	classical	iter01_classical_candidates_800Ry	144				analysis/bpnn2_augmented_dataset_20260714/rusty_relabel_outputs/bpnn2_250_290K_candidate_800Ry_relabel/tasks/water_0030			-1103.497911113272494
1923	1924	classical_water	water	classical	iter01_classical_candidates_800Ry	145				analysis/bpnn2_augmented_dataset_20260714/rusty_relabel_outputs/bpnn2_250_290K_candidate_800Ry_relabel/tasks/water_0031			-1103.498602466711645
1924	1925	classical_water	water	classical	iter01_classical_candidates_800Ry	146				analysis/bpnn2_augmented_dataset_20260714/rusty_relabel_outputs/bpnn2_250_290K_candidate_800Ry_relabel/tasks/water_0032			-1103.502808103783309
1925	1926	classical_water	water	classical	iter01_classical_candidates_800Ry	147				analysis/bpnn2_augmented_dataset_20260714/rusty_relabel_outputs/bpnn2_250_290K_candidate_800Ry_relabel/tasks/water_0033			-1103.508356137106603
1926	1927	classical_water	water	classical	iter01_classical_candidates_800Ry	148				analysis/bpnn2_augmented_dataset_20260714/rusty_relabel_outputs/bpnn2_250_290K_candidate_800Ry_relabel/tasks/water_0034			-1103.512742230677759
1927	1928	classical_water	water	classical	iter01_classical_candidates_800Ry	149				analysis/bpnn2_augmented_dataset_20260714/rusty_relabel_outputs/bpnn2_250_290K_candidate_800Ry_relabel/tasks/water_0035			-1103.513900773174782
1928	1929	classical_water	water	classical	iter01_classical_candidates_800Ry	150				analysis/bpnn2_augmented_dataset_20260714/rusty_relabel_outputs/bpnn2_250_290K_candidate_800Ry_relabel/tasks/water_0036			-1103.511423445040464
1929	1930	classical_water	water	classical	iter01_classical_candidates_800Ry	151				analysis/bpnn2_augmented_dataset_20260714/rusty_relabel_outputs/bpnn2_250_290K_candidate_800Ry_relabel/tasks/water_0037			-1103.506614449750714
1930	1931	classical_water	water	classical	iter01_classical_candidates_800Ry	152				analysis/bpnn2_augmented_dataset_20260714/rusty_relabel_outputs/bpnn2_250_290K_candidate_800Ry_relabel/tasks/water_0038			-1103.502466371017817
1931	1932	classical_water	water	classical	iter01_classical_candidates_800Ry	153				analysis/bpnn2_augmented_dataset_20260714/rusty_relabel_outputs/bpnn2_250_290K_candidate_800Ry_relabel/tasks/water_0039			-1103.501782074923085
1932	1933	classical_water	water	classical	iter01_classical_candidates_800Ry	154				analysis/bpnn2_augmented_dataset_20260714/rusty_relabel_outputs/bpnn2_250_290K_candidate_800Ry_relabel/tasks/water_0040			-1103.505497587389982
1933	1934	classical_water	water	classical	iter01_classical_candidates_800Ry	155				analysis/bpnn2_augmented_dataset_20260714/rusty_relabel_outputs/bpnn2_250_290K_candidate_800Ry_relabel/tasks/water_0041			-1103.511687696282934
1934	1935	classical_water	water	classical	iter01_classical_candidates_800Ry	156				analysis/bpnn2_augmented_dataset_20260714/rusty_relabel_outputs/bpnn2_250_290K_candidate_800Ry_relabel/tasks/water_0042			-1103.517076335514730
1935	1936	classical_water	water	classical	iter01_classical_candidates_800Ry	157				analysis/bpnn2_augmented_dataset_20260714/rusty_relabel_outputs/bpnn2_250_290K_candidate_800Ry_relabel/tasks/water_0043			-1103.518726051508565
1936	1937	classical_water	water	classical	iter01_classical_candidates_800Ry	158				analysis/bpnn2_augmented_dataset_20260714/rusty_relabel_outputs/bpnn2_250_290K_candidate_800Ry_relabel/tasks/water_0044			-1103.515824987901851
1937	1938	classical_water	water	classical	iter01_classical_candidates_800Ry	159				analysis/bpnn2_augmented_dataset_20260714/rusty_relabel_outputs/bpnn2_250_290K_candidate_800Ry_relabel/tasks/water_0045			-1103.509587052774577
1938	1939	classical_water	water	classical	iter01_classical_candidates_800Ry	160				analysis/bpnn2_augmented_dataset_20260714/rusty_relabel_outputs/bpnn2_250_290K_candidate_800Ry_relabel/tasks/water_0046			-1103.502556560598350
1939	1940	classical_water	water	classical	iter01_classical_candidates_800Ry	161				analysis/bpnn2_augmented_dataset_20260714/rusty_relabel_outputs/bpnn2_250_290K_candidate_800Ry_relabel/tasks/water_0047			-1103.499466584730726
1940	1941	classical_water	water	classical	iter01_classical_candidates_800Ry	162				analysis/bpnn2_augmented_dataset_20260714/rusty_relabel_outputs/bpnn2_250_290K_candidate_800Ry_relabel/tasks/water_0048			-1103.496303827502288
1941	1942	classical_water	water	classical	iter01_classical_candidates_800Ry	163				analysis/bpnn2_augmented_dataset_20260714/rusty_relabel_outputs/bpnn2_250_290K_candidate_800Ry_relabel/tasks/water_0049			-1103.489506516500796
1942	1943	classical_water	water	classical	iter01_classical_candidates_800Ry	164				analysis/bpnn2_augmented_dataset_20260714/rusty_relabel_outputs/bpnn2_250_290K_candidate_800Ry_relabel/tasks/water_0050			-1103.468281347749326
1943	1944	classical_water	water	classical	iter01_classical_candidates_800Ry	165				analysis/bpnn2_augmented_dataset_20260714/rusty_relabel_outputs/bpnn2_250_290K_candidate_800Ry_relabel/tasks/water_0051			-1103.466282279803863
1944	1945	classical_water	water	classical	iter01_classical_candidates_800Ry	166				analysis/bpnn2_augmented_dataset_20260714/rusty_relabel_outputs/bpnn2_250_290K_candidate_800Ry_relabel/tasks/water_0052			-1103.466840542307636
1945	1946	classical_water	water	classical	iter01_classical_candidates_800Ry	167				analysis/bpnn2_augmented_dataset_20260714/rusty_relabel_outputs/bpnn2_250_290K_candidate_800Ry_relabel/tasks/water_0053			-1103.469026674553334
1946	1947	classical_water	water	classical	iter01_classical_candidates_800Ry	168				analysis/bpnn2_augmented_dataset_20260714/rusty_relabel_outputs/bpnn2_250_290K_candidate_800Ry_relabel/tasks/water_0054			-1103.471684558171319
1947	1948	classical_water	water	classical	iter01_classical_candidates_800Ry	169				analysis/bpnn2_augmented_dataset_20260714/rusty_relabel_outputs/bpnn2_250_290K_candidate_800Ry_relabel/tasks/water_0055			-1103.516106566365579
1948	1949	classical_water	water	classical	iter01_classical_candidates_800Ry	170				analysis/bpnn2_augmented_dataset_20260714/rusty_relabel_outputs/bpnn2_250_290K_candidate_800Ry_relabel/tasks/water_0056			-1103.515544591628441
1949	1950	classical_water	water	classical	iter01_classical_candidates_800Ry	171				analysis/bpnn2_augmented_dataset_20260714/rusty_relabel_outputs/bpnn2_250_290K_candidate_800Ry_relabel/tasks/water_0057			-1103.515517759290333
1950	1951	classical_water	water	classical	iter01_classical_candidates_800Ry	172				analysis/bpnn2_augmented_dataset_20260714/rusty_relabel_outputs/bpnn2_250_290K_candidate_800Ry_relabel/tasks/water_0058			-1103.515479334014799
1951	1952	classical_water	water	classical	iter01_classical_candidates_800Ry	173				analysis/bpnn2_augmented_dataset_20260714/rusty_relabel_outputs/bpnn2_250_290K_candidate_800Ry_relabel/tasks/water_0059			-1103.515861182518620
1952	1953	classical_water	water	classical	iter01_classical_candidates_800Ry	174				analysis/bpnn2_augmented_dataset_20260714/rusty_relabel_outputs/bpnn2_250_290K_candidate_800Ry_relabel/tasks/water_0060			-1103.517561621316645
1953	1954	classical_water	water	classical	iter01_classical_candidates_800Ry	175				analysis/bpnn2_augmented_dataset_20260714/rusty_relabel_outputs/bpnn2_250_290K_candidate_800Ry_relabel/tasks/water_0061			-1103.521064003433821
1954	1955	classical_water	water	classical	iter01_classical_candidates_800Ry	176				analysis/bpnn2_augmented_dataset_20260714/rusty_relabel_outputs/bpnn2_250_290K_candidate_800Ry_relabel/tasks/water_0062			-1103.526040605457410
1955	1956	classical_water	water	classical	iter01_classical_candidates_800Ry	177				analysis/bpnn2_augmented_dataset_20260714/rusty_relabel_outputs/bpnn2_250_290K_candidate_800Ry_relabel/tasks/water_0063			-1103.531394073329011
1956	1957	classical_water	water	classical	iter01_classical_candidates_800Ry	178				analysis/bpnn2_augmented_dataset_20260714/rusty_relabel_outputs/bpnn2_250_290K_candidate_800Ry_relabel/tasks/water_0064			-1103.536133880086709
1957	1958	classical_water	water	classical	iter01_classical_candidates_800Ry	179				analysis/bpnn2_augmented_dataset_20260714/rusty_relabel_outputs/bpnn2_250_290K_candidate_800Ry_relabel/tasks/water_0065			-1103.539728366020881
1958	1959	classical_water	water	classical	iter01_classical_candidates_800Ry	180				analysis/bpnn2_augmented_dataset_20260714/rusty_relabel_outputs/bpnn2_250_290K_candidate_800Ry_relabel/tasks/water_0066			-1103.542544302053329
1959	1960	classical_water	water	classical	iter01_classical_candidates_800Ry	181				analysis/bpnn2_augmented_dataset_20260714/rusty_relabel_outputs/bpnn2_250_290K_candidate_800Ry_relabel/tasks/water_0067			-1103.516354148535811
1960	1961	classical_water	water	classical	iter01_classical_candidates_800Ry	182				analysis/bpnn2_augmented_dataset_20260714/rusty_relabel_outputs/bpnn2_250_290K_candidate_800Ry_relabel/tasks/water_0068			-1103.519936119894965
1961	1962	classical_water	water	classical	iter01_classical_candidates_800Ry	183				analysis/bpnn2_augmented_dataset_20260714/rusty_relabel_outputs/bpnn2_250_290K_candidate_800Ry_relabel/tasks/water_0069			-1103.524274236908241
1962	1963	classical_water	water	classical	iter01_classical_candidates_800Ry	184				analysis/bpnn2_augmented_dataset_20260714/rusty_relabel_outputs/bpnn2_250_290K_candidate_800Ry_relabel/tasks/water_0070			-1103.527497357469883
1963	1964	classical_water	water	classical	iter01_classical_candidates_800Ry	185				analysis/bpnn2_augmented_dataset_20260714/rusty_relabel_outputs/bpnn2_250_290K_candidate_800Ry_relabel/tasks/water_0071			-1103.528578439031207
1964	1965	classical_water	water	classical	iter01_classical_candidates_800Ry	186				analysis/bpnn2_augmented_dataset_20260714/rusty_relabel_outputs/bpnn2_250_290K_candidate_800Ry_relabel/tasks/water_0072			-1103.527500620086130
1965	1966	classical_water	water	classical	iter01_classical_candidates_800Ry	187				analysis/bpnn2_augmented_dataset_20260714/rusty_relabel_outputs/bpnn2_250_290K_candidate_800Ry_relabel/tasks/water_0073			-1103.525145621233605
1966	1967	classical_water	water	classical	iter01_classical_candidates_800Ry	188				analysis/bpnn2_augmented_dataset_20260714/rusty_relabel_outputs/bpnn2_250_290K_candidate_800Ry_relabel/tasks/water_0074			-1103.523382731270431
1967	1968	classical_water	water	classical	iter01_classical_candidates_800Ry	189				analysis/bpnn2_augmented_dataset_20260714/rusty_relabel_outputs/bpnn2_250_290K_candidate_800Ry_relabel/tasks/water_0075			-1103.523818576677513
1968	1969	classical_water	water	classical	iter01_classical_candidates_800Ry	190				analysis/bpnn2_augmented_dataset_20260714/rusty_relabel_outputs/bpnn2_250_290K_candidate_800Ry_relabel/tasks/water_0076			-1103.527159363013425
1969	1970	classical_water	water	classical	iter01_classical_candidates_800Ry	191				analysis/bpnn2_augmented_dataset_20260714/rusty_relabel_outputs/bpnn2_250_290K_candidate_800Ry_relabel/tasks/water_0077			-1103.532566348335649
1970	1971	classical_water	water	classical	iter01_classical_candidates_800Ry	192				analysis/bpnn2_augmented_dataset_20260714/rusty_relabel_outputs/bpnn2_250_290K_candidate_800Ry_relabel/tasks/water_0078			-1103.537702451017367
1971	1972	classical_water	water	classical	iter01_classical_candidates_800Ry	193				analysis/bpnn2_augmented_dataset_20260714/rusty_relabel_outputs/bpnn2_250_290K_candidate_800Ry_relabel/tasks/water_0079			-1103.539918264656535
1972	1973	classical_water	water	classical	iter01_classical_candidates_800Ry	194				analysis/bpnn2_augmented_dataset_20260714/rusty_relabel_outputs/bpnn2_250_290K_candidate_800Ry_relabel/tasks/water_0080			-1103.537627351237688
1973	1974	classical_water	water	classical	iter01_classical_candidates_800Ry	195				analysis/bpnn2_augmented_dataset_20260714/rusty_relabel_outputs/bpnn2_250_290K_candidate_800Ry_relabel/tasks/water_0081			-1103.531237889986414
1974	1975	classical_water	water	classical	iter01_classical_candidates_800Ry	196				analysis/bpnn2_augmented_dataset_20260714/rusty_relabel_outputs/bpnn2_250_290K_candidate_800Ry_relabel/tasks/water_0082			-1103.523373482301395
1975	1976	classical_water	water	classical	iter01_classical_candidates_800Ry	197				analysis/bpnn2_augmented_dataset_20260714/rusty_relabel_outputs/bpnn2_250_290K_candidate_800Ry_relabel/tasks/water_0083			-1103.517722029212337
1976	1977	classical_water	water	classical	iter01_classical_candidates_800Ry	198				analysis/bpnn2_augmented_dataset_20260714/rusty_relabel_outputs/bpnn2_250_290K_candidate_800Ry_relabel/tasks/water_0084			-1103.516775419679561
1977	1978	classical_water	water	classical	iter01_classical_candidates_800Ry	199				analysis/bpnn2_augmented_dataset_20260714/rusty_relabel_outputs/bpnn2_250_290K_candidate_800Ry_relabel/tasks/water_0085			-1103.560044976021118
1978	1979	classical_water	water	classical	iter01_classical_candidates_800Ry	200				analysis/bpnn2_augmented_dataset_20260714/rusty_relabel_outputs/bpnn2_250_290K_candidate_800Ry_relabel/tasks/water_0086			-1103.560689433438483
1979	1980	classical_water	water	classical	iter01_classical_candidates_800Ry	201				analysis/bpnn2_augmented_dataset_20260714/rusty_relabel_outputs/bpnn2_250_290K_candidate_800Ry_relabel/tasks/water_0087			-1103.564544334973561
1980	1981	classical_water	water	classical	iter01_classical_candidates_800Ry	202				analysis/bpnn2_augmented_dataset_20260714/rusty_relabel_outputs/bpnn2_250_290K_candidate_800Ry_relabel/tasks/water_0088			-1103.569830553345810
1981	1982	classical_water	water	classical	iter01_classical_candidates_800Ry	203				analysis/bpnn2_augmented_dataset_20260714/rusty_relabel_outputs/bpnn2_250_290K_candidate_800Ry_relabel/tasks/water_0089			-1103.574105226884740
1982	1983	classical_water	water	classical	iter01_classical_candidates_800Ry	204				analysis/bpnn2_augmented_dataset_20260714/rusty_relabel_outputs/bpnn2_250_290K_candidate_800Ry_relabel/tasks/water_0090			-1103.575333450192829
1983	1984	classical_water	water	classical	iter01_classical_candidates_800Ry	205				analysis/bpnn2_augmented_dataset_20260714/rusty_relabel_outputs/bpnn2_250_290K_candidate_800Ry_relabel/tasks/water_0091			-1103.573036276539142
1984	1985	classical_water	water	classical	iter01_classical_candidates_800Ry	206				analysis/bpnn2_augmented_dataset_20260714/rusty_relabel_outputs/bpnn2_250_290K_candidate_800Ry_relabel/tasks/water_0092			-1103.568458580542483
1985	1986	classical_water	water	classical	iter01_classical_candidates_800Ry	207				analysis/bpnn2_augmented_dataset_20260714/rusty_relabel_outputs/bpnn2_250_290K_candidate_800Ry_relabel/tasks/water_0093			-1103.564043560122172
1986	1987	classical_water	water	classical	iter01_classical_candidates_800Ry	208				analysis/bpnn2_augmented_dataset_20260714/rusty_relabel_outputs/bpnn2_250_290K_candidate_800Ry_relabel/tasks/water_0094			-1103.562046025542259
1987	1988	classical_water	water	classical	iter01_classical_candidates_800Ry	209				analysis/bpnn2_augmented_dataset_20260714/rusty_relabel_outputs/bpnn2_250_290K_candidate_800Ry_relabel/tasks/water_0095			-1103.563042349345096
1988	1989	classical_water	water	classical	iter01_classical_candidates_800Ry	210				analysis/bpnn2_augmented_dataset_20260714/rusty_relabel_outputs/bpnn2_250_290K_candidate_800Ry_relabel/tasks/water_0096			-1103.565648897212668
1989	1990	classical_water	water	classical	iter01_classical_candidates_800Ry	211				analysis/bpnn2_augmented_dataset_20260714/rusty_relabel_outputs/bpnn2_250_290K_candidate_800Ry_relabel/tasks/water_0097			-1103.571865458687626
1990	1991	classical_water	water	classical	iter01_classical_candidates_800Ry	212				analysis/bpnn2_augmented_dataset_20260714/rusty_relabel_outputs/bpnn2_250_290K_candidate_800Ry_relabel/tasks/water_0098			-1103.570414198925846
1991	1992	classical_water	water	classical	iter01_classical_candidates_800Ry	213				analysis/bpnn2_augmented_dataset_20260714/rusty_relabel_outputs/bpnn2_250_290K_candidate_800Ry_relabel/tasks/water_0099			-1103.565378382224480
1992	1993	classical_water	water	classical	iter01_classical_candidates_800Ry	214				analysis/bpnn2_augmented_dataset_20260714/rusty_relabel_outputs/bpnn2_250_290K_candidate_800Ry_relabel/tasks/water_0100			-1103.558761188223343
1993	1994	classical_water	water	classical	iter01_classical_candidates_800Ry	215				analysis/bpnn2_augmented_dataset_20260714/rusty_relabel_outputs/bpnn2_250_290K_candidate_800Ry_relabel/tasks/water_0101			-1103.552277133364896
1994	1995	classical_water	water	classical	iter01_classical_candidates_800Ry	216				analysis/bpnn2_augmented_dataset_20260714/rusty_relabel_outputs/bpnn2_250_290K_candidate_800Ry_relabel/tasks/water_0102			-1103.546696427222287
1995	1996	classical_water	water	classical	iter01_classical_candidates_800Ry	217				analysis/bpnn2_augmented_dataset_20260714/rusty_relabel_outputs/bpnn2_250_290K_candidate_800Ry_relabel/tasks/water_0103			-1103.163189706398498
1996	1997	classical_water	water	classical	iter01_classical_candidates_800Ry	218				analysis/bpnn2_augmented_dataset_20260714/rusty_relabel_outputs/bpnn2_250_290K_candidate_800Ry_relabel/tasks/water_0104			-1103.158913630350071
1997	1998	classical_water	water	classical	iter01_classical_candidates_800Ry	219				analysis/bpnn2_augmented_dataset_20260714/rusty_relabel_outputs/bpnn2_250_290K_candidate_800Ry_relabel/tasks/water_0105			-1103.143919198487993
1998	1999	classical_water	water	classical	iter01_classical_candidates_800Ry	220				analysis/bpnn2_augmented_dataset_20260714/rusty_relabel_outputs/bpnn2_250_290K_candidate_800Ry_relabel/tasks/water_0106			-1103.127481490230366
1999	2000	classical_water	water	classical	iter01_classical_candidates_800Ry	221				analysis/bpnn2_augmented_dataset_20260714/rusty_relabel_outputs/bpnn2_250_290K_candidate_800Ry_relabel/tasks/water_0107			-1103.120330688235981
2000	2001	classical_water	water	classical	iter01_classical_candidates_800Ry	222				analysis/bpnn2_augmented_dataset_20260714/rusty_relabel_outputs/bpnn2_250_290K_candidate_800Ry_relabel/tasks/water_0108			-1103.128858643430931
2001	2002	classical_water	water	classical	iter01_classical_candidates_800Ry	223				analysis/bpnn2_augmented_dataset_20260714/rusty_relabel_outputs/bpnn2_250_290K_candidate_800Ry_relabel/tasks/water_0109			-1103.151325115537929
2002	2003	classical_water	water	classical	iter01_classical_candidates_800Ry	224				analysis/bpnn2_augmented_dataset_20260714/rusty_relabel_outputs/bpnn2_250_290K_candidate_800Ry_relabel/tasks/water_0110			-1103.179276965089684
2003	2004	classical_water	water	classical	iter01_classical_candidates_800Ry	225				analysis/bpnn2_augmented_dataset_20260714/rusty_relabel_outputs/bpnn2_250_290K_candidate_800Ry_relabel/tasks/water_0111			-1103.202655747964172
2004	2005	classical_water	water	classical	iter01_classical_candidates_800Ry	226				analysis/bpnn2_augmented_dataset_20260714/rusty_relabel_outputs/bpnn2_250_290K_candidate_800Ry_relabel/tasks/water_0112			-1103.213699906591273
2005	2006	classical_water	water	classical	iter01_classical_candidates_800Ry	227				analysis/bpnn2_augmented_dataset_20260714/rusty_relabel_outputs/bpnn2_250_290K_candidate_800Ry_relabel/tasks/water_0113			-1103.224925060359737
2006	2007	classical_water	water	classical	iter01_classical_candidates_800Ry	228				analysis/bpnn2_augmented_dataset_20260714/rusty_relabel_outputs/bpnn2_250_290K_candidate_800Ry_relabel/tasks/water_0114			-1103.477270989204271
2007	2008	classical_water	water	classical	iter01_classical_candidates_800Ry	229				analysis/bpnn2_augmented_dataset_20260714/rusty_relabel_outputs/bpnn2_250_290K_candidate_800Ry_relabel/tasks/water_0115			-1103.486591463893546
2008	2009	classical_water	water	classical	iter01_classical_candidates_800Ry	230				analysis/bpnn2_augmented_dataset_20260714/rusty_relabel_outputs/bpnn2_250_290K_candidate_800Ry_relabel/tasks/water_0116			-1103.496533577836772
2009	2010	classical_water	water	classical	iter01_classical_candidates_800Ry	231				analysis/bpnn2_augmented_dataset_20260714/rusty_relabel_outputs/bpnn2_250_290K_candidate_800Ry_relabel/tasks/water_0117			-1103.502585308001926
2010	2011	classical_water	water	classical	iter01_classical_candidates_800Ry	232				analysis/bpnn2_augmented_dataset_20260714/rusty_relabel_outputs/bpnn2_250_290K_candidate_800Ry_relabel/tasks/water_0118			-1103.502830485560025
2011	2012	classical_water	water	classical	iter01_classical_candidates_800Ry	233				analysis/bpnn2_augmented_dataset_20260714/rusty_relabel_outputs/bpnn2_250_290K_candidate_800Ry_relabel/tasks/water_0119			-1103.497973930303488
2012	2013	classical_water	water	classical	iter01_classical_candidates_800Ry	234				analysis/bpnn2_augmented_dataset_20260714/rusty_relabel_outputs/bpnn2_250_290K_candidate_800Ry_relabel/tasks/water_0120			-1103.491348245956715
2013	2014	classical_water	water	classical	iter01_classical_candidates_800Ry	235				analysis/bpnn2_augmented_dataset_20260714/rusty_relabel_outputs/bpnn2_250_290K_candidate_800Ry_relabel/tasks/water_0121			-1103.486517276642871
2014	2015	classical_water	water	classical	iter01_classical_candidates_800Ry	236				analysis/bpnn2_augmented_dataset_20260714/rusty_relabel_outputs/bpnn2_250_290K_candidate_800Ry_relabel/tasks/water_0122			-1103.486819176725248
2015	2016	classical_water	water	classical	iter01_classical_candidates_800Ry	237				analysis/bpnn2_augmented_dataset_20260714/rusty_relabel_outputs/bpnn2_250_290K_candidate_800Ry_relabel/tasks/water_0123			-1103.492958888735757
2016	2017	classical_water	water	classical	iter01_classical_candidates_800Ry	238				analysis/bpnn2_augmented_dataset_20260714/rusty_relabel_outputs/bpnn2_250_290K_candidate_800Ry_relabel/tasks/water_0124			-1103.502013147637854
2017	2018	classical_water	water	classical	iter01_classical_candidates_800Ry	239				analysis/bpnn2_augmented_dataset_20260714/rusty_relabel_outputs/bpnn2_250_290K_candidate_800Ry_relabel/tasks/water_0125			-1103.508744984934538
2018	2019	classical_water	water	classical	iter01_classical_candidates_800Ry	240				analysis/bpnn2_augmented_dataset_20260714/rusty_relabel_outputs/bpnn2_250_290K_candidate_800Ry_relabel/tasks/water_0126			-1103.508632456355372
2019	2020	classical_water	water	classical	iter01_classical_candidates_800Ry	241				analysis/bpnn2_augmented_dataset_20260714/rusty_relabel_outputs/bpnn2_250_290K_candidate_800Ry_relabel/tasks/water_0127			-1103.468994656980158
2020	2021	classical_water	water	classical	iter01_classical_candidates_800Ry	242				analysis/bpnn2_augmented_dataset_20260714/rusty_relabel_outputs/bpnn2_250_290K_candidate_800Ry_relabel/tasks/water_0128			-1103.471013964753411
2021	2022	classical_water	water	classical	iter01_classical_candidates_800Ry	243				analysis/bpnn2_augmented_dataset_20260714/rusty_relabel_outputs/bpnn2_250_290K_candidate_800Ry_relabel/tasks/water_0129			-1103.479563256535812
2022	2023	classical_water	water	classical	iter01_classical_candidates_800Ry	244				analysis/bpnn2_augmented_dataset_20260714/rusty_relabel_outputs/bpnn2_250_290K_candidate_800Ry_relabel/tasks/water_0130			-1103.490125405089884
2023	2024	classical_water	water	classical	iter01_classical_candidates_800Ry	245				analysis/bpnn2_augmented_dataset_20260714/rusty_relabel_outputs/bpnn2_250_290K_candidate_800Ry_relabel/tasks/water_0131			-1103.496982745672767
2024	2025	classical_water	water	classical	iter01_classical_candidates_800Ry	246				analysis/bpnn2_augmented_dataset_20260714/rusty_relabel_outputs/bpnn2_250_290K_candidate_800Ry_relabel/tasks/water_0132			-1103.504527481459945
2025	2026	classical_water	water	classical	iter01_classical_candidates_800Ry	247				analysis/bpnn2_augmented_dataset_20260714/rusty_relabel_outputs/bpnn2_250_290K_candidate_800Ry_relabel/tasks/water_0133			-1103.512814316396771
2026	2027	classical_water	water	classical	iter01_classical_candidates_800Ry	248				analysis/bpnn2_augmented_dataset_20260714/rusty_relabel_outputs/bpnn2_250_290K_candidate_800Ry_relabel/tasks/water_0134			-1103.518194998199988
2027	2028	classical_water	water	classical	iter01_classical_candidates_800Ry	249				analysis/bpnn2_augmented_dataset_20260714/rusty_relabel_outputs/bpnn2_250_290K_candidate_800Ry_relabel/tasks/water_0135			-1103.518346357600876
2028	2029	classical_water	water	classical	iter01_classical_candidates_800Ry	250				analysis/bpnn2_augmented_dataset_20260714/rusty_relabel_outputs/bpnn2_250_290K_candidate_800Ry_relabel/tasks/water_0136			-1103.513549598598274
2029	2030	classical_water	water	classical	iter01_classical_candidates_800Ry	251				analysis/bpnn2_augmented_dataset_20260714/rusty_relabel_outputs/bpnn2_250_290K_candidate_800Ry_relabel/tasks/water_0137			-1103.506342132995769
2030	2031	classical_water	water	classical	iter01_classical_candidates_800Ry	252				analysis/bpnn2_augmented_dataset_20260714/rusty_relabel_outputs/bpnn2_250_290K_candidate_800Ry_relabel/tasks/water_0138			-1103.500176412361498
2031	2032	classical_water	water	classical	iter01_classical_candidates_800Ry	253				analysis/bpnn2_augmented_dataset_20260714/rusty_relabel_outputs/bpnn2_250_290K_candidate_800Ry_relabel/tasks/water_0139			-1103.497774674826815
2032	2033	classical_water	water	classical	iter01_classical_candidates_800Ry	254				analysis/bpnn2_augmented_dataset_20260714/rusty_relabel_outputs/bpnn2_250_290K_candidate_800Ry_relabel/tasks/water_0140			-1103.500202901380135
2033	2034	classical_water	water	classical	iter01_classical_candidates_800Ry	255				analysis/bpnn2_augmented_dataset_20260714/rusty_relabel_outputs/bpnn2_250_290K_candidate_800Ry_relabel/tasks/water_0141			-1103.506518417218786
2034	2035	classical_water	water	classical	iter01_classical_candidates_800Ry	256				analysis/bpnn2_augmented_dataset_20260714/rusty_relabel_outputs/bpnn2_250_290K_candidate_800Ry_relabel/tasks/water_0142			-1103.514405389297963
2035	2036	classical_water	water	classical	iter01_classical_candidates_800Ry	257				analysis/bpnn2_augmented_dataset_20260714/rusty_relabel_outputs/bpnn2_250_290K_candidate_800Ry_relabel/tasks/water_0143			-1103.520930423612754
2036	2037	classical_water	water	classical	iter01_classical_candidates_800Ry	258				analysis/bpnn2_augmented_dataset_20260714/rusty_relabel_outputs/bpnn2_250_290K_candidate_800Ry_relabel/tasks/water_0144			-1103.523907160582212
2037	2038	classical_water	water	classical	iter01_classical_candidates_800Ry	259				analysis/bpnn2_augmented_dataset_20260714/rusty_relabel_outputs/bpnn2_250_290K_candidate_800Ry_relabel/tasks/water_0145			-1103.519558689462428
2038	2039	classical_water	water	classical	iter01_classical_candidates_800Ry	260				analysis/bpnn2_augmented_dataset_20260714/rusty_relabel_outputs/bpnn2_250_290K_candidate_800Ry_relabel/tasks/water_0146			-1103.520206552668924
2039	2040	classical_water	water	classical	iter01_classical_candidates_800Ry	261				analysis/bpnn2_augmented_dataset_20260714/rusty_relabel_outputs/bpnn2_250_290K_candidate_800Ry_relabel/tasks/water_0147			-1103.519736909382345
2040	2041	classical_water	water	classical	iter01_classical_candidates_800Ry	262				analysis/bpnn2_augmented_dataset_20260714/rusty_relabel_outputs/bpnn2_250_290K_candidate_800Ry_relabel/tasks/water_0148			-1103.518782623448260
2041	2042	classical_water	water	classical	iter01_classical_candidates_800Ry	263				analysis/bpnn2_augmented_dataset_20260714/rusty_relabel_outputs/bpnn2_250_290K_candidate_800Ry_relabel/tasks/water_0149			-1103.518752275648922
2042	2043	classical_water	water	classical	iter01_classical_candidates_800Ry	264				analysis/bpnn2_augmented_dataset_20260714/rusty_relabel_outputs/bpnn2_250_290K_candidate_800Ry_relabel/tasks/water_0150			-1103.520532208136501
2043	2044	classical_water	water	classical	iter01_classical_candidates_800Ry	265				analysis/bpnn2_augmented_dataset_20260714/rusty_relabel_outputs/bpnn2_250_290K_candidate_800Ry_relabel/tasks/water_0151			-1103.524013634965740
2044	2045	classical_water	water	classical	iter01_classical_candidates_800Ry	266				analysis/bpnn2_augmented_dataset_20260714/rusty_relabel_outputs/bpnn2_250_290K_candidate_800Ry_relabel/tasks/water_0152			-1103.528167380933382
2045	2046	classical_water	water	classical	iter01_classical_candidates_800Ry	267				analysis/bpnn2_augmented_dataset_20260714/rusty_relabel_outputs/bpnn2_250_290K_candidate_800Ry_relabel/tasks/water_0153			-1103.531914757197228
2046	2047	classical_water	water	classical	iter01_classical_candidates_800Ry	268				analysis/bpnn2_augmented_dataset_20260714/rusty_relabel_outputs/bpnn2_250_290K_candidate_800Ry_relabel/tasks/water_0154			-1103.534904660084294
2047	2048	classical_water	water	classical	iter01_classical_candidates_800Ry	269				analysis/bpnn2_augmented_dataset_20260714/rusty_relabel_outputs/bpnn2_250_290K_candidate_800Ry_relabel/tasks/water_0155			-1103.537456041244468
2048	2049	classical_water	water	classical	iter01_classical_candidates_800Ry	270				analysis/bpnn2_augmented_dataset_20260714/rusty_relabel_outputs/bpnn2_250_290K_candidate_800Ry_relabel/tasks/water_0156			-1103.540333572071631
2049	2050	classical_water	water	classical	iter01_classical_candidates_800Ry	271				analysis/bpnn2_augmented_dataset_20260714/rusty_relabel_outputs/bpnn2_250_290K_candidate_800Ry_relabel/tasks/water_0157			-1103.543746141986048
2050	2051	classical_water	water	classical	iter01_classical_candidates_800Ry	272				analysis/bpnn2_augmented_dataset_20260714/rusty_relabel_outputs/bpnn2_250_290K_candidate_800Ry_relabel/tasks/water_0158			-1103.547259274216231
2051	2052	classical_water	water	classical	iter01_classical_candidates_800Ry	273				analysis/bpnn2_augmented_dataset_20260714/rusty_relabel_outputs/bpnn2_250_290K_candidate_800Ry_relabel/tasks/water_0159			-1103.550251619811888
2052	2053	classical_water	water	classical	iter01_classical_candidates_800Ry	274				analysis/bpnn2_augmented_dataset_20260714/rusty_relabel_outputs/bpnn2_250_290K_candidate_800Ry_relabel/tasks/water_0160			-1103.552529596338218
2053	2054	classical_water	water	classical	iter01_classical_candidates_800Ry	275				analysis/bpnn2_augmented_dataset_20260714/rusty_relabel_outputs/bpnn2_250_290K_candidate_800Ry_relabel/tasks/water_0161			-1103.554455882343291
2054	2055	classical_water	water	classical	iter01_classical_candidates_800Ry	276				analysis/bpnn2_augmented_dataset_20260714/rusty_relabel_outputs/bpnn2_250_290K_candidate_800Ry_relabel/tasks/water_0162			-1103.541206751160189
2055	2056	classical_water	water	classical	iter01_classical_candidates_800Ry	277				analysis/bpnn2_augmented_dataset_20260714/rusty_relabel_outputs/bpnn2_250_290K_candidate_800Ry_relabel/tasks/water_0163			-1103.534283412479226
2056	2057	classical_water	water	classical	iter01_classical_candidates_800Ry	278				analysis/bpnn2_augmented_dataset_20260714/rusty_relabel_outputs/bpnn2_250_290K_candidate_800Ry_relabel/tasks/water_0164			-1103.526939947324990
2057	2058	classical_water	water	classical	iter01_classical_candidates_800Ry	279				analysis/bpnn2_augmented_dataset_20260714/rusty_relabel_outputs/bpnn2_250_290K_candidate_800Ry_relabel/tasks/water_0165			-1103.520676757282899
2058	2059	classical_water	water	classical	iter01_classical_candidates_800Ry	280				analysis/bpnn2_augmented_dataset_20260714/rusty_relabel_outputs/bpnn2_250_290K_candidate_800Ry_relabel/tasks/water_0166			-1103.516507911867848
2059	2060	classical_water	water	classical	iter01_classical_candidates_800Ry	281				analysis/bpnn2_augmented_dataset_20260714/rusty_relabel_outputs/bpnn2_250_290K_candidate_800Ry_relabel/tasks/water_0167			-1103.514233259470529
2060	2061	classical_water	water	classical	iter01_classical_candidates_800Ry	282				analysis/bpnn2_augmented_dataset_20260714/rusty_relabel_outputs/bpnn2_250_290K_candidate_800Ry_relabel/tasks/water_0168			-1103.513032222765332
2061	2062	classical_water	water	classical	iter01_classical_candidates_800Ry	283				analysis/bpnn2_augmented_dataset_20260714/rusty_relabel_outputs/bpnn2_250_290K_candidate_800Ry_relabel/tasks/water_0169			-1103.507641966921710
2062	2063	classical_water	water	classical	iter01_classical_candidates_800Ry	284				analysis/bpnn2_augmented_dataset_20260714/rusty_relabel_outputs/bpnn2_250_290K_candidate_800Ry_relabel/tasks/water_0170			-1103.511648569907493
2063	2064	classical_water	water	classical	iter01_classical_candidates_800Ry	285				analysis/bpnn2_augmented_dataset_20260714/rusty_relabel_outputs/bpnn2_250_290K_candidate_800Ry_relabel/tasks/water_0171			-1103.517491274606982
2064	2065	classical_water	water	classical	iter01_classical_candidates_800Ry	286				analysis/bpnn2_augmented_dataset_20260714/rusty_relabel_outputs/bpnn2_250_290K_candidate_800Ry_relabel/tasks/water_0172			-1103.523179862922461
2065	2066	classical_water	water	classical	iter01_classical_candidates_800Ry	287				analysis/bpnn2_augmented_dataset_20260714/rusty_relabel_outputs/bpnn2_250_290K_candidate_800Ry_relabel/tasks/water_0173			-1103.526884563156273
2066	2067	classical_water	water	classical	iter01_classical_candidates_800Ry	288				analysis/bpnn2_augmented_dataset_20260714/rusty_relabel_outputs/bpnn2_250_290K_candidate_800Ry_relabel/tasks/water_0174			-1103.527686791390352
2067	2068	classical_water	water	classical	iter01_classical_candidates_800Ry	289				analysis/bpnn2_augmented_dataset_20260714/rusty_relabel_outputs/bpnn2_250_290K_candidate_800Ry_relabel/tasks/water_0175			-1103.525728715391779
2068	2069	classical_water	water	classical	iter01_classical_candidates_800Ry	290				analysis/bpnn2_augmented_dataset_20260714/rusty_relabel_outputs/bpnn2_250_290K_candidate_800Ry_relabel/tasks/water_0176			-1103.521655668863332
2069	2070	classical_water	water	classical	iter01_classical_candidates_800Ry	291				analysis/bpnn2_augmented_dataset_20260714/rusty_relabel_outputs/bpnn2_250_290K_candidate_800Ry_relabel/tasks/water_0177			-1103.516281673484855
2070	2071	classical_water	water	classical	iter01_classical_candidates_800Ry	292				analysis/bpnn2_augmented_dataset_20260714/rusty_relabel_outputs/bpnn2_250_290K_candidate_800Ry_relabel/tasks/water_0178			-1103.510779682781049
2071	2072	classical_water	water	classical	iter01_classical_candidates_800Ry	293				analysis/bpnn2_augmented_dataset_20260714/rusty_relabel_outputs/bpnn2_250_290K_candidate_800Ry_relabel/tasks/water_0179			-1103.506610322661800
2072	2073	classical_water	water	classical	iter01_classical_candidates_800Ry	294				analysis/bpnn2_augmented_dataset_20260714/rusty_relabel_outputs/bpnn2_250_290K_candidate_800Ry_relabel/tasks/water_0180			-1103.504893920917084
2073	2074	classical_water	water	classical	iter01_classical_candidates_800Ry	295				analysis/bpnn2_augmented_dataset_20260714/rusty_relabel_outputs/bpnn2_250_290K_candidate_800Ry_relabel/tasks/water_0181			-1103.505446463062526
2074	2075	classical_water	water	classical	iter01_classical_candidates_800Ry	296				analysis/bpnn2_augmented_dataset_20260714/rusty_relabel_outputs/bpnn2_250_290K_candidate_800Ry_relabel/tasks/water_0182			-1103.506731459656294
2075	2076	classical_water	water	classical	iter01_classical_candidates_800Ry	297				analysis/bpnn2_augmented_dataset_20260714/rusty_relabel_outputs/bpnn2_250_290K_candidate_800Ry_relabel/tasks/water_0183			-1103.506793050007218
2076	2077	classical_water	water	classical	iter01_classical_candidates_800Ry	298				analysis/bpnn2_augmented_dataset_20260714/rusty_relabel_outputs/bpnn2_250_290K_candidate_800Ry_relabel/tasks/water_0184			-1103.504678941946622
2077	2078	classical_water	water	classical	iter01_classical_candidates_800Ry	299				analysis/bpnn2_augmented_dataset_20260714/rusty_relabel_outputs/bpnn2_250_290K_candidate_800Ry_relabel/tasks/water_0185			-1103.501391184710201
2078	2079	classical_water	water	classical	iter01_classical_candidates_800Ry	300				analysis/bpnn2_augmented_dataset_20260714/rusty_relabel_outputs/bpnn2_250_290K_candidate_800Ry_relabel/tasks/water_0186			-1103.499185004910260
2079	2080	classical_water	water	classical	iter01_classical_candidates_800Ry	301				analysis/bpnn2_augmented_dataset_20260714/rusty_relabel_outputs/bpnn2_250_290K_candidate_800Ry_relabel/tasks/water_0187			-1103.500065058123027
2080	2081	classical_water	water	classical	iter01_classical_candidates_800Ry	302				analysis/bpnn2_augmented_dataset_20260714/rusty_relabel_outputs/bpnn2_250_290K_candidate_800Ry_relabel/tasks/water_0188			-1103.504653562063140
2081	2082	classical_water	water	classical	iter01_classical_candidates_800Ry	303				analysis/bpnn2_augmented_dataset_20260714/rusty_relabel_outputs/bpnn2_250_290K_candidate_800Ry_relabel/tasks/water_0189			-1103.511434625589800
2082	2083	classical_water	water	classical	iter01_classical_candidates_800Ry	304				analysis/bpnn2_augmented_dataset_20260714/rusty_relabel_outputs/bpnn2_250_290K_candidate_800Ry_relabel/tasks/water_0190			-1103.518336603935040
2083	2084	classical_water	water	classical	iter01_classical_candidates_800Ry	305				analysis/bpnn2_augmented_dataset_20260714/rusty_relabel_outputs/bpnn2_250_290K_candidate_800Ry_relabel/tasks/water_0191			-1103.523733519096822
2084	2085	classical_water	water	classical	iter01_classical_candidates_800Ry	306				analysis/bpnn2_augmented_dataset_20260714/rusty_relabel_outputs/bpnn2_250_290K_candidate_800Ry_relabel/tasks/water_0192			-1103.526762710920366
2085	2086	classical_water	water	classical	iter01_classical_candidates_800Ry	307				analysis/bpnn2_augmented_dataset_20260714/rusty_relabel_outputs/bpnn2_250_290K_candidate_800Ry_relabel/tasks/water_0193			-1103.527450037122890
2086	2087	classical_water	water	classical	iter01_classical_candidates_800Ry	308				analysis/bpnn2_augmented_dataset_20260714/rusty_relabel_outputs/bpnn2_250_290K_candidate_800Ry_relabel/tasks/water_0194			-1103.525875713683945
2087	2088	classical_water	water	classical	iter01_classical_candidates_800Ry	309				analysis/bpnn2_augmented_dataset_20260714/rusty_relabel_outputs/bpnn2_250_290K_candidate_800Ry_relabel/tasks/water_0195			-1103.522808875666669
2088	2089	classical_water	water	classical	iter01_classical_candidates_800Ry	310				analysis/bpnn2_augmented_dataset_20260714/rusty_relabel_outputs/bpnn2_250_290K_candidate_800Ry_relabel/tasks/water_0196			-1103.519470930877787
2089	2090	classical_water	water	classical	iter01_classical_candidates_800Ry	311				analysis/bpnn2_augmented_dataset_20260714/rusty_relabel_outputs/bpnn2_250_290K_candidate_800Ry_relabel/tasks/water_0197			-1103.572408375877330
2090	2091	classical_water	water	classical	iter01_classical_candidates_800Ry	312				analysis/bpnn2_augmented_dataset_20260714/rusty_relabel_outputs/bpnn2_250_290K_candidate_800Ry_relabel/tasks/water_0198			-1103.569771857044771
2091	2092	classical_water	water	classical	iter01_classical_candidates_800Ry	313				analysis/bpnn2_augmented_dataset_20260714/rusty_relabel_outputs/bpnn2_250_290K_candidate_800Ry_relabel/tasks/water_0199			-1103.565794033900147
2092	2093	classical_water	water	classical	iter01_classical_candidates_800Ry	314				analysis/bpnn2_augmented_dataset_20260714/rusty_relabel_outputs/bpnn2_250_290K_candidate_800Ry_relabel/tasks/water_0200			-1103.561269307615476
2093	2094	classical_water	water	classical	iter01_classical_candidates_800Ry	315				analysis/bpnn2_augmented_dataset_20260714/rusty_relabel_outputs/bpnn2_250_290K_candidate_800Ry_relabel/tasks/water_0201			-1103.557607946531334
2094	2095	classical_water	water	classical	iter01_classical_candidates_800Ry	316				analysis/bpnn2_augmented_dataset_20260714/rusty_relabel_outputs/bpnn2_250_290K_candidate_800Ry_relabel/tasks/water_0202			-1103.556520252908967
2095	2096	classical_water	water	classical	iter01_classical_candidates_800Ry	317				analysis/bpnn2_augmented_dataset_20260714/rusty_relabel_outputs/bpnn2_250_290K_candidate_800Ry_relabel/tasks/water_0203			-1103.558923323518457
2096	2097	classical_water	water	classical	iter01_classical_candidates_800Ry	318				analysis/bpnn2_augmented_dataset_20260714/rusty_relabel_outputs/bpnn2_250_290K_candidate_800Ry_relabel/tasks/water_0204			-1103.564004932496346
2097	2098	classical_water	water	classical	iter01_classical_candidates_800Ry	319				analysis/bpnn2_augmented_dataset_20260714/rusty_relabel_outputs/bpnn2_250_290K_candidate_800Ry_relabel/tasks/water_0205			-1103.569529433893194
2098	2099	classical_water	water	classical	iter01_classical_candidates_800Ry	320				analysis/bpnn2_augmented_dataset_20260714/rusty_relabel_outputs/bpnn2_250_290K_candidate_800Ry_relabel/tasks/water_0206			-1103.573525202779138
2099	2100	classical_water	water	classical	iter01_classical_candidates_800Ry	321				analysis/bpnn2_augmented_dataset_20260714/rusty_relabel_outputs/bpnn2_250_290K_candidate_800Ry_relabel/tasks/water_0207			-1103.575120748652807
2100	2101	classical_water	water	classical	iter01_classical_candidates_800Ry	322				analysis/bpnn2_augmented_dataset_20260714/rusty_relabel_outputs/bpnn2_250_290K_candidate_800Ry_relabel/tasks/water_0208			-1103.575119560334997
2101	2102	classical_water	water	classical	iter01_classical_candidates_800Ry	323				analysis/bpnn2_augmented_dataset_20260714/rusty_relabel_outputs/bpnn2_250_290K_candidate_800Ry_relabel/tasks/water_0209			-1103.575066577147254
2102	2103	classical_water	water	classical	iter01_classical_candidates_800Ry	324				analysis/bpnn2_augmented_dataset_20260714/rusty_relabel_outputs/bpnn2_250_290K_candidate_800Ry_relabel/tasks/water_0210			-1103.576153028494900
2103	2104	classical_water	water	classical	iter01_classical_candidates_800Ry	325				analysis/bpnn2_augmented_dataset_20260714/rusty_relabel_outputs/bpnn2_250_290K_candidate_800Ry_relabel/tasks/water_0211			-1103.578618006217539
2104	2105	classical_water	water	classical	iter01_classical_candidates_800Ry	326				analysis/bpnn2_augmented_dataset_20260714/rusty_relabel_outputs/bpnn2_250_290K_candidate_800Ry_relabel/tasks/water_0212			-1103.581913509425931
2105	2106	classical_water	water	classical	iter01_classical_candidates_800Ry	327				analysis/bpnn2_augmented_dataset_20260714/rusty_relabel_outputs/bpnn2_250_290K_candidate_800Ry_relabel/tasks/water_0213			-1103.584559060187303
2106	2107	classical_water	water	classical	iter01_classical_candidates_800Ry	328				analysis/bpnn2_augmented_dataset_20260714/rusty_relabel_outputs/bpnn2_250_290K_candidate_800Ry_relabel/tasks/water_0214			-1103.589569247149484
2107	2108	classical_water	water	classical	iter01_classical_candidates_800Ry	329				analysis/bpnn2_augmented_dataset_20260714/rusty_relabel_outputs/bpnn2_250_290K_candidate_800Ry_relabel/tasks/water_0215			-1103.591713761386472
2108	2109	classical_water	water	classical	iter01_classical_candidates_800Ry	330				analysis/bpnn2_augmented_dataset_20260714/rusty_relabel_outputs/bpnn2_250_290K_candidate_800Ry_relabel/tasks/water_0216			-1103.590278322664062
2109	2110	classical_water	water	classical	iter01_classical_candidates_800Ry	331				analysis/bpnn2_augmented_dataset_20260714/rusty_relabel_outputs/bpnn2_250_290K_candidate_800Ry_relabel/tasks/water_0217			-1103.586514729683813
2110	2111	classical_water	water	classical	iter01_classical_candidates_800Ry	332				analysis/bpnn2_augmented_dataset_20260714/rusty_relabel_outputs/bpnn2_250_290K_candidate_800Ry_relabel/tasks/water_0218			-1103.582573865333416
2111	2112	classical_water	water	classical	iter01_classical_candidates_800Ry	333				analysis/bpnn2_augmented_dataset_20260714/rusty_relabel_outputs/bpnn2_250_290K_candidate_800Ry_relabel/tasks/water_0219			-1103.532077562377481
2112	2113	classical_water	water	classical	iter01_classical_candidates_800Ry	334				analysis/bpnn2_augmented_dataset_20260714/rusty_relabel_outputs/bpnn2_250_290K_candidate_800Ry_relabel/tasks/water_0220			-1103.527372616887760
2113	2114	classical_water	water	classical	iter01_classical_candidates_800Ry	335				analysis/bpnn2_augmented_dataset_20260714/rusty_relabel_outputs/bpnn2_250_290K_candidate_800Ry_relabel/tasks/water_0221			-1103.524255892464225
2114	2115	classical_water	water	classical	iter01_classical_candidates_800Ry	336				analysis/bpnn2_augmented_dataset_20260714/rusty_relabel_outputs/bpnn2_250_290K_candidate_800Ry_relabel/tasks/water_0222			-1103.524991414777787
2115	2116	classical_water	water	classical	iter01_classical_candidates_800Ry	337				analysis/bpnn2_augmented_dataset_20260714/rusty_relabel_outputs/bpnn2_250_290K_candidate_800Ry_relabel/tasks/water_0223			-1103.529900745679015
2116	2117	classical_water	water	classical	iter01_classical_candidates_800Ry	338				analysis/bpnn2_augmented_dataset_20260714/rusty_relabel_outputs/bpnn2_250_290K_candidate_800Ry_relabel/tasks/water_0224			-1103.537206453306226
2117	2118	classical_water	water	classical	iter01_classical_candidates_800Ry	339				analysis/bpnn2_augmented_dataset_20260714/rusty_relabel_outputs/bpnn2_250_290K_candidate_800Ry_relabel/tasks/water_0225			-1103.544096478741722
2118	2119	classical_water	water	classical	iter01_classical_candidates_800Ry	340				analysis/bpnn2_augmented_dataset_20260714/rusty_relabel_outputs/bpnn2_250_290K_candidate_800Ry_relabel/tasks/water_0226			-1103.536001541386668
2119	2120	classical_water	water	classical	iter01_classical_candidates_800Ry	341				analysis/bpnn2_augmented_dataset_20260714/rusty_relabel_outputs/bpnn2_250_290K_candidate_800Ry_relabel/tasks/water_0227			-1103.534049502565949
2120	2121	classical_water	water	classical	iter01_classical_candidates_800Ry	342				analysis/bpnn2_augmented_dataset_20260714/rusty_relabel_outputs/bpnn2_250_290K_candidate_800Ry_relabel/tasks/water_0228			-1103.531212986888704
2121	2122	classical_water	water	classical	iter01_classical_candidates_800Ry	343				analysis/bpnn2_augmented_dataset_20260714/rusty_relabel_outputs/bpnn2_250_290K_candidate_800Ry_relabel/tasks/water_0229			-1103.528682311035936
2122	2123	classical_water	water	classical	iter01_classical_candidates_800Ry	344				analysis/bpnn2_augmented_dataset_20260714/rusty_relabel_outputs/bpnn2_250_290K_candidate_800Ry_relabel/tasks/water_0230			-1103.527419831027601
2123	2124	classical_water	water	classical	iter01_classical_candidates_800Ry	345				analysis/bpnn2_augmented_dataset_20260714/rusty_relabel_outputs/bpnn2_250_290K_candidate_800Ry_relabel/tasks/water_0231			-1103.527661963575838
2124	2125	classical_water	water	classical	iter01_classical_candidates_800Ry	346				analysis/bpnn2_augmented_dataset_20260714/rusty_relabel_outputs/bpnn2_250_290K_candidate_800Ry_relabel/tasks/water_0232			-1103.527623929876199
2125	2126	classical_water	water	classical	iter01_classical_candidates_800Ry	347				analysis/bpnn2_augmented_dataset_20260714/rusty_relabel_outputs/bpnn2_250_290K_candidate_800Ry_relabel/tasks/water_0233			-1103.530408761912668
2126	2127	classical_water	water	classical	iter01_classical_candidates_800Ry	348				analysis/bpnn2_augmented_dataset_20260714/rusty_relabel_outputs/bpnn2_250_290K_candidate_800Ry_relabel/tasks/water_0234			-1103.532825766720634
2127	2128	classical_water	water	classical	iter01_classical_candidates_800Ry	349				analysis/bpnn2_augmented_dataset_20260714/rusty_relabel_outputs/bpnn2_250_290K_candidate_800Ry_relabel/tasks/water_0235			-1103.534522152849831
2128	2129	classical_water	water	classical	iter01_classical_candidates_800Ry	350				analysis/bpnn2_augmented_dataset_20260714/rusty_relabel_outputs/bpnn2_250_290K_candidate_800Ry_relabel/tasks/water_0236			-1103.535776598182565
2129	2130	classical_water	water	classical	iter01_classical_candidates_800Ry	351				analysis/bpnn2_augmented_dataset_20260714/rusty_relabel_outputs/bpnn2_250_290K_candidate_800Ry_relabel/tasks/water_0237			-1103.537232590910662
2130	2131	classical_water	water	classical	iter01_classical_candidates_800Ry	352				analysis/bpnn2_augmented_dataset_20260714/rusty_relabel_outputs/bpnn2_250_290K_candidate_800Ry_relabel/tasks/water_0238			-1103.539776288083431
2131	2132	classical_water	water	classical	iter01_classical_candidates_800Ry	353				analysis/bpnn2_augmented_dataset_20260714/rusty_relabel_outputs/bpnn2_250_290K_candidate_800Ry_relabel/tasks/water_0239			-1103.543662028271228
2132	2133	classical_water	water	classical	iter01_classical_candidates_800Ry	354				analysis/bpnn2_augmented_dataset_20260714/rusty_relabel_outputs/bpnn2_250_290K_candidate_800Ry_relabel/tasks/water_0240			-1103.548270034312509
2133	2134	classical_water	water	classical	iter01_classical_candidates_800Ry	355				analysis/bpnn2_augmented_dataset_20260714/rusty_relabel_outputs/bpnn2_250_290K_candidate_800Ry_relabel/tasks/water_0241			-1103.552143372007777
2134	2135	classical_water	water	classical	iter01_classical_candidates_800Ry	356				analysis/bpnn2_augmented_dataset_20260714/rusty_relabel_outputs/bpnn2_250_290K_candidate_800Ry_relabel/tasks/water_0242			-1103.553903013892523
2135	2136	classical_water	water	classical	iter01_classical_candidates_800Ry	357				analysis/bpnn2_augmented_dataset_20260714/rusty_relabel_outputs/bpnn2_250_290K_candidate_800Ry_relabel/tasks/water_0243			-1103.553074448239158
2136	2137	classical_water	water	classical	iter01_classical_candidates_800Ry	358				analysis/bpnn2_augmented_dataset_20260714/rusty_relabel_outputs/bpnn2_250_290K_candidate_800Ry_relabel/tasks/water_0244			-1103.550455181568168
2137	2138	classical_water	water	classical	iter01_classical_candidates_800Ry	359				analysis/bpnn2_augmented_dataset_20260714/rusty_relabel_outputs/bpnn2_250_290K_candidate_800Ry_relabel/tasks/water_0245			-1103.547873468558464
2138	2139	classical_water	water	classical	iter01_classical_candidates_800Ry	360				analysis/bpnn2_augmented_dataset_20260714/rusty_relabel_outputs/bpnn2_250_290K_candidate_800Ry_relabel/tasks/water_0246			-1103.546923209884881
2139	2140	classical_water	water	classical	iter01_classical_candidates_800Ry	361				analysis/bpnn2_augmented_dataset_20260714/rusty_relabel_outputs/bpnn2_250_290K_candidate_800Ry_relabel/tasks/water_0247			-1103.548000187707885
2140	2141	classical_water	water	classical	iter01_classical_candidates_800Ry	362				analysis/bpnn2_augmented_dataset_20260714/rusty_relabel_outputs/bpnn2_250_290K_candidate_800Ry_relabel/tasks/water_0248			-1103.550420260647115
2141	2142	classical_water	water	classical	iter01_classical_candidates_800Ry	363				analysis/bpnn2_augmented_dataset_20260714/rusty_relabel_outputs/bpnn2_250_290K_candidate_800Ry_relabel/tasks/water_0249			-1103.552954059534841
2142	2143	classical_water	water	classical	iter01_classical_candidates_800Ry	364				analysis/bpnn2_augmented_dataset_20260714/rusty_relabel_outputs/bpnn2_250_290K_candidate_800Ry_relabel/tasks/water_0250			-1103.554731647455128
2143	2144	classical_water	water	classical	iter01_classical_candidates_800Ry	365				analysis/bpnn2_augmented_dataset_20260714/rusty_relabel_outputs/bpnn2_250_290K_candidate_800Ry_relabel/tasks/water_0251			-1103.555580716054692
2144	2145	classical_water	water	classical	iter01_classical_candidates_800Ry	366				analysis/bpnn2_augmented_dataset_20260714/rusty_relabel_outputs/bpnn2_250_290K_candidate_800Ry_relabel/tasks/water_0252			-1103.555698685536299
2145	2146	classical_water	water	classical	iter01_classical_candidates_800Ry	367				analysis/bpnn2_augmented_dataset_20260714/rusty_relabel_outputs/bpnn2_250_290K_candidate_800Ry_relabel/tasks/water_0253			-1103.555736193189887
2146	2147	classical_water	water	classical	iter01_classical_candidates_800Ry	368				analysis/bpnn2_augmented_dataset_20260714/rusty_relabel_outputs/bpnn2_250_290K_candidate_800Ry_relabel/tasks/water_0254			-1103.556448769210874
2147	2148	classical_water	water	classical	iter01_classical_candidates_800Ry	369				analysis/bpnn2_augmented_dataset_20260714/rusty_relabel_outputs/bpnn2_250_290K_candidate_800Ry_relabel/tasks/water_0255			-1103.558612192715373
2148	2149	classical_water	water	classical	iter01_classical_candidates_800Ry	370				analysis/bpnn2_augmented_dataset_20260714/rusty_relabel_outputs/bpnn2_250_290K_candidate_800Ry_relabel/tasks/water_0256			-1103.562376376144584
2149	2150	classical_water	water	classical	iter01_classical_candidates_800Ry	371				analysis/bpnn2_augmented_dataset_20260714/rusty_relabel_outputs/bpnn2_250_290K_candidate_800Ry_relabel/tasks/water_0257			-1103.567226245601205
2150	2151	classical_water	water	classical	iter01_classical_candidates_800Ry	372				analysis/bpnn2_augmented_dataset_20260714/rusty_relabel_outputs/bpnn2_250_290K_candidate_800Ry_relabel/tasks/water_0258			-1103.572078193150674
2151	2152	classical_water	water	classical	iter01_classical_candidates_800Ry	373				analysis/bpnn2_augmented_dataset_20260714/rusty_relabel_outputs/bpnn2_250_290K_candidate_800Ry_relabel/tasks/water_0259			-1103.163189706398271
2152	2153	classical_water	water	classical	iter01_classical_candidates_800Ry	374				analysis/bpnn2_augmented_dataset_20260714/rusty_relabel_outputs/bpnn2_250_290K_candidate_800Ry_relabel/tasks/water_0260			-1103.158637166680592
2153	2154	classical_water	water	classical	iter01_classical_candidates_800Ry	375				analysis/bpnn2_augmented_dataset_20260714/rusty_relabel_outputs/bpnn2_250_290K_candidate_800Ry_relabel/tasks/water_0261			-1103.142883404664190
2154	2155	classical_water	water	classical	iter01_classical_candidates_800Ry	376				analysis/bpnn2_augmented_dataset_20260714/rusty_relabel_outputs/bpnn2_250_290K_candidate_800Ry_relabel/tasks/water_0262			-1103.125541647286809
2155	2156	classical_water	water	classical	iter01_classical_candidates_800Ry	377				analysis/bpnn2_augmented_dataset_20260714/rusty_relabel_outputs/bpnn2_250_290K_candidate_800Ry_relabel/tasks/water_0263			-1103.117940962350986
2156	2157	classical_water	water	classical	iter01_classical_candidates_800Ry	378				analysis/bpnn2_augmented_dataset_20260714/rusty_relabel_outputs/bpnn2_250_290K_candidate_800Ry_relabel/tasks/water_0264			-1103.126556514658205
2157	2158	classical_water	water	classical	iter01_classical_candidates_800Ry	379				analysis/bpnn2_augmented_dataset_20260714/rusty_relabel_outputs/bpnn2_250_290K_candidate_800Ry_relabel/tasks/water_0265			-1103.149575626647447
2158	2159	classical_water	water	classical	iter01_classical_candidates_800Ry	380				analysis/bpnn2_augmented_dataset_20260714/rusty_relabel_outputs/bpnn2_250_290K_candidate_800Ry_relabel/tasks/water_0266			-1103.178165412625276
2159	2160	classical_water	water	classical	iter01_classical_candidates_800Ry	381				analysis/bpnn2_augmented_dataset_20260714/rusty_relabel_outputs/bpnn2_250_290K_candidate_800Ry_relabel/tasks/water_0267			-1103.201897252725985
2160	2161	classical_water	water	classical	iter01_classical_candidates_800Ry	382				analysis/bpnn2_augmented_dataset_20260714/rusty_relabel_outputs/bpnn2_250_290K_candidate_800Ry_relabel/tasks/water_0268			-1103.211283289078892
2161	2162	classical_water	water	classical	iter01_classical_candidates_800Ry	383				analysis/bpnn2_augmented_dataset_20260714/rusty_relabel_outputs/bpnn2_250_290K_candidate_800Ry_relabel/tasks/water_0269			-1103.211051711416076
2162	2163	classical_water	water	classical	iter01_classical_candidates_800Ry	384				analysis/bpnn2_augmented_dataset_20260714/rusty_relabel_outputs/bpnn2_250_290K_candidate_800Ry_relabel/tasks/water_0270			-1103.222155122626418
2163	2164	classical_water	water	classical	iter01_classical_candidates_800Ry	385				analysis/bpnn2_augmented_dataset_20260714/rusty_relabel_outputs/bpnn2_250_290K_candidate_800Ry_relabel/tasks/water_0271			-1103.478388824761851
2164	2165	classical_water	water	classical	iter01_classical_candidates_800Ry	386				analysis/bpnn2_augmented_dataset_20260714/rusty_relabel_outputs/bpnn2_250_290K_candidate_800Ry_relabel/tasks/water_0272			-1103.488843938432410
2165	2166	classical_water	water	classical	iter01_classical_candidates_800Ry	387				analysis/bpnn2_augmented_dataset_20260714/rusty_relabel_outputs/bpnn2_250_290K_candidate_800Ry_relabel/tasks/water_0273			-1103.495213346059018
2166	2167	classical_water	water	classical	iter01_classical_candidates_800Ry	388				analysis/bpnn2_augmented_dataset_20260714/rusty_relabel_outputs/bpnn2_250_290K_candidate_800Ry_relabel/tasks/water_0274			-1103.495479061256447
2167	2168	classical_water	water	classical	iter01_classical_candidates_800Ry	389				analysis/bpnn2_augmented_dataset_20260714/rusty_relabel_outputs/bpnn2_250_290K_candidate_800Ry_relabel/tasks/water_0275			-1103.490631840960987
2168	2169	classical_water	water	classical	iter01_classical_candidates_800Ry	390				analysis/bpnn2_augmented_dataset_20260714/rusty_relabel_outputs/bpnn2_250_290K_candidate_800Ry_relabel/tasks/water_0276			-1103.483796521048362
2169	2170	classical_water	water	classical	iter01_classical_candidates_800Ry	391				analysis/bpnn2_augmented_dataset_20260714/rusty_relabel_outputs/bpnn2_250_290K_candidate_800Ry_relabel/tasks/water_0277			-1103.479078449167673
2170	2171	classical_water	water	classical	iter01_classical_candidates_800Ry	392				analysis/bpnn2_augmented_dataset_20260714/rusty_relabel_outputs/bpnn2_250_290K_candidate_800Ry_relabel/tasks/water_0278			-1103.479775168925471
2171	2172	classical_water	water	classical	iter01_classical_candidates_800Ry	393				analysis/bpnn2_augmented_dataset_20260714/rusty_relabel_outputs/bpnn2_250_290K_candidate_800Ry_relabel/tasks/water_0279			-1103.486602367817568
2172	2173	classical_water	water	classical	iter01_classical_candidates_800Ry	394				analysis/bpnn2_augmented_dataset_20260714/rusty_relabel_outputs/bpnn2_250_290K_candidate_800Ry_relabel/tasks/water_0280			-1103.496416041986777
2173	2174	classical_water	water	classical	iter01_classical_candidates_800Ry	395				analysis/bpnn2_augmented_dataset_20260714/rusty_relabel_outputs/bpnn2_250_290K_candidate_800Ry_relabel/tasks/water_0281			-1103.503752642606969
2174	2175	classical_water	water	classical	iter01_classical_candidates_800Ry	396				analysis/bpnn2_augmented_dataset_20260714/rusty_relabel_outputs/bpnn2_250_290K_candidate_800Ry_relabel/tasks/water_0282			-1103.504132760093626
2175	2176	classical_water	water	classical	iter01_classical_candidates_800Ry	397				analysis/bpnn2_augmented_dataset_20260714/rusty_relabel_outputs/bpnn2_250_290K_candidate_800Ry_relabel/tasks/water_0283			-1103.496188954882655
2176	2177	classical_water	water	classical	iter01_classical_candidates_800Ry	398				analysis/bpnn2_augmented_dataset_20260714/rusty_relabel_outputs/bpnn2_250_290K_candidate_800Ry_relabel/tasks/water_0284			-1103.483198441075274
2177	2178	classical_water	water	classical	iter01_classical_candidates_800Ry	399				analysis/bpnn2_augmented_dataset_20260714/rusty_relabel_outputs/bpnn2_250_290K_candidate_800Ry_relabel/tasks/water_0285			-1103.470907474602882
2178	2179	classical_water	water	classical	iter01_classical_candidates_800Ry	400				analysis/bpnn2_augmented_dataset_20260714/rusty_relabel_outputs/bpnn2_250_290K_candidate_800Ry_relabel/tasks/water_0286			-1103.464793690933675
2179	2180	classical_water	water	classical	iter01_classical_candidates_800Ry	401				analysis/bpnn2_augmented_dataset_20260714/rusty_relabel_outputs/bpnn2_250_290K_candidate_800Ry_relabel/tasks/water_0287			-1103.467155238247415
2180	2181	classical_water	water	classical	iter01_classical_candidates_800Ry	402				analysis/bpnn2_augmented_dataset_20260714/rusty_relabel_outputs/bpnn2_250_290K_candidate_800Ry_relabel/tasks/water_0288			-1103.476314355230897
2181	2182	classical_water	water	classical	iter01_classical_candidates_800Ry	403				analysis/bpnn2_augmented_dataset_20260714/rusty_relabel_outputs/bpnn2_250_290K_candidate_800Ry_relabel/tasks/water_0289			-1103.487581712098063
2182	2183	classical_water	water	classical	iter01_classical_candidates_800Ry	404				analysis/bpnn2_augmented_dataset_20260714/rusty_relabel_outputs/bpnn2_250_290K_candidate_800Ry_relabel/tasks/water_0290			-1103.500263752072669
2183	2184	classical_water	water	classical	iter01_classical_candidates_800Ry	405				analysis/bpnn2_augmented_dataset_20260714/rusty_relabel_outputs/bpnn2_250_290K_candidate_800Ry_relabel/tasks/water_0291			-1103.508882075164138
2184	2185	classical_water	water	classical	iter01_classical_candidates_800Ry	406				analysis/bpnn2_augmented_dataset_20260714/rusty_relabel_outputs/bpnn2_250_290K_candidate_800Ry_relabel/tasks/water_0292			-1103.518250623151516
2185	2186	classical_water	water	classical	iter01_classical_candidates_800Ry	407				analysis/bpnn2_augmented_dataset_20260714/rusty_relabel_outputs/bpnn2_250_290K_candidate_800Ry_relabel/tasks/water_0293			-1103.524411965974650
2186	2187	classical_water	water	classical	iter01_classical_candidates_800Ry	408				analysis/bpnn2_augmented_dataset_20260714/rusty_relabel_outputs/bpnn2_250_290K_candidate_800Ry_relabel/tasks/water_0294			-1103.525009801872784
2187	2188	classical_water	water	classical	iter01_classical_candidates_800Ry	409				analysis/bpnn2_augmented_dataset_20260714/rusty_relabel_outputs/bpnn2_250_290K_candidate_800Ry_relabel/tasks/water_0295			-1103.520337064155228
2188	2189	classical_water	water	classical	iter01_classical_candidates_800Ry	410				analysis/bpnn2_augmented_dataset_20260714/rusty_relabel_outputs/bpnn2_250_290K_candidate_800Ry_relabel/tasks/water_0296			-1103.513059786434496
2189	2190	classical_water	water	classical	iter01_classical_candidates_800Ry	411				analysis/bpnn2_augmented_dataset_20260714/rusty_relabel_outputs/bpnn2_250_290K_candidate_800Ry_relabel/tasks/water_0297			-1103.506822704664273
2190	2191	classical_water	water	classical	iter01_classical_candidates_800Ry	412				analysis/bpnn2_augmented_dataset_20260714/rusty_relabel_outputs/bpnn2_250_290K_candidate_800Ry_relabel/tasks/water_0298			-1103.504521431983903
2191	2192	classical_water	water	classical	iter01_classical_candidates_800Ry	413				analysis/bpnn2_augmented_dataset_20260714/rusty_relabel_outputs/bpnn2_250_290K_candidate_800Ry_relabel/tasks/water_0299			-1103.163189706399862
2192	2193	classical_water	water	classical	iter01_classical_candidates_800Ry	414				analysis/bpnn2_augmented_dataset_20260714/rusty_relabel_outputs/bpnn2_250_290K_candidate_800Ry_relabel/tasks/water_0300			-1103.158342069523542
2193	2194	classical_water	water	classical	iter01_classical_candidates_800Ry	415				analysis/bpnn2_augmented_dataset_20260714/rusty_relabel_outputs/bpnn2_250_290K_candidate_800Ry_relabel/tasks/water_0301			-1103.141837019187506
2194	2195	classical_water	water	classical	iter01_classical_candidates_800Ry	416				analysis/bpnn2_augmented_dataset_20260714/rusty_relabel_outputs/bpnn2_250_290K_candidate_800Ry_relabel/tasks/water_0302			-1103.123616125705666
2195	2196	classical_water	water	classical	iter01_classical_candidates_800Ry	417				analysis/bpnn2_augmented_dataset_20260714/rusty_relabel_outputs/bpnn2_250_290K_candidate_800Ry_relabel/tasks/water_0303			-1103.115522949431579
2196	2197	classical_water	water	classical	iter01_classical_candidates_800Ry	418				analysis/bpnn2_augmented_dataset_20260714/rusty_relabel_outputs/bpnn2_250_290K_candidate_800Ry_relabel/tasks/water_0304			-1103.124285352255129
2197	2198	classical_water	water	classical	iter01_classical_candidates_800Ry	419				analysis/bpnn2_augmented_dataset_20260714/rusty_relabel_outputs/bpnn2_250_290K_candidate_800Ry_relabel/tasks/water_0305			-1103.147878864774611
2198	2199	classical_water	water	classical	iter01_classical_candidates_800Ry	420				analysis/bpnn2_augmented_dataset_20260714/rusty_relabel_outputs/bpnn2_250_290K_candidate_800Ry_relabel/tasks/water_0306			-1103.177078967554053
2199	2200	classical_water	water	classical	iter01_classical_candidates_800Ry	421				analysis/bpnn2_augmented_dataset_20260714/rusty_relabel_outputs/bpnn2_250_290K_candidate_800Ry_relabel/tasks/water_0307			-1103.209185753208658
2200	2201	classical_water	water	classical	iter01_classical_candidates_800Ry	422				analysis/bpnn2_augmented_dataset_20260714/rusty_relabel_outputs/bpnn2_250_290K_candidate_800Ry_relabel/tasks/water_0308			-1103.208404186958433
2201	2202	classical_water	water	classical	iter01_classical_candidates_800Ry	423				analysis/bpnn2_augmented_dataset_20260714/rusty_relabel_outputs/bpnn2_250_290K_candidate_800Ry_relabel/tasks/water_0309			-1103.219346878436909
2202	2203	classical_water	water	classical	iter01_classical_candidates_800Ry	424				analysis/bpnn2_augmented_dataset_20260714/rusty_relabel_outputs/bpnn2_250_290K_candidate_800Ry_relabel/tasks/water_0310			-1103.470562668174125
2203	2204	classical_water	water	classical	iter01_classical_candidates_800Ry	425				analysis/bpnn2_augmented_dataset_20260714/rusty_relabel_outputs/bpnn2_250_290K_candidate_800Ry_relabel/tasks/water_0311			-1103.481435206208971
2204	2205	classical_water	water	classical	iter01_classical_candidates_800Ry	426				analysis/bpnn2_augmented_dataset_20260714/rusty_relabel_outputs/bpnn2_250_290K_candidate_800Ry_relabel/tasks/water_0312			-1103.488042381349260
2205	2206	classical_water	water	classical	iter01_classical_candidates_800Ry	427				analysis/bpnn2_augmented_dataset_20260714/rusty_relabel_outputs/bpnn2_250_290K_candidate_800Ry_relabel/tasks/water_0313			-1103.488318633761310
2206	2207	classical_water	water	classical	iter01_classical_candidates_800Ry	428				analysis/bpnn2_augmented_dataset_20260714/rusty_relabel_outputs/bpnn2_250_290K_candidate_800Ry_relabel/tasks/water_0314			-1103.483283297370690
2207	2208	classical_water	water	classical	iter01_classical_candidates_800Ry	429				analysis/bpnn2_augmented_dataset_20260714/rusty_relabel_outputs/bpnn2_250_290K_candidate_800Ry_relabel/tasks/water_0315			-1103.476266987497183
2208	2209	classical_water	water	classical	iter01_classical_candidates_800Ry	430				analysis/bpnn2_augmented_dataset_20260714/rusty_relabel_outputs/bpnn2_250_290K_candidate_800Ry_relabel/tasks/water_0316			-1103.471578237245922
2209	2210	classical_water	water	classical	iter01_classical_candidates_800Ry	431				analysis/bpnn2_augmented_dataset_20260714/rusty_relabel_outputs/bpnn2_250_290K_candidate_800Ry_relabel/tasks/water_0317			-1103.472679499937612
2210	2211	classical_water	water	classical	iter01_classical_candidates_800Ry	432				analysis/bpnn2_augmented_dataset_20260714/rusty_relabel_outputs/bpnn2_250_290K_candidate_800Ry_relabel/tasks/water_0318			-1103.480137252942086
2211	2212	classical_water	water	classical	iter01_classical_candidates_800Ry	433				analysis/bpnn2_augmented_dataset_20260714/rusty_relabel_outputs/bpnn2_250_290K_candidate_800Ry_relabel/tasks/water_0319			-1103.490601733185486
2212	2213	classical_water	water	classical	iter01_classical_candidates_800Ry	434				analysis/bpnn2_augmented_dataset_20260714/rusty_relabel_outputs/bpnn2_250_290K_candidate_800Ry_relabel/tasks/water_0320			-1103.498832251523254
2213	2214	classical_water	water	classical	iter01_classical_candidates_800Ry	435				analysis/bpnn2_augmented_dataset_20260714/rusty_relabel_outputs/bpnn2_250_290K_candidate_800Ry_relabel/tasks/water_0321			-1103.499594749221615
2214	2215	classical_water	water	classical	iter01_classical_candidates_800Ry	436				analysis/bpnn2_augmented_dataset_20260714/rusty_relabel_outputs/bpnn2_250_290K_candidate_800Ry_relabel/tasks/water_0322			-1103.491829889838073
2215	2216	classical_water	water	classical	iter01_classical_candidates_800Ry	437				analysis/bpnn2_augmented_dataset_20260714/rusty_relabel_outputs/bpnn2_250_290K_candidate_800Ry_relabel/tasks/water_0323			-1103.478782630253818
2216	2217	classical_water	water	classical	iter01_classical_candidates_800Ry	438				analysis/bpnn2_augmented_dataset_20260714/rusty_relabel_outputs/bpnn2_250_290K_candidate_800Ry_relabel/tasks/water_0324			-1103.466490683188113
2217	2218	classical_water	water	classical	iter01_classical_candidates_800Ry	439				analysis/bpnn2_augmented_dataset_20260714/rusty_relabel_outputs/bpnn2_250_290K_candidate_800Ry_relabel/tasks/water_0325			-1103.460512302510324
2218	2219	classical_water	water	classical	iter01_classical_candidates_800Ry	440				analysis/bpnn2_augmented_dataset_20260714/rusty_relabel_outputs/bpnn2_250_290K_candidate_800Ry_relabel/tasks/water_0326			-1103.463277618478287
2219	2220	classical_water	water	classical	iter01_classical_candidates_800Ry	441				analysis/bpnn2_augmented_dataset_20260714/rusty_relabel_outputs/bpnn2_250_290K_candidate_800Ry_relabel/tasks/water_0327			-1103.472951379060760
2220	2221	classical_water	water	classical	iter01_classical_candidates_800Ry	442				analysis/bpnn2_augmented_dataset_20260714/rusty_relabel_outputs/bpnn2_250_290K_candidate_800Ry_relabel/tasks/water_0328			-1103.484881645775886
2221	2222	classical_water	water	classical	iter01_classical_candidates_800Ry	443				analysis/bpnn2_augmented_dataset_20260714/rusty_relabel_outputs/bpnn2_250_290K_candidate_800Ry_relabel/tasks/water_0329			-1103.493745922550715
2222	2223	classical_water	water	classical	iter01_classical_candidates_800Ry	444				analysis/bpnn2_augmented_dataset_20260714/rusty_relabel_outputs/bpnn2_250_290K_candidate_800Ry_relabel/tasks/water_0330			-1103.497535797881028
2223	2224	classical_water	water	classical	iter01_classical_candidates_800Ry	445				analysis/bpnn2_augmented_dataset_20260714/rusty_relabel_outputs/bpnn2_250_290K_candidate_800Ry_relabel/tasks/water_0331			-1103.501722753524973
2224	2225	classical_water	water	classical	iter01_classical_candidates_800Ry	446				analysis/bpnn2_augmented_dataset_20260714/rusty_relabel_outputs/bpnn2_250_290K_candidate_800Ry_relabel/tasks/water_0332			-1103.509754656626228
2225	2226	classical_water	water	classical	iter01_classical_candidates_800Ry	447				analysis/bpnn2_augmented_dataset_20260714/rusty_relabel_outputs/bpnn2_250_290K_candidate_800Ry_relabel/tasks/water_0333			-1103.518390978453681
2226	2227	classical_water	water	classical	iter01_classical_candidates_800Ry	448				analysis/bpnn2_augmented_dataset_20260714/rusty_relabel_outputs/bpnn2_250_290K_candidate_800Ry_relabel/tasks/water_0334			-1103.523787996848114
2227	2228	classical_water	water	classical	iter01_classical_candidates_800Ry	449				analysis/bpnn2_augmented_dataset_20260714/rusty_relabel_outputs/bpnn2_250_290K_candidate_800Ry_relabel/tasks/water_0335			-1103.523521967463921
2228	2229	classical_water	water	classical	iter01_classical_candidates_800Ry	450				analysis/bpnn2_augmented_dataset_20260714/rusty_relabel_outputs/bpnn2_250_290K_candidate_800Ry_relabel/tasks/water_0336			-1103.517859600045767
2229	2230	classical_water	water	classical	iter01_classical_candidates_800Ry	451				analysis/bpnn2_augmented_dataset_20260714/rusty_relabel_outputs/bpnn2_250_290K_candidate_800Ry_relabel/tasks/water_0337			-1103.509572012691024
2230	2231	classical_water	water	classical	iter01_classical_candidates_800Ry	452				analysis/bpnn2_augmented_dataset_20260714/rusty_relabel_outputs/bpnn2_250_290K_candidate_800Ry_relabel/tasks/water_0338			-1103.502345078736653
2231	2232	classical_water	water	classical	iter01_classical_candidates_800Ry	453				analysis/bpnn2_augmented_dataset_20260714/rusty_relabel_outputs/bpnn2_250_290K_candidate_800Ry_relabel/tasks/water_0339			-1103.163189706398953
2232	2233	classical_water	water	classical	iter01_classical_candidates_800Ry	454				analysis/bpnn2_augmented_dataset_20260714/rusty_relabel_outputs/bpnn2_250_290K_candidate_800Ry_relabel/tasks/water_0340			-1103.158101644419503
2233	2234	classical_water	water	classical	iter01_classical_candidates_800Ry	455				analysis/bpnn2_augmented_dataset_20260714/rusty_relabel_outputs/bpnn2_250_290K_candidate_800Ry_relabel/tasks/water_0341			-1103.140781805837150
2234	2235	classical_water	water	classical	iter01_classical_candidates_800Ry	456				analysis/bpnn2_augmented_dataset_20260714/rusty_relabel_outputs/bpnn2_250_290K_candidate_800Ry_relabel/tasks/water_0342			-1103.121748106904988
2235	2236	classical_water	water	classical	iter01_classical_candidates_800Ry	457				analysis/bpnn2_augmented_dataset_20260714/rusty_relabel_outputs/bpnn2_250_290K_candidate_800Ry_relabel/tasks/water_0343			-1103.113124947382857
2236	2237	classical_water	water	classical	iter01_classical_candidates_800Ry	458				analysis/bpnn2_augmented_dataset_20260714/rusty_relabel_outputs/bpnn2_250_290K_candidate_800Ry_relabel/tasks/water_0344			-1103.122020627738038
2237	2238	classical_water	water	classical	iter01_classical_candidates_800Ry	459				analysis/bpnn2_augmented_dataset_20260714/rusty_relabel_outputs/bpnn2_250_290K_candidate_800Ry_relabel/tasks/water_0345			-1103.146138909454749
2238	2239	classical_water	water	classical	iter01_classical_candidates_800Ry	460				analysis/bpnn2_augmented_dataset_20260714/rusty_relabel_outputs/bpnn2_250_290K_candidate_800Ry_relabel/tasks/water_0346			-1103.175978079149672
2239	2240	classical_water	water	classical	iter01_classical_candidates_800Ry	461				analysis/bpnn2_augmented_dataset_20260714/rusty_relabel_outputs/bpnn2_250_290K_candidate_800Ry_relabel/tasks/water_0347			-1103.207067215505276
2240	2241	classical_water	water	classical	iter01_classical_candidates_800Ry	462				analysis/bpnn2_augmented_dataset_20260714/rusty_relabel_outputs/bpnn2_250_290K_candidate_800Ry_relabel/tasks/water_0348			-1103.205703607638043
2241	2242	classical_water	water	classical	iter01_classical_candidates_800Ry	463				analysis/bpnn2_augmented_dataset_20260714/rusty_relabel_outputs/bpnn2_250_290K_candidate_800Ry_relabel/tasks/water_0349			-1103.216615572053115
2242	2243	classical_water	water	classical	iter01_classical_candidates_800Ry	464				analysis/bpnn2_augmented_dataset_20260714/rusty_relabel_outputs/bpnn2_250_290K_candidate_800Ry_relabel/tasks/water_0350			-1103.474294194064896
2243	2244	classical_water	water	classical	iter01_classical_candidates_800Ry	465				analysis/bpnn2_augmented_dataset_20260714/rusty_relabel_outputs/bpnn2_250_290K_candidate_800Ry_relabel/tasks/water_0351			-1103.481149826755882
2244	2245	classical_water	water	classical	iter01_classical_candidates_800Ry	466				analysis/bpnn2_augmented_dataset_20260714/rusty_relabel_outputs/bpnn2_250_290K_candidate_800Ry_relabel/tasks/water_0352			-1103.481323456871678
2245	2246	classical_water	water	classical	iter01_classical_candidates_800Ry	467				analysis/bpnn2_augmented_dataset_20260714/rusty_relabel_outputs/bpnn2_250_290K_candidate_800Ry_relabel/tasks/water_0353			-1103.476009010504868
2246	2247	classical_water	water	classical	iter01_classical_candidates_800Ry	468				analysis/bpnn2_augmented_dataset_20260714/rusty_relabel_outputs/bpnn2_250_290K_candidate_800Ry_relabel/tasks/water_0354			-1103.468793978442363
2247	2248	classical_water	water	classical	iter01_classical_candidates_800Ry	469				analysis/bpnn2_augmented_dataset_20260714/rusty_relabel_outputs/bpnn2_250_290K_candidate_800Ry_relabel/tasks/water_0355			-1103.464082126854009
2248	2249	classical_water	water	classical	iter01_classical_candidates_800Ry	470				analysis/bpnn2_augmented_dataset_20260714/rusty_relabel_outputs/bpnn2_250_290K_candidate_800Ry_relabel/tasks/water_0356			-1103.465458636348558
2249	2250	classical_water	water	classical	iter01_classical_candidates_800Ry	471				analysis/bpnn2_augmented_dataset_20260714/rusty_relabel_outputs/bpnn2_250_290K_candidate_800Ry_relabel/tasks/water_0357			-1103.473522520873530
2250	2251	classical_water	water	classical	iter01_classical_candidates_800Ry	472				analysis/bpnn2_augmented_dataset_20260714/rusty_relabel_outputs/bpnn2_250_290K_candidate_800Ry_relabel/tasks/water_0358			-1103.484833477899429
2251	2252	classical_water	water	classical	iter01_classical_candidates_800Ry	473				analysis/bpnn2_augmented_dataset_20260714/rusty_relabel_outputs/bpnn2_250_290K_candidate_800Ry_relabel/tasks/water_0359			-1103.493570096518624
2252	2253	classical_water	water	classical	iter01_classical_candidates_800Ry	474				analysis/bpnn2_augmented_dataset_20260714/rusty_relabel_outputs/bpnn2_250_290K_candidate_800Ry_relabel/tasks/water_0360			-1103.494696818524289
2253	2254	classical_water	water	classical	iter01_classical_candidates_800Ry	475				analysis/bpnn2_augmented_dataset_20260714/rusty_relabel_outputs/bpnn2_250_290K_candidate_800Ry_relabel/tasks/water_0361			-1103.486995153026101
2254	2255	classical_water	water	classical	iter01_classical_candidates_800Ry	476				analysis/bpnn2_augmented_dataset_20260714/rusty_relabel_outputs/bpnn2_250_290K_candidate_800Ry_relabel/tasks/water_0362			-1103.473882006491976
2255	2256	classical_water	water	classical	iter01_classical_candidates_800Ry	477				analysis/bpnn2_augmented_dataset_20260714/rusty_relabel_outputs/bpnn2_250_290K_candidate_800Ry_relabel/tasks/water_0363			-1103.461531225948875
2256	2257	classical_water	water	classical	iter01_classical_candidates_800Ry	478				analysis/bpnn2_augmented_dataset_20260714/rusty_relabel_outputs/bpnn2_250_290K_candidate_800Ry_relabel/tasks/water_0364			-1103.455703697312856
2257	2258	classical_water	water	classical	iter01_classical_candidates_800Ry	479				analysis/bpnn2_augmented_dataset_20260714/rusty_relabel_outputs/bpnn2_250_290K_candidate_800Ry_relabel/tasks/water_0365			-1103.458794546128502
2258	2259	classical_water	water	classical	iter01_classical_candidates_800Ry	480				analysis/bpnn2_augmented_dataset_20260714/rusty_relabel_outputs/bpnn2_250_290K_candidate_800Ry_relabel/tasks/water_0366			-1103.469046921831932
2259	2260	classical_water	water	classical	iter01_classical_candidates_800Ry	481				analysis/bpnn2_augmented_dataset_20260714/rusty_relabel_outputs/bpnn2_250_290K_candidate_800Ry_relabel/tasks/water_0367			-1103.481553608939066
2260	2261	classical_water	water	classical	iter01_classical_candidates_800Ry	482				analysis/bpnn2_augmented_dataset_20260714/rusty_relabel_outputs/bpnn2_250_290K_candidate_800Ry_relabel/tasks/water_0368			-1103.490962300814090
2261	2262	classical_water	water	classical	iter01_classical_candidates_800Ry	483				analysis/bpnn2_augmented_dataset_20260714/rusty_relabel_outputs/bpnn2_250_290K_candidate_800Ry_relabel/tasks/water_0369			-1103.494190698683724
2262	2263	classical_water	water	classical	iter01_classical_candidates_800Ry	484				analysis/bpnn2_augmented_dataset_20260714/rusty_relabel_outputs/bpnn2_250_290K_candidate_800Ry_relabel/tasks/water_0370			-1103.493410285631398
2263	2264	classical_water	water	classical	iter01_classical_candidates_800Ry	485				analysis/bpnn2_augmented_dataset_20260714/rusty_relabel_outputs/bpnn2_250_290K_candidate_800Ry_relabel/tasks/water_0371			-1103.496591562618732
2264	2265	classical_water	water	classical	iter01_classical_candidates_800Ry	486				analysis/bpnn2_augmented_dataset_20260714/rusty_relabel_outputs/bpnn2_250_290K_candidate_800Ry_relabel/tasks/water_0372			-1103.503613161613202
2265	2266	classical_water	water	classical	iter01_classical_candidates_800Ry	487				analysis/bpnn2_augmented_dataset_20260714/rusty_relabel_outputs/bpnn2_250_290K_candidate_800Ry_relabel/tasks/water_0373			-1103.511437758116926
2266	2267	classical_water	water	classical	iter01_classical_candidates_800Ry	488				analysis/bpnn2_augmented_dataset_20260714/rusty_relabel_outputs/bpnn2_250_290K_candidate_800Ry_relabel/tasks/water_0374			-1103.516187957569855
2267	2268	classical_water	water	classical	iter01_classical_candidates_800Ry	489				analysis/bpnn2_augmented_dataset_20260714/rusty_relabel_outputs/bpnn2_250_290K_candidate_800Ry_relabel/tasks/water_0375			-1103.515395322879385
2268	2269	classical_water	water	classical	iter01_classical_candidates_800Ry	490				analysis/bpnn2_augmented_dataset_20260714/rusty_relabel_outputs/bpnn2_250_290K_candidate_800Ry_relabel/tasks/water_0376			-1103.509273502991164
2269	2270	classical_water	water	classical	iter01_classical_candidates_800Ry	491				analysis/bpnn2_augmented_dataset_20260714/rusty_relabel_outputs/bpnn2_250_290K_candidate_800Ry_relabel/tasks/water_0377			-1103.500482707103174
2270	2271	quantum_ice	ice	quantum	iter02_pimd_candidates_800Ry	0	ice_250K	63000	1	pimd_0000			-1103.547755471910705
2271	2272	quantum_ice	ice	quantum	iter02_pimd_candidates_800Ry	1	ice_250K	81000	3	pimd_0001			-1103.638344731582492
2272	2273	quantum_ice	ice	quantum	iter02_pimd_candidates_800Ry	2	ice_250K	109000	4	pimd_0002			-1103.571538575143904
2273	2274	quantum_ice	ice	quantum	iter02_pimd_candidates_800Ry	3	ice_250K	171000	4	pimd_0003			-1103.576629203483890
2274	2275	quantum_ice	ice	quantum	iter02_pimd_candidates_800Ry	4	ice_250K	198000	4	pimd_0004			-1103.425926342983075
2275	2276	quantum_ice	ice	quantum	iter02_pimd_candidates_800Ry	5	ice_250K	105000	5	pimd_0005			-1103.632074026494138
2276	2277	quantum_ice	ice	quantum	iter02_pimd_candidates_800Ry	6	ice_250K	147000	6	pimd_0006			-1103.556988155926319
2277	2278	quantum_ice	ice	quantum	iter02_pimd_candidates_800Ry	7	ice_250K	104000	9	pimd_0007			-1103.588691664000862
2278	2279	quantum_ice	ice	quantum	iter02_pimd_candidates_800Ry	8	ice_250K	81000	10	pimd_0008			-1103.486695712417259
2279	2280	quantum_ice	ice	quantum	iter02_pimd_candidates_800Ry	9	ice_250K	152000	10	pimd_0009			-1103.540433282333424
2280	2281	quantum_ice	ice	quantum	iter02_pimd_candidates_800Ry	10	ice_250K	182000	11	pimd_0010			-1103.483123556542978
2281	2282	quantum_ice	ice	quantum	iter02_pimd_candidates_800Ry	11	ice_250K	6000	15	pimd_0011			-1103.513780160961005
2282	2283	quantum_ice	ice	quantum	iter02_pimd_candidates_800Ry	12	ice_250K	109000	15	pimd_0012			-1103.558049803393715
2283	2284	quantum_ice	ice	quantum	iter02_pimd_candidates_800Ry	13	ice_250K	148000	16	pimd_0013			-1103.534031539251146
2284	2285	quantum_ice	ice	quantum	iter02_pimd_candidates_800Ry	14	ice_250K	10000	17	pimd_0014			-1103.430038497024270
2285	2286	quantum_ice	ice	quantum	iter02_pimd_candidates_800Ry	15	ice_250K	28000	17	pimd_0015			-1103.548895498133561
2286	2287	quantum_ice	ice	quantum	iter02_pimd_candidates_800Ry	16	ice_250K	97000	17	pimd_0016			-1103.460168770388918
2287	2288	quantum_ice	ice	quantum	iter02_pimd_candidates_800Ry	17	ice_250K	122000	17	pimd_0017			-1103.635705443243751
2288	2289	quantum_ice	ice	quantum	iter02_pimd_candidates_800Ry	18	ice_250K	113000	19	pimd_0018			-1103.539482574765088
2289	2290	quantum_ice	ice	quantum	iter02_pimd_candidates_800Ry	19	ice_250K	52000	20	pimd_0019			-1103.411386891609709
2290	2291	quantum_ice	ice	quantum	iter02_pimd_candidates_800Ry	20	ice_250K	112000	20	pimd_0020			-1103.593579710739050
2291	2292	quantum_ice	ice	quantum	iter02_pimd_candidates_800Ry	21	ice_250K	176000	20	pimd_0021			-1103.343349641350642
2292	2293	quantum_ice	ice	quantum	iter02_pimd_candidates_800Ry	22	ice_250K	6000	21	pimd_0022			-1103.507987857053195
2293	2294	quantum_ice	ice	quantum	iter02_pimd_candidates_800Ry	23	ice_250K	19000	21	pimd_0023			-1103.532462010389736
2294	2295	quantum_ice	ice	quantum	iter02_pimd_candidates_800Ry	24	ice_250K	45000	21	pimd_0024			-1103.598000492623214
2295	2296	quantum_ice	ice	quantum	iter02_pimd_candidates_800Ry	25	ice_250K	151000	22	pimd_0025			-1103.536124541835079
2296	2297	quantum_ice	ice	quantum	iter02_pimd_candidates_800Ry	26	ice_250K	172000	22	pimd_0026			-1103.619123643360581
2297	2298	quantum_ice	ice	quantum	iter02_pimd_candidates_800Ry	27	ice_250K	67000	27	pimd_0027			-1103.587877872255831
2298	2299	quantum_ice	ice	quantum	iter02_pimd_candidates_800Ry	28	ice_250K	99000	27	pimd_0028			-1103.626766899280256
2299	2300	quantum_ice	ice	quantum	iter02_pimd_candidates_800Ry	29	ice_250K	157000	28	pimd_0029			-1103.543159544407672
2300	2301	quantum_ice	ice	quantum	iter02_pimd_candidates_800Ry	30	ice_250K	179000	28	pimd_0030			-1103.453795115676712
2301	2302	quantum_ice	ice	quantum	iter02_pimd_candidates_800Ry	31	ice_250K	125000	29	pimd_0031			-1103.476622333766045
2302	2303	quantum_ice	ice	quantum	iter02_pimd_candidates_800Ry	32	ice_250K	122000	30	pimd_0032			-1103.477628070632363
2303	2304	quantum_ice	ice	quantum	iter02_pimd_candidates_800Ry	33	ice_250K	21000	31	pimd_0033			-1103.481842950242935
2304	2305	quantum_ice	ice	quantum	iter02_pimd_candidates_800Ry	34	ice_250K	154000	31	pimd_0034			-1103.473049086580204
2305	2306	quantum_ice	ice	quantum	iter02_pimd_candidates_800Ry	35	ice_250K	188000	32	pimd_0035			-1103.488355463502330
2306	2307	quantum_ice	ice	quantum	iter02_pimd_candidates_800Ry	36	ice_300K	128000	1	pimd_0036			-1103.608519950599202
2307	2308	quantum_ice	ice	quantum	iter02_pimd_candidates_800Ry	37	ice_300K	11000	2	pimd_0037			-1103.525250257114294
2308	2309	quantum_ice	ice	quantum	iter02_pimd_candidates_800Ry	38	ice_300K	51000	2	pimd_0038			-1103.440413229489195
2309	2310	quantum_ice	ice	quantum	iter02_pimd_candidates_800Ry	39	ice_300K	107000	2	pimd_0039			-1103.491074699829824
2310	2311	quantum_ice	ice	quantum	iter02_pimd_candidates_800Ry	40	ice_300K	113000	2	pimd_0040			-1103.519285546969741
2311	2312	quantum_ice	ice	quantum	iter02_pimd_candidates_800Ry	41	ice_300K	122000	2	pimd_0041			-1103.362817239877131
2312	2313	quantum_ice	ice	quantum	iter02_pimd_candidates_800Ry	42	ice_300K	107000	3	pimd_0042			-1103.558630039102354
2313	2314	quantum_ice	ice	quantum	iter02_pimd_candidates_800Ry	43	ice_300K	146000	7	pimd_0043			-1103.442184892164278
2314	2315	quantum_ice	ice	quantum	iter02_pimd_candidates_800Ry	44	ice_300K	183000	7	pimd_0044			-1103.464589178499409
2315	2316	quantum_ice	ice	quantum	iter02_pimd_candidates_800Ry	45	ice_300K	154000	8	pimd_0045			-1103.603635602081340
2316	2317	quantum_ice	ice	quantum	iter02_pimd_candidates_800Ry	46	ice_300K	192000	8	pimd_0046			-1103.455649685268099
2317	2318	quantum_ice	ice	quantum	iter02_pimd_candidates_800Ry	47	ice_300K	153000	9	pimd_0047			-1103.446638943380322
2318	2319	quantum_ice	ice	quantum	iter02_pimd_candidates_800Ry	48	ice_300K	92000	10	pimd_0048			-1103.515958532082550
2319	2320	quantum_ice	ice	quantum	iter02_pimd_candidates_800Ry	49	ice_300K	157000	13	pimd_0049			-1103.420279640526132
2320	2321	quantum_ice	ice	quantum	iter02_pimd_candidates_800Ry	50	ice_300K	190000	14	pimd_0050			-1103.423951383594385
2321	2322	quantum_ice	ice	quantum	iter02_pimd_candidates_800Ry	51	ice_300K	17000	15	pimd_0051			-1103.485028787514239
2322	2323	quantum_ice	ice	quantum	iter02_pimd_candidates_800Ry	52	ice_300K	190000	15	pimd_0052			-1103.589054464378023
2323	2324	quantum_ice	ice	quantum	iter02_pimd_candidates_800Ry	53	ice_300K	22000	16	pimd_0053			-1103.487298444910721
2324	2325	quantum_ice	ice	quantum	iter02_pimd_candidates_800Ry	54	ice_300K	22000	17	pimd_0054			-1103.438539938973236
2325	2326	quantum_ice	ice	quantum	iter02_pimd_candidates_800Ry	55	ice_300K	65000	17	pimd_0055			-1103.447449439950333
2326	2327	quantum_ice	ice	quantum	iter02_pimd_candidates_800Ry	56	ice_300K	106000	17	pimd_0056			-1103.337279807755976
2327	2328	quantum_ice	ice	quantum	iter02_pimd_candidates_800Ry	57	ice_300K	147000	18	pimd_0057			-1103.539324701978330
2328	2329	quantum_ice	ice	quantum	iter02_pimd_candidates_800Ry	58	ice_300K	172000	19	pimd_0058			-1103.386976663738551
2329	2330	quantum_ice	ice	quantum	iter02_pimd_candidates_800Ry	59	ice_300K	88000	20	pimd_0059			-1103.444922995295428
2330	2331	quantum_ice	ice	quantum	iter02_pimd_candidates_800Ry	60	ice_300K	196000	20	pimd_0060			-1103.355039884447251
2331	2332	quantum_ice	ice	quantum	iter02_pimd_candidates_800Ry	61	ice_300K	3000	21	pimd_0061			-1103.542882385682333
2332	2333	quantum_ice	ice	quantum	iter02_pimd_candidates_800Ry	62	ice_300K	82000	22	pimd_0062			-1103.567215929756230
2333	2334	quantum_ice	ice	quantum	iter02_pimd_candidates_800Ry	63	ice_300K	168000	24	pimd_0063			-1103.413633308922954
2334	2335	quantum_ice	ice	quantum	iter02_pimd_candidates_800Ry	64	ice_300K	73000	25	pimd_0064			-1103.550853888473966
2335	2336	quantum_ice	ice	quantum	iter02_pimd_candidates_800Ry	65	ice_300K	41000	26	pimd_0065			-1103.416128704023549
2336	2337	quantum_ice	ice	quantum	iter02_pimd_candidates_800Ry	66	ice_300K	56000	26	pimd_0066			-1103.384324657932211
2337	2338	quantum_ice	ice	quantum	iter02_pimd_candidates_800Ry	67	ice_300K	8000	27	pimd_0067			-1103.568515640177793
2338	2339	quantum_ice	ice	quantum	iter02_pimd_candidates_800Ry	68	ice_300K	37000	27	pimd_0068			-1103.579817504347375
2339	2340	quantum_ice	ice	quantum	iter02_pimd_candidates_800Ry	69	ice_300K	63000	27	pimd_0069			-1103.492840988719308
2340	2341	quantum_ice	ice	quantum	iter02_pimd_candidates_800Ry	70	ice_300K	68000	27	pimd_0070			-1103.537252775645129
2341	2342	quantum_ice	ice	quantum	iter02_pimd_candidates_800Ry	71	ice_300K	106000	27	pimd_0071			-1103.533320483707939
2342	2343	quantum_ice	ice	quantum	iter02_pimd_candidates_800Ry	72	ice_300K	15000	30	pimd_0072			-1103.493582716166429
2343	2344	quantum_ice	ice	quantum	iter02_pimd_candidates_800Ry	73	ice_300K	177000	30	pimd_0073			-1103.400984121450392
2344	2345	quantum_ice	ice	quantum	iter02_pimd_candidates_800Ry	74	ice_300K	101000	31	pimd_0074			-1103.416135508781963
2345	2346	quantum_ice	ice	quantum	iter02_pimd_candidates_800Ry	75	ice_300K	129000	31	pimd_0075			-1103.519440955667051
2346	2347	quantum_ice	ice	quantum	iter02_pimd_candidates_800Ry	76	ice_300K	139000	31	pimd_0076			-1103.442344351978818
2347	2348	quantum_ice	ice	quantum	iter02_pimd_candidates_800Ry	77	ice_300K	172000	31	pimd_0077			-1103.442395622158983
2348	2349	quantum_ice	ice	quantum	iter02_pimd_candidates_800Ry	78	ice_300K	17000	32	pimd_0078			-1103.292724754280698
2349	2350	quantum_ice	ice	quantum	iter02_pimd_candidates_800Ry	79	ice_300K	30000	32	pimd_0079			-1103.583571756262018
2350	2351	quantum_ice	ice	quantum	iter02_pimd_candidates_800Ry	80	ice_300K	56000	32	pimd_0080			-1103.385502781762852
2351	2352	quantum_ice	ice	quantum	iter02_pimd_candidates_800Ry	81	ice_300K	139000	32	pimd_0081			-1103.381502452986524
2352	2353	quantum_ice	ice	quantum	iter02_pimd_candidates_800Ry	82	ice_300K	197000	32	pimd_0082			-1103.568092820510856
2353	2354	quantum_water	water	quantum	iter02_pimd_candidates_800Ry	83	water_300K	36000	1	pimd_0083			-1103.359142960576946
2354	2355	quantum_water	water	quantum	iter02_pimd_candidates_800Ry	84	water_300K	80000	1	pimd_0084			-1103.385035001846745
2355	2356	quantum_water	water	quantum	iter02_pimd_candidates_800Ry	85	water_300K	106000	2	pimd_0085			-1103.248905502563730
2356	2357	quantum_water	water	quantum	iter02_pimd_candidates_800Ry	86	water_300K	158000	2	pimd_0086			-1103.348519902644966
2357	2358	quantum_water	water	quantum	iter02_pimd_candidates_800Ry	87	water_300K	122000	3	pimd_0087			-1103.371306731557070
2358	2359	quantum_water	water	quantum	iter02_pimd_candidates_800Ry	88	water_300K	177000	3	pimd_0088			-1103.185574504197120
2359	2360	quantum_water	water	quantum	iter02_pimd_candidates_800Ry	89	water_300K	22000	4	pimd_0089			-1103.308406455859540
2360	2361	quantum_water	water	quantum	iter02_pimd_candidates_800Ry	90	water_300K	74000	4	pimd_0090			-1103.231983572511126
2361	2362	quantum_water	water	quantum	iter02_pimd_candidates_800Ry	91	water_300K	91000	4	pimd_0091			-1103.301722381765330
2362	2363	quantum_water	water	quantum	iter02_pimd_candidates_800Ry	92	water_300K	120000	4	pimd_0092			-1103.236695271757753
2363	2364	quantum_water	water	quantum	iter02_pimd_candidates_800Ry	93	water_300K	130000	4	pimd_0093			-1103.396915691049571
2364	2365	quantum_water	water	quantum	iter02_pimd_candidates_800Ry	94	water_300K	171000	4	pimd_0094			-1103.448280983792984
2365	2366	quantum_water	water	quantum	iter02_pimd_candidates_800Ry	95	water_300K	68000	6	pimd_0095			-1103.387016276997429
2366	2367	quantum_water	water	quantum	iter02_pimd_candidates_800Ry	96	water_300K	88000	8	pimd_0096			-1103.332057233178602
2367	2368	quantum_water	water	quantum	iter02_pimd_candidates_800Ry	97	water_300K	11000	9	pimd_0097			-1103.378556398068440
2368	2369	quantum_water	water	quantum	iter02_pimd_candidates_800Ry	98	water_300K	22000	9	pimd_0098			-1103.298178652205706
2369	2370	quantum_water	water	quantum	iter02_pimd_candidates_800Ry	99	water_300K	34000	9	pimd_0099			-1103.251490540578743
2370	2371	quantum_water	water	quantum	iter02_pimd_candidates_800Ry	100	water_300K	60000	9	pimd_0100			-1103.287111666705414
2371	2372	quantum_water	water	quantum	iter02_pimd_candidates_800Ry	101	water_300K	189000	9	pimd_0101			-1103.489688427840974
2372	2373	quantum_water	water	quantum	iter02_pimd_candidates_800Ry	102	water_300K	26000	10	pimd_0102			-1103.244184042030156
2373	2374	quantum_water	water	quantum	iter02_pimd_candidates_800Ry	103	water_300K	98000	10	pimd_0103			-1103.318904081310166
2374	2375	quantum_water	water	quantum	iter02_pimd_candidates_800Ry	104	water_300K	18000	11	pimd_0104			-1103.312012392663064
2375	2376	quantum_water	water	quantum	iter02_pimd_candidates_800Ry	105	water_300K	50000	11	pimd_0105			-1103.333023702878108
2376	2377	quantum_water	water	quantum	iter02_pimd_candidates_800Ry	106	water_300K	93000	11	pimd_0106			-1103.206487334626217
2377	2378	quantum_water	water	quantum	iter02_pimd_candidates_800Ry	107	water_300K	121000	11	pimd_0107			-1103.185355054481533
2378	2379	quantum_water	water	quantum	iter02_pimd_candidates_800Ry	108	water_300K	38000	12	pimd_0108			-1103.311487527867257
2379	2380	quantum_water	water	quantum	iter02_pimd_candidates_800Ry	109	water_300K	109000	12	pimd_0109			-1103.232007500133932
2380	2381	quantum_water	water	quantum	iter02_pimd_candidates_800Ry	110	water_300K	27000	13	pimd_0110			-1103.214520342401784
2381	2382	quantum_water	water	quantum	iter02_pimd_candidates_800Ry	111	water_300K	87000	13	pimd_0111			-1103.389603769316182
2382	2383	quantum_water	water	quantum	iter02_pimd_candidates_800Ry	112	water_300K	127000	13	pimd_0112			-1103.227121154346378
2383	2384	quantum_water	water	quantum	iter02_pimd_candidates_800Ry	113	water_300K	128000	13	pimd_0113			-1103.301478208032449
2384	2385	quantum_water	water	quantum	iter02_pimd_candidates_800Ry	114	water_300K	44000	14	pimd_0114			-1103.257120249117861
2385	2386	quantum_water	water	quantum	iter02_pimd_candidates_800Ry	115	water_300K	80000	14	pimd_0115			-1103.306308626841655
2386	2387	quantum_water	water	quantum	iter02_pimd_candidates_800Ry	116	water_300K	185000	14	pimd_0116			-1103.427989398434875
2387	2388	quantum_water	water	quantum	iter02_pimd_candidates_800Ry	117	water_300K	190000	14	pimd_0117			-1103.188411404666567
2388	2389	quantum_water	water	quantum	iter02_pimd_candidates_800Ry	118	water_300K	72000	15	pimd_0118			-1103.135993981419233
2389	2390	quantum_water	water	quantum	iter02_pimd_candidates_800Ry	119	water_300K	81000	15	pimd_0119			-1103.286969309330743
2390	2391	quantum_water	water	quantum	iter02_pimd_candidates_800Ry	120	water_300K	148000	15	pimd_0120			-1103.306285540724275
2391	2392	quantum_water	water	quantum	iter02_pimd_candidates_800Ry	121	water_300K	161000	16	pimd_0121			-1103.302564226430604
2392	2393	quantum_water	water	quantum	iter02_pimd_candidates_800Ry	122	water_300K	198000	16	pimd_0122			-1103.304552796652160
2393	2394	quantum_water	water	quantum	iter02_pimd_candidates_800Ry	123	water_300K	191000	17	pimd_0123			-1103.307681171380864
2394	2395	quantum_water	water	quantum	iter02_pimd_candidates_800Ry	124	water_300K	53000	18	pimd_0124			-1103.272420914775694
2395	2396	quantum_water	water	quantum	iter02_pimd_candidates_800Ry	125	water_300K	48000	19	pimd_0125			-1103.259706039525327
2396	2397	quantum_water	water	quantum	iter02_pimd_candidates_800Ry	126	water_300K	177000	19	pimd_0126			-1103.446061618118165
2397	2398	quantum_water	water	quantum	iter02_pimd_candidates_800Ry	127	water_300K	56000	20	pimd_0127			-1103.381308896857718
2398	2399	quantum_water	water	quantum	iter02_pimd_candidates_800Ry	128	water_300K	66000	20	pimd_0128			-1103.230024128052264
2399	2400	quantum_water	water	quantum	iter02_pimd_candidates_800Ry	129	water_300K	94000	20	pimd_0129			-1103.251559880105106
2400	2401	quantum_water	water	quantum	iter02_pimd_candidates_800Ry	130	water_300K	130000	20	pimd_0130			-1103.285493182100936
2401	2402	quantum_water	water	quantum	iter02_pimd_candidates_800Ry	131	water_300K	140000	20	pimd_0131			-1103.119609315049729
2402	2403	quantum_water	water	quantum	iter02_pimd_candidates_800Ry	132	water_300K	179000	21	pimd_0132			-1103.155881885466670
2403	2404	quantum_water	water	quantum	iter02_pimd_candidates_800Ry	133	water_300K	13000	22	pimd_0133			-1103.278430259678771
2404	2405	quantum_water	water	quantum	iter02_pimd_candidates_800Ry	134	water_300K	59000	22	pimd_0134			-1103.302693548626166
2405	2406	quantum_water	water	quantum	iter02_pimd_candidates_800Ry	135	water_300K	162000	22	pimd_0135			-1103.375191749016039
2406	2407	quantum_water	water	quantum	iter02_pimd_candidates_800Ry	136	water_300K	16000	23	pimd_0136			-1103.412711154866429
2407	2408	quantum_water	water	quantum	iter02_pimd_candidates_800Ry	137	water_300K	102000	23	pimd_0137			-1103.262939616934545
2408	2409	quantum_water	water	quantum	iter02_pimd_candidates_800Ry	138	water_300K	190000	24	pimd_0138			-1103.064826688013909
2409	2410	quantum_water	water	quantum	iter02_pimd_candidates_800Ry	139	water_300K	160000	25	pimd_0139			-1103.263569922291481
2410	2411	quantum_water	water	quantum	iter02_pimd_candidates_800Ry	140	water_300K	181000	25	pimd_0140			-1103.300577058321778
2411	2412	quantum_water	water	quantum	iter02_pimd_candidates_800Ry	141	water_300K	65000	26	pimd_0141			-1103.426747592086485
2412	2413	quantum_water	water	quantum	iter02_pimd_candidates_800Ry	142	water_300K	151000	26	pimd_0142			-1103.307731266847213
2413	2414	quantum_water	water	quantum	iter02_pimd_candidates_800Ry	143	water_300K	32000	27	pimd_0143			-1103.241269124179098
2414	2415	quantum_water	water	quantum	iter02_pimd_candidates_800Ry	144	water_300K	51000	27	pimd_0144			-1103.251437812305312
2415	2416	quantum_water	water	quantum	iter02_pimd_candidates_800Ry	145	water_300K	56000	27	pimd_0145			-1103.300980141958462
2416	2417	quantum_water	water	quantum	iter02_pimd_candidates_800Ry	146	water_300K	127000	27	pimd_0146			-1103.128033714770936
2417	2418	quantum_water	water	quantum	iter02_pimd_candidates_800Ry	147	water_300K	170000	27	pimd_0147			-1103.228792481050505
2418	2419	quantum_water	water	quantum	iter02_pimd_candidates_800Ry	148	water_300K	177000	27	pimd_0148			-1103.347342163511485
2419	2420	quantum_water	water	quantum	iter02_pimd_candidates_800Ry	149	water_300K	48000	28	pimd_0149			-1103.302784090206387
2420	2421	quantum_water	water	quantum	iter02_pimd_candidates_800Ry	150	water_300K	81000	28	pimd_0150			-1103.302710492631604
2421	2422	quantum_water	water	quantum	iter02_pimd_candidates_800Ry	151	water_300K	190000	28	pimd_0151			-1103.312700304356667
2422	2423	quantum_water	water	quantum	iter02_pimd_candidates_800Ry	152	water_300K	38000	29	pimd_0152			-1103.312067778425217
2423	2424	quantum_water	water	quantum	iter02_pimd_candidates_800Ry	153	water_300K	163000	29	pimd_0153			-1103.176910464518414
2424	2425	quantum_water	water	quantum	iter02_pimd_candidates_800Ry	154	water_300K	179000	29	pimd_0154			-1103.201231189459349
2425	2426	quantum_water	water	quantum	iter02_pimd_candidates_800Ry	155	water_300K	29000	30	pimd_0155			-1103.176197372394881
2426	2427	quantum_water	water	quantum	iter02_pimd_candidates_800Ry	156	water_300K	101000	30	pimd_0156			-1103.402221373590237
2427	2428	quantum_water	water	quantum	iter02_pimd_candidates_800Ry	157	water_300K	158000	30	pimd_0157			-1103.259784994641677
2428	2429	quantum_water	water	quantum	iter02_pimd_candidates_800Ry	158	water_300K	46000	32	pimd_0158			-1103.353574701199022
2429	2430	quantum_water	water	quantum	iter02_pimd_candidates_800Ry	159	water_330K	149000	1	pimd_0159			-1103.142543798216821
2430	2431	quantum_water	water	quantum	iter02_pimd_candidates_800Ry	160	water_330K	177000	1	pimd_0160			-1103.309005002704225
2431	2432	quantum_water	water	quantum	iter02_pimd_candidates_800Ry	161	water_330K	3000	2	pimd_0161			-1103.179370308982016
2432	2433	quantum_water	water	quantum	iter02_pimd_candidates_800Ry	162	water_330K	22000	2	pimd_0162			-1103.310843119532365
2433	2434	quantum_water	water	quantum	iter02_pimd_candidates_800Ry	163	water_330K	44000	2	pimd_0163			-1103.390757293254410
2434	2435	quantum_water	water	quantum	iter02_pimd_candidates_800Ry	164	water_330K	147000	2	pimd_0164			-1103.297814247612450
2435	2436	quantum_water	water	quantum	iter02_pimd_candidates_800Ry	165	water_330K	153000	2	pimd_0165			-1103.238790811576564
2436	2437	quantum_water	water	quantum	iter02_pimd_candidates_800Ry	166	water_330K	189000	2	pimd_0166			-1103.138981376759375
2437	2438	quantum_water	water	quantum	iter02_pimd_candidates_800Ry	167	water_330K	44000	3	pimd_0167			-1103.203455529202756
2438	2439	quantum_water	water	quantum	iter02_pimd_candidates_800Ry	168	water_330K	95000	4	pimd_0168			-1103.184703859550837
2439	2440	quantum_water	water	quantum	iter02_pimd_candidates_800Ry	169	water_330K	44000	5	pimd_0169			-1103.339476214351180
2440	2441	quantum_water	water	quantum	iter02_pimd_candidates_800Ry	170	water_330K	60000	5	pimd_0170			-1103.264004430214527
2441	2442	quantum_water	water	quantum	iter02_pimd_candidates_800Ry	171	water_330K	190000	5	pimd_0171			-1103.169556782909012
2442	2443	quantum_water	water	quantum	iter02_pimd_candidates_800Ry	172	water_330K	191000	5	pimd_0172			-1103.277337456681380
2443	2444	quantum_water	water	quantum	iter02_pimd_candidates_800Ry	173	water_330K	19000	6	pimd_0173			-1103.301593700738295
2444	2445	quantum_water	water	quantum	iter02_pimd_candidates_800Ry	174	water_330K	81000	7	pimd_0174			-1103.213114610246294
2445	2446	quantum_water	water	quantum	iter02_pimd_candidates_800Ry	175	water_330K	96000	9	pimd_0175			-1103.283514658447757
2446	2447	quantum_water	water	quantum	iter02_pimd_candidates_800Ry	176	water_330K	181000	9	pimd_0176			-1103.332634073345389
2447	2448	quantum_water	water	quantum	iter02_pimd_candidates_800Ry	177	water_330K	58000	10	pimd_0177			-1103.067483793297470
2448	2449	quantum_water	water	quantum	iter02_pimd_candidates_800Ry	178	water_330K	128000	10	pimd_0178			-1103.126080185511228
2449	2450	quantum_water	water	quantum	iter02_pimd_candidates_800Ry	179	water_330K	1000	11	pimd_0179			-1103.196202576795940
2450	2451	quantum_water	water	quantum	iter02_pimd_candidates_800Ry	180	water_330K	2000	11	pimd_0180			-1103.296819579552448
2451	2452	quantum_water	water	quantum	iter02_pimd_candidates_800Ry	181	water_330K	71000	11	pimd_0181			-1103.218401852922852
2452	2453	quantum_water	water	quantum	iter02_pimd_candidates_800Ry	182	water_330K	39000	12	pimd_0182			-1103.229452578697874
2453	2454	quantum_water	water	quantum	iter02_pimd_candidates_800Ry	183	water_330K	53000	12	pimd_0183			-1103.269453395278788
2454	2455	quantum_water	water	quantum	iter02_pimd_candidates_800Ry	184	water_330K	122000	12	pimd_0184			-1103.163326079711396
2455	2456	quantum_water	water	quantum	iter02_pimd_candidates_800Ry	185	water_330K	192000	12	pimd_0185			-1103.362287951344342
2456	2457	quantum_water	water	quantum	iter02_pimd_candidates_800Ry	186	water_330K	175000	13	pimd_0186			-1103.254781456928868
2457	2458	quantum_water	water	quantum	iter02_pimd_candidates_800Ry	187	water_330K	192000	13	pimd_0187			-1103.336534999536525
2458	2459	quantum_water	water	quantum	iter02_pimd_candidates_800Ry	188	water_330K	108000	14	pimd_0188			-1103.229937335456498
2459	2460	quantum_water	water	quantum	iter02_pimd_candidates_800Ry	189	water_330K	123000	14	pimd_0189			-1103.159816834142703
2460	2461	quantum_water	water	quantum	iter02_pimd_candidates_800Ry	190	water_330K	72000	15	pimd_0190			-1103.127528349398517
2461	2462	quantum_water	water	quantum	iter02_pimd_candidates_800Ry	191	water_330K	167000	15	pimd_0191			-1103.293191520402615
2462	2463	quantum_water	water	quantum	iter02_pimd_candidates_800Ry	192	water_330K	9000	16	pimd_0192			-1103.264257569580877
2463	2464	quantum_water	water	quantum	iter02_pimd_candidates_800Ry	193	water_330K	20000	16	pimd_0193			-1103.128723092408791
2464	2465	quantum_water	water	quantum	iter02_pimd_candidates_800Ry	194	water_330K	88000	16	pimd_0194			-1103.221960570494957
2465	2466	quantum_water	water	quantum	iter02_pimd_candidates_800Ry	195	water_330K	117000	16	pimd_0195			-1103.413605191084571
2466	2467	quantum_water	water	quantum	iter02_pimd_candidates_800Ry	196	water_330K	136000	16	pimd_0196			-1103.148460226720317
2467	2468	quantum_water	water	quantum	iter02_pimd_candidates_800Ry	197	water_330K	29000	17	pimd_0197			-1103.424877857761885
2468	2469	quantum_water	water	quantum	iter02_pimd_candidates_800Ry	198	water_330K	74000	17	pimd_0198			-1103.341691966288636
2469	2470	quantum_water	water	quantum	iter02_pimd_candidates_800Ry	199	water_330K	143000	17	pimd_0199			-1103.215908776059223
2470	2471	quantum_water	water	quantum	iter02_pimd_candidates_800Ry	200	water_330K	188000	18	pimd_0200			-1103.239400157061482
2471	2472	quantum_water	water	quantum	iter02_pimd_candidates_800Ry	201	water_330K	67000	19	pimd_0201			-1103.304563163085049
2472	2473	quantum_water	water	quantum	iter02_pimd_candidates_800Ry	202	water_330K	70000	20	pimd_0202			-1103.202236069698529
2473	2474	quantum_water	water	quantum	iter02_pimd_candidates_800Ry	203	water_330K	81000	20	pimd_0203			-1103.300471952063845
2474	2475	quantum_water	water	quantum	iter02_pimd_candidates_800Ry	204	water_330K	88000	20	pimd_0204			-1103.156839279702581
2475	2476	quantum_water	water	quantum	iter02_pimd_candidates_800Ry	205	water_330K	164000	20	pimd_0205			-1103.401205346177221
2476	2477	quantum_water	water	quantum	iter02_pimd_candidates_800Ry	206	water_330K	67000	21	pimd_0206			-1103.266644582386334
2477	2478	quantum_water	water	quantum	iter02_pimd_candidates_800Ry	207	water_330K	97000	21	pimd_0207			-1103.209684929230434
2478	2479	quantum_water	water	quantum	iter02_pimd_candidates_800Ry	208	water_330K	137000	21	pimd_0208			-1103.263111031475319
2479	2480	quantum_water	water	quantum	iter02_pimd_candidates_800Ry	209	water_330K	119000	23	pimd_0209			-1103.361408948069766
2480	2481	quantum_water	water	quantum	iter02_pimd_candidates_800Ry	210	water_330K	170000	23	pimd_0210			-1103.232655675284377
2481	2482	quantum_water	water	quantum	iter02_pimd_candidates_800Ry	211	water_330K	38000	24	pimd_0211			-1103.380897847773213
2482	2483	quantum_water	water	quantum	iter02_pimd_candidates_800Ry	212	water_330K	71000	25	pimd_0212			-1103.106486410866864
2483	2484	quantum_water	water	quantum	iter02_pimd_candidates_800Ry	213	water_330K	78000	25	pimd_0213			-1103.272776478012247
2484	2485	quantum_water	water	quantum	iter02_pimd_candidates_800Ry	214	water_330K	85000	25	pimd_0214			-1103.187369019826974
2485	2486	quantum_water	water	quantum	iter02_pimd_candidates_800Ry	215	water_330K	99000	25	pimd_0215			-1103.359435746450799
2486	2487	quantum_water	water	quantum	iter02_pimd_candidates_800Ry	216	water_330K	179000	25	pimd_0216			-1103.323940195457453
2487	2488	quantum_water	water	quantum	iter02_pimd_candidates_800Ry	217	water_330K	180000	25	pimd_0217			-1103.272805873568132
2488	2489	quantum_water	water	quantum	iter02_pimd_candidates_800Ry	218	water_330K	190000	25	pimd_0218			-1103.064418358267631
2489	2490	quantum_water	water	quantum	iter02_pimd_candidates_800Ry	219	water_330K	72000	26	pimd_0219			-1103.238171217079753
2490	2491	quantum_water	water	quantum	iter02_pimd_candidates_800Ry	220	water_330K	38000	27	pimd_0220			-1103.219250957693703
2491	2492	quantum_water	water	quantum	iter02_pimd_candidates_800Ry	221	water_330K	42000	27	pimd_0221			-1103.157904777411659
2492	2493	quantum_water	water	quantum	iter02_pimd_candidates_800Ry	222	water_330K	48000	28	pimd_0222			-1103.159161392361739
2493	2494	quantum_water	water	quantum	iter02_pimd_candidates_800Ry	223	water_330K	77000	28	pimd_0223			-1103.270479799022496
2494	2495	quantum_water	water	quantum	iter02_pimd_candidates_800Ry	224	water_330K	168000	28	pimd_0224			-1103.247643438268824
2495	2496	quantum_water	water	quantum	iter02_pimd_candidates_800Ry	225	water_330K	174000	28	pimd_0225			-1103.139334880698698
2496	2497	quantum_water	water	quantum	iter02_pimd_candidates_800Ry	226	water_330K	197000	28	pimd_0226			-1103.281226985717694
2497	2498	quantum_water	water	quantum	iter02_pimd_candidates_800Ry	227	water_330K	13000	30	pimd_0227			-1103.385689974955767
2498	2499	quantum_water	water	quantum	iter02_pimd_candidates_800Ry	228	water_330K	43000	30	pimd_0228			-1103.216648665205412
2499	2500	quantum_water	water	quantum	iter02_pimd_candidates_800Ry	229	water_330K	130000	30	pimd_0229			-1103.185082757465580
2500	2501	quantum_water	water	quantum	iter02_pimd_candidates_800Ry	230	water_330K	180000	30	pimd_0230			-1103.270707716955030
2501	2502	quantum_water	water	quantum	iter02_pimd_candidates_800Ry	231	water_330K	10000	32	pimd_0231			-1103.202137850833651
2502	2503	quantum_water	water	quantum	iter02_pimd_candidates_800Ry	232	water_330K	81000	32	pimd_0232			-1103.287366222224136
2503	2504	quantum_water	water	quantum	iter02_pimd_candidates_800Ry	233	water_330K	137000	32	pimd_0233			-1103.306742057263136
2504	2505	quantum_water	water	quantum	iter02_pimd_candidates_800Ry	234	water_330K	156000	32	pimd_0234			-1103.222058882121473
2505	2506	quantum_water	water	quantum	iter02_pimd_candidates_800Ry	235	water_330K	161000	32	pimd_0235			-1103.332220371093626
2506	2507	quantum_ice	ice	quantum	iter03_pimd_candidates_failed_800Ry	0	ice_250K	52000	10	iter03_0000			-1103.645631585259025
2507	2508	quantum_ice	ice	quantum	iter03_pimd_candidates_failed_800Ry	1	ice_250K	150000	17	iter03_0001			-1103.543171820935868
2508	2509	quantum_ice	ice	quantum	iter03_pimd_candidates_failed_800Ry	2	ice_250K	5000	26	iter03_0002			-1103.604081565270690
2509	2510	quantum_water	water	quantum	iter03_pimd_candidates_failed_800Ry	3	water_300K	190000	2	iter03_0003			-1103.283495044201572
2510	2511	quantum_water	water	quantum	iter03_pimd_candidates_failed_800Ry	4	water_300K	116000	3	iter03_0004			-1103.296311727865486
2511	2512	quantum_water	water	quantum	iter03_pimd_candidates_failed_800Ry	5	water_300K	163000	6	iter03_0005			-1103.282101482817325
2512	2513	quantum_water	water	quantum	iter03_pimd_candidates_failed_800Ry	6	water_300K	1000	8	iter03_0006			-1103.270275031551591
2513	2514	quantum_water	water	quantum	iter03_pimd_candidates_failed_800Ry	7	water_300K	164000	11	iter03_0007			-1103.431799926910799
2514	2515	quantum_water	water	quantum	iter03_pimd_candidates_failed_800Ry	8	water_300K	48000	17	iter03_0008			-1103.129193099021904
2515	2516	quantum_water	water	quantum	iter03_pimd_candidates_failed_800Ry	9	water_300K	149000	19	iter03_0009			-1103.174589190459074
2516	2517	quantum_water	water	quantum	iter03_pimd_candidates_failed_800Ry	10	water_300K	114000	20	iter03_0010			-1103.176027115923944
2517	2518	quantum_water	water	quantum	iter03_pimd_candidates_failed_800Ry	11	water_300K	57000	21	iter03_0011			-1103.305654023976331
2518	2519	quantum_water	water	quantum	iter03_pimd_candidates_failed_800Ry	12	water_300K	89000	22	iter03_0012			-1103.121951780606196
2519	2520	quantum_water	water	quantum	iter03_pimd_candidates_failed_800Ry	13	water_300K	15000	23	iter03_0013			-1103.284175228229287
2520	2521	quantum_water	water	quantum	iter03_pimd_candidates_failed_800Ry	14	water_300K	94000	27	iter03_0014			-1103.251556727180969
2521	2522	quantum_water	water	quantum	iter03_pimd_candidates_failed_800Ry	15	water_330K	16000	1	iter03_0015			-1103.197712178667643
2522	2523	quantum_water	water	quantum	iter03_pimd_candidates_failed_800Ry	16	water_330K	29000	2	iter03_0016			-1103.242600499232822
2523	2524	quantum_water	water	quantum	iter03_pimd_candidates_failed_800Ry	17	water_330K	46000	3	iter03_0017			-1103.325724683747467
2524	2525	quantum_water	water	quantum	iter03_pimd_candidates_failed_800Ry	18	water_330K	145000	3	iter03_0018			-1103.235316961534181
2525	2526	quantum_water	water	quantum	iter03_pimd_candidates_failed_800Ry	19	water_330K	102000	4	iter03_0019			-1103.245788796659554
2526	2527	quantum_water	water	quantum	iter03_pimd_candidates_failed_800Ry	20	water_330K	135000	7	iter03_0020			-1103.150981390805100
2527	2528	quantum_water	water	quantum	iter03_pimd_candidates_failed_800Ry	21	water_330K	32000	8	iter03_0021			-1103.226189440013059
2528	2529	quantum_water	water	quantum	iter03_pimd_candidates_failed_800Ry	22	water_330K	163000	8	iter03_0022			-1103.367647798938151
2529	2530	quantum_water	water	quantum	iter03_pimd_candidates_failed_800Ry	23	water_330K	175000	13	iter03_0023			-1103.248694498328859
2530	2531	quantum_water	water	quantum	iter03_pimd_candidates_failed_800Ry	24	water_330K	112000	19	iter03_0024			-1103.149995204374136
2531	2532	quantum_water	water	quantum	iter03_pimd_candidates_failed_800Ry	25	water_330K	166000	19	iter03_0025			-1103.170827252963818
2532	2533	quantum_water	water	quantum	iter03_pimd_candidates_failed_800Ry	26	water_330K	155000	21	iter03_0026			-1103.208693113577283
2533	2534	quantum_water	water	quantum	iter03_pimd_candidates_failed_800Ry	27	water_330K	170000	22	iter03_0027			-1103.211053127576633
2534	2535	quantum_water	water	quantum	iter03_pimd_candidates_failed_800Ry	28	water_330K	90000	24	iter03_0028			-1103.228140462825650
2535	2536	quantum_water	water	quantum	iter03_pimd_candidates_failed_800Ry	29	water_330K	17000	32	iter03_0029			-1103.184836081273716
2536	2537	quantum_ice	ice	quantum	SET3_iter04_active_learning	0	ice_250K	76000	15	iter04_0000			-1103.481671224807542
2537	2538	quantum_ice	ice	quantum	SET3_iter04_active_learning	1	ice_300K	48000	27	iter04_0001			-1103.583211988695894
2538	2539	quantum_ice	ice	quantum	SET3_iter04_active_learning	2	ice_300K	172000	12	iter04_0002			-1103.461098455041338
2539	2540	quantum_water	water	quantum	SET3_iter04_active_learning	3	water_300K	2000	30	iter04_0003			-1103.218869049654359
2540	2541	quantum_water	water	quantum	SET3_iter04_active_learning	4	water_300K	5000	19	iter04_0004			-1103.195848148191999
2541	2542	quantum_water	water	quantum	SET3_iter04_active_learning	5	water_300K	6000	5	iter04_0005			-1103.183417841308483
2542	2543	quantum_water	water	quantum	SET3_iter04_active_learning	6	water_300K	32000	2	iter04_0006			-1103.302529604953634
2543	2544	quantum_water	water	quantum	SET3_iter04_active_learning	7	water_300K	73000	25	iter04_0007			-1103.260525070890253
2544	2545	quantum_water	water	quantum	SET3_iter04_active_learning	8	water_300K	149000	8	iter04_0008			-1103.363239162599712
2545	2546	quantum_water	water	quantum	SET3_iter04_active_learning	9	water_300K	200000	14	iter04_0009			-1103.233649123403438
2546	2547	quantum_water	water	quantum	SET3_iter04_active_learning	10	water_330K	3000	2	iter04_0010			-1103.074181263945775
2547	2548	quantum_water	water	quantum	SET3_iter04_active_learning	11	water_330K	9000	11	iter04_0011			-1103.240889082504282
2548	2549	quantum_water	water	quantum	SET3_iter04_active_learning	12	water_330K	16000	4	iter04_0012			-1103.228716225928792
2549	2550	quantum_water	water	quantum	SET3_iter04_active_learning	13	water_330K	25000	28	iter04_0013			-1103.150381168456761
2550	2551	quantum_water	water	quantum	SET3_iter04_active_learning	14	water_330K	57000	22	iter04_0014			-1103.250016419292479
2551	2552	quantum_water	water	quantum	SET3_iter04_active_learning	15	water_330K	101000	3	iter04_0015			-1103.094458587280542
2552	2553	quantum_water	water	quantum	SET3_iter04_active_learning	16	water_330K	122000	10	iter04_0016			-1103.174294942677079
2553	2554	quantum_water	water	quantum	SET3_iter04_active_learning	17	water_330K	144000	22	iter04_0017			-1103.248501394620689
2554	2555	quantum_water	water	quantum	SET3_iter04_active_learning	18	water_330K	153000	11	iter04_0018			-1103.250917464751865
2555	2556	quantum_water	water	quantum	SET3_iter04_active_learning	19	water_330K	159000	14	iter04_0019			-1103.250630791193316
