
***************************************************************
*                 Welcome to use GPUMD                        *
*    (Graphics Processing Units Molecular Dynamics)           *
*              Master version after 3.9.5                     *
*              This is the nep executable                     *
***************************************************************


---------------------------------------------------------------
GPU information:
---------------------------------------------------------------

number of GPUs = 4
Device id:                   0
    Device name:             NVIDIA A100-SXM4-40GB
    Compute capability:      8.0
    Amount of global memory: 39.4926 GB
    Number of SMs:           108
Device id:                   1
    Device name:             NVIDIA A100-SXM4-40GB
    Compute capability:      8.0
    Amount of global memory: 39.4926 GB
    Number of SMs:           108
Device id:                   2
    Device name:             NVIDIA A100-SXM4-40GB
    Compute capability:      8.0
    Amount of global memory: 39.4926 GB
    Number of SMs:           108
Device id:                   3
    Device name:             NVIDIA A100-SXM4-40GB
    Compute capability:      8.0
    Amount of global memory: 39.4926 GB
    Number of SMs:           108
GPU-0 can access GPU-1.
GPU-0 can access GPU-2.
GPU-0 can access GPU-3.
GPU-1 can access GPU-0.
GPU-1 can access GPU-2.
GPU-1 can access GPU-3.
GPU-2 can access GPU-0.
GPU-2 can access GPU-1.
GPU-2 can access GPU-3.
GPU-3 can access GPU-0.
GPU-3 can access GPU-1.
GPU-3 can access GPU-2.

---------------------------------------------------------------
Started running nep.
---------------------------------------------------------------


---------------------------------------------------------------
Started reading nep.in.
---------------------------------------------------------------

Input or default parameters:
    (default) model_type = potential.
    (default) calculation mode = train.
    (input)   use NEP version 3.
    (input)   number of atom types = 2.
        (default) type 0 (H with Z = 1) has force weight of 1.
        (default) type 1 (O with Z = 8) has force weight of 1.
    (default) will not add the ZBL potential.
    (input)   radial cutoff = 8 A.
    (input)   angular cutoff = 6 A.
    (default) use global cutoff for NEP.
    (default) use global cutoff for ZBL.
    (input)   n_max_radial = 8.
    (input)   n_max_angular = 8.
    (input)   basis_size_radial = 8.
    (input)   basis_size_angular = 8.
    (input)   l_max_3body = 4.
    (input)   l_max_4body = 2.
    (input)   l_max_5body = 1.
    (input)   number of neurons = 50.
    (input)   lambda_1 = 0.05.
    (input)   lambda_2 = 0.05.
    (input)   lambda_e = 1.
    (input)   lambda_f = 1.
    (input)   lambda_v = 0.
    (default) atomic_v = 0.
    (default) lambda_shear = 1.
    (default) force_delta = 0.
    (input)   batch size = 25.
    (input)   population size = 52.
    (input)   maximum number of generations = 400000.
Some calculated parameters:
    number of radial descriptor components = 9.
    number of angular descriptor components = 54.
    total number of descriptor components = 63.
    NN architecture = 63-50-1.
    number of NN parameters to be optimized = 3251.
    number of descriptor parameters to be optimized = 648.
    total number of parameters to be optimized = 3899.

---------------------------------------------------------------
Finished reading nep.in.
---------------------------------------------------------------


---------------------------------------------------------------
Started reading train.xyz
---------------------------------------------------------------

Number of configurations = 2556.
Number of devices = 4
Number of batches = 103

Batch 0:
Number of configurations = 25.

---------------------------------------------------------------
Constructing train_set in device  0.
Total number of atoms = 4800.
Number of atoms in the largest configuration = 192.
Number of configurations having virial = 0.
Radial descriptor with a cutoff of 8 A:
    Minimum number of neighbors for one atom = 161.
    Maximum number of neighbors for one atom = 235.
Angular descriptor with a cutoff of 6 A:
    Minimum number of neighbors for one atom = 55.
    Maximum number of neighbors for one atom = 105.
---------------------------------------------------------------


---------------------------------------------------------------
Constructing train_set in device  1.
Total number of atoms = 4800.
Number of atoms in the largest configuration = 192.
Number of configurations having virial = 0.
Radial descriptor with a cutoff of 8 A:
    Minimum number of neighbors for one atom = 161.
    Maximum number of neighbors for one atom = 235.
Angular descriptor with a cutoff of 6 A:
    Minimum number of neighbors for one atom = 55.
    Maximum number of neighbors for one atom = 105.
---------------------------------------------------------------


---------------------------------------------------------------
Constructing train_set in device  2.
Total number of atoms = 4800.
Number of atoms in the largest configuration = 192.
Number of configurations having virial = 0.
Radial descriptor with a cutoff of 8 A:
    Minimum number of neighbors for one atom = 161.
    Maximum number of neighbors for one atom = 235.
Angular descriptor with a cutoff of 6 A:
    Minimum number of neighbors for one atom = 55.
    Maximum number of neighbors for one atom = 105.
---------------------------------------------------------------


---------------------------------------------------------------
Constructing train_set in device  3.
Total number of atoms = 4800.
Number of atoms in the largest configuration = 192.
Number of configurations having virial = 0.
Radial descriptor with a cutoff of 8 A:
    Minimum number of neighbors for one atom = 161.
    Maximum number of neighbors for one atom = 235.
Angular descriptor with a cutoff of 6 A:
    Minimum number of neighbors for one atom = 55.
    Maximum number of neighbors for one atom = 105.
---------------------------------------------------------------


Batch 1:
Number of configurations = 25.

---------------------------------------------------------------
Constructing train_set in device  0.
Total number of atoms = 4800.
Number of atoms in the largest configuration = 192.
Number of configurations having virial = 0.
Radial descriptor with a cutoff of 8 A:
    Minimum number of neighbors for one atom = 169.
    Maximum number of neighbors for one atom = 234.
Angular descriptor with a cutoff of 6 A:
    Minimum number of neighbors for one atom = 64.
    Maximum number of neighbors for one atom = 100.
---------------------------------------------------------------


---------------------------------------------------------------
Constructing train_set in device  1.
Total number of atoms = 4800.
Number of atoms in the largest configuration = 192.
Number of configurations having virial = 0.
Radial descriptor with a cutoff of 8 A:
    Minimum number of neighbors for one atom = 169.
    Maximum number of neighbors for one atom = 234.
Angular descriptor with a cutoff of 6 A:
    Minimum number of neighbors for one atom = 64.
    Maximum number of neighbors for one atom = 100.
---------------------------------------------------------------


---------------------------------------------------------------
Constructing train_set in device  2.
Total number of atoms = 4800.
Number of atoms in the largest configuration = 192.
Number of configurations having virial = 0.
Radial descriptor with a cutoff of 8 A:
    Minimum number of neighbors for one atom = 169.
    Maximum number of neighbors for one atom = 234.
Angular descriptor with a cutoff of 6 A:
    Minimum number of neighbors for one atom = 64.
    Maximum number of neighbors for one atom = 100.
---------------------------------------------------------------


---------------------------------------------------------------
Constructing train_set in device  3.
Total number of atoms = 4800.
Number of atoms in the largest configuration = 192.
Number of configurations having virial = 0.
Radial descriptor with a cutoff of 8 A:
    Minimum number of neighbors for one atom = 169.
    Maximum number of neighbors for one atom = 234.
Angular descriptor with a cutoff of 6 A:
    Minimum number of neighbors for one atom = 64.
    Maximum number of neighbors for one atom = 100.
---------------------------------------------------------------


Batch 2:
Number of configurations = 25.

---------------------------------------------------------------
Constructing train_set in device  0.
Total number of atoms = 4800.
Number of atoms in the largest configuration = 192.
Number of configurations having virial = 0.
Radial descriptor with a cutoff of 8 A:
    Minimum number of neighbors for one atom = 172.
    Maximum number of neighbors for one atom = 235.
Angular descriptor with a cutoff of 6 A:
    Minimum number of neighbors for one atom = 70.
    Maximum number of neighbors for one atom = 99.
---------------------------------------------------------------


---------------------------------------------------------------
Constructing train_set in device  1.
Total number of atoms = 4800.
Number of atoms in the largest configuration = 192.
Number of configurations having virial = 0.
Radial descriptor with a cutoff of 8 A:
    Minimum number of neighbors for one atom = 172.
    Maximum number of neighbors for one atom = 235.
Angular descriptor with a cutoff of 6 A:
    Minimum number of neighbors for one atom = 70.
    Maximum number of neighbors for one atom = 99.
---------------------------------------------------------------


---------------------------------------------------------------
Constructing train_set in device  2.
Total number of atoms = 4800.
Number of atoms in the largest configuration = 192.
Number of configurations having virial = 0.
Radial descriptor with a cutoff of 8 A:
    Minimum number of neighbors for one atom = 172.
    Maximum number of neighbors for one atom = 235.
Angular descriptor with a cutoff of 6 A:
    Minimum number of neighbors for one atom = 70.
    Maximum number of neighbors for one atom = 99.
---------------------------------------------------------------


---------------------------------------------------------------
Constructing train_set in device  3.
Total number of atoms = 4800.
Number of atoms in the largest configuration = 192.
Number of configurations having virial = 0.
Radial descriptor with a cutoff of 8 A:
    Minimum number of neighbors for one atom = 172.
    Maximum number of neighbors for one atom = 235.
Angular descriptor with a cutoff of 6 A:
    Minimum number of neighbors for one atom = 70.
    Maximum number of neighbors for one atom = 99.
---------------------------------------------------------------


Batch 3:
Number of configurations = 25.

---------------------------------------------------------------
Constructing train_set in device  0.
Total number of atoms = 4800.
Number of atoms in the largest configuration = 192.
Number of configurations having virial = 0.
Radial descriptor with a cutoff of 8 A:
    Minimum number of neighbors for one atom = 166.
    Maximum number of neighbors for one atom = 234.
Angular descriptor with a cutoff of 6 A:
    Minimum number of neighbors for one atom = 64.
    Maximum number of neighbors for one atom = 104.
---------------------------------------------------------------


---------------------------------------------------------------
Constructing train_set in device  1.
Total number of atoms = 4800.
Number of atoms in the largest configuration = 192.
Number of configurations having virial = 0.
Radial descriptor with a cutoff of 8 A:
    Minimum number of neighbors for one atom = 166.
    Maximum number of neighbors for one atom = 234.
Angular descriptor with a cutoff of 6 A:
    Minimum number of neighbors for one atom = 64.
    Maximum number of neighbors for one atom = 104.
---------------------------------------------------------------


---------------------------------------------------------------
Constructing train_set in device  2.
Total number of atoms = 4800.
Number of atoms in the largest configuration = 192.
Number of configurations having virial = 0.
Radial descriptor with a cutoff of 8 A:
    Minimum number of neighbors for one atom = 166.
    Maximum number of neighbors for one atom = 234.
Angular descriptor with a cutoff of 6 A:
    Minimum number of neighbors for one atom = 64.
    Maximum number of neighbors for one atom = 104.
---------------------------------------------------------------


---------------------------------------------------------------
Constructing train_set in device  3.
Total number of atoms = 4800.
Number of atoms in the largest configuration = 192.
Number of configurations having virial = 0.
Radial descriptor with a cutoff of 8 A:
    Minimum number of neighbors for one atom = 166.
    Maximum number of neighbors for one atom = 234.
Angular descriptor with a cutoff of 6 A:
    Minimum number of neighbors for one atom = 64.
    Maximum number of neighbors for one atom = 104.
---------------------------------------------------------------


Batch 4:
Number of configurations = 25.

---------------------------------------------------------------
Constructing train_set in device  0.
Total number of atoms = 4800.
Number of atoms in the largest configuration = 192.
Number of configurations having virial = 0.
Radial descriptor with a cutoff of 8 A:
    Minimum number of neighbors for one atom = 171.
    Maximum number of neighbors for one atom = 235.
Angular descriptor with a cutoff of 6 A:
    Minimum number of neighbors for one atom = 64.
    Maximum number of neighbors for one atom = 101.
---------------------------------------------------------------


---------------------------------------------------------------
Constructing train_set in device  1.
Total number of atoms = 4800.
Number of atoms in the largest configuration = 192.
Number of configurations having virial = 0.
Radial descriptor with a cutoff of 8 A:
    Minimum number of neighbors for one atom = 171.
    Maximum number of neighbors for one atom = 235.
Angular descriptor with a cutoff of 6 A:
    Minimum number of neighbors for one atom = 64.
    Maximum number of neighbors for one atom = 101.
---------------------------------------------------------------


---------------------------------------------------------------
Constructing train_set in device  2.
Total number of atoms = 4800.
Number of atoms in the largest configuration = 192.
Number of configurations having virial = 0.
Radial descriptor with a cutoff of 8 A:
    Minimum number of neighbors for one atom = 171.
    Maximum number of neighbors for one atom = 235.
Angular descriptor with a cutoff of 6 A:
    Minimum number of neighbors for one atom = 64.
    Maximum number of neighbors for one atom = 101.
---------------------------------------------------------------


---------------------------------------------------------------
Constructing train_set in device  3.
Total number of atoms = 4800.
Number of atoms in the largest configuration = 192.
Number of configurations having virial = 0.
Radial descriptor with a cutoff of 8 A:
    Minimum number of neighbors for one atom = 171.
    Maximum number of neighbors for one atom = 235.
Angular descriptor with a cutoff of 6 A:
    Minimum number of neighbors for one atom = 64.
    Maximum number of neighbors for one atom = 101.
---------------------------------------------------------------


Batch 5:
Number of configurations = 25.

---------------------------------------------------------------
Constructing train_set in device  0.
Total number of atoms = 4800.
Number of atoms in the largest configuration = 192.
Number of configurations having virial = 0.
Radial descriptor with a cutoff of 8 A:
    Minimum number of neighbors for one atom = 168.
    Maximum number of neighbors for one atom = 234.
Angular descriptor with a cutoff of 6 A:
    Minimum number of neighbors for one atom = 64.
    Maximum number of neighbors for one atom = 101.
---------------------------------------------------------------


---------------------------------------------------------------
Constructing train_set in device  1.
Total number of atoms = 4800.
Number of atoms in the largest configuration = 192.
Number of configurations having virial = 0.
Radial descriptor with a cutoff of 8 A:
    Minimum number of neighbors for one atom = 168.
    Maximum number of neighbors for one atom = 234.
Angular descriptor with a cutoff of 6 A:
    Minimum number of neighbors for one atom = 64.
    Maximum number of neighbors for one atom = 101.
---------------------------------------------------------------


---------------------------------------------------------------
Constructing train_set in device  2.
Total number of atoms = 4800.
Number of atoms in the largest configuration = 192.
Number of configurations having virial = 0.
Radial descriptor with a cutoff of 8 A:
    Minimum number of neighbors for one atom = 168.
    Maximum number of neighbors for one atom = 234.
Angular descriptor with a cutoff of 6 A:
    Minimum number of neighbors for one atom = 64.
    Maximum number of neighbors for one atom = 101.
---------------------------------------------------------------


---------------------------------------------------------------
Constructing train_set in device  3.
Total number of atoms = 4800.
Number of atoms in the largest configuration = 192.
Number of configurations having virial = 0.
Radial descriptor with a cutoff of 8 A:
    Minimum number of neighbors for one atom = 168.
    Maximum number of neighbors for one atom = 234.
Angular descriptor with a cutoff of 6 A:
    Minimum number of neighbors for one atom = 64.
    Maximum number of neighbors for one atom = 101.
---------------------------------------------------------------


Batch 6:
Number of configurations = 25.

---------------------------------------------------------------
Constructing train_set in device  0.
Total number of atoms = 4800.
Number of atoms in the largest configuration = 192.
Number of configurations having virial = 0.
Radial descriptor with a cutoff of 8 A:
    Minimum number of neighbors for one atom = 169.
    Maximum number of neighbors for one atom = 234.
Angular descriptor with a cutoff of 6 A:
    Minimum number of neighbors for one atom = 59.
    Maximum number of neighbors for one atom = 103.
---------------------------------------------------------------


---------------------------------------------------------------
Constructing train_set in device  1.
Total number of atoms = 4800.
Number of atoms in the largest configuration = 192.
Number of configurations having virial = 0.
Radial descriptor with a cutoff of 8 A:
    Minimum number of neighbors for one atom = 169.
    Maximum number of neighbors for one atom = 234.
Angular descriptor with a cutoff of 6 A:
    Minimum number of neighbors for one atom = 59.
    Maximum number of neighbors for one atom = 103.
---------------------------------------------------------------


---------------------------------------------------------------
Constructing train_set in device  2.
Total number of atoms = 4800.
Number of atoms in the largest configuration = 192.
Number of configurations having virial = 0.
Radial descriptor with a cutoff of 8 A:
    Minimum number of neighbors for one atom = 169.
    Maximum number of neighbors for one atom = 234.
Angular descriptor with a cutoff of 6 A:
    Minimum number of neighbors for one atom = 59.
    Maximum number of neighbors for one atom = 103.
---------------------------------------------------------------


---------------------------------------------------------------
Constructing train_set in device  3.
Total number of atoms = 4800.
Number of atoms in the largest configuration = 192.
Number of configurations having virial = 0.
Radial descriptor with a cutoff of 8 A:
    Minimum number of neighbors for one atom = 169.
    Maximum number of neighbors for one atom = 234.
Angular descriptor with a cutoff of 6 A:
    Minimum number of neighbors for one atom = 59.
    Maximum number of neighbors for one atom = 103.
---------------------------------------------------------------


Batch 7:
Number of configurations = 25.

---------------------------------------------------------------
Constructing train_set in device  0.
Total number of atoms = 4800.
Number of atoms in the largest configuration = 192.
Number of configurations having virial = 0.
Radial descriptor with a cutoff of 8 A:
    Minimum number of neighbors for one atom = 165.
    Maximum number of neighbors for one atom = 234.
Angular descriptor with a cutoff of 6 A:
    Minimum number of neighbors for one atom = 63.
    Maximum number of neighbors for one atom = 98.
---------------------------------------------------------------


---------------------------------------------------------------
Constructing train_set in device  1.
Total number of atoms = 4800.
Number of atoms in the largest configuration = 192.
Number of configurations having virial = 0.
Radial descriptor with a cutoff of 8 A:
    Minimum number of neighbors for one atom = 165.
    Maximum number of neighbors for one atom = 234.
Angular descriptor with a cutoff of 6 A:
    Minimum number of neighbors for one atom = 63.
    Maximum number of neighbors for one atom = 98.
---------------------------------------------------------------


---------------------------------------------------------------
Constructing train_set in device  2.
Total number of atoms = 4800.
Number of atoms in the largest configuration = 192.
Number of configurations having virial = 0.
Radial descriptor with a cutoff of 8 A:
    Minimum number of neighbors for one atom = 165.
    Maximum number of neighbors for one atom = 234.
Angular descriptor with a cutoff of 6 A:
    Minimum number of neighbors for one atom = 63.
    Maximum number of neighbors for one atom = 98.
---------------------------------------------------------------


---------------------------------------------------------------
Constructing train_set in device  3.
Total number of atoms = 4800.
Number of atoms in the largest configuration = 192.
Number of configurations having virial = 0.
Radial descriptor with a cutoff of 8 A:
    Minimum number of neighbors for one atom = 165.
    Maximum number of neighbors for one atom = 234.
Angular descriptor with a cutoff of 6 A:
    Minimum number of neighbors for one atom = 63.
    Maximum number of neighbors for one atom = 98.
---------------------------------------------------------------


Batch 8:
Number of configurations = 25.

---------------------------------------------------------------
Constructing train_set in device  0.
Total number of atoms = 4800.
Number of atoms in the largest configuration = 192.
Number of configurations having virial = 0.
Radial descriptor with a cutoff of 8 A:
    Minimum number of neighbors for one atom = 160.
    Maximum number of neighbors for one atom = 239.
Angular descriptor with a cutoff of 6 A:
    Minimum number of neighbors for one atom = 60.
    Maximum number of neighbors for one atom = 105.
---------------------------------------------------------------


---------------------------------------------------------------
Constructing train_set in device  1.
Total number of atoms = 4800.
Number of atoms in the largest configuration = 192.
Number of configurations having virial = 0.
Radial descriptor with a cutoff of 8 A:
    Minimum number of neighbors for one atom = 160.
    Maximum number of neighbors for one atom = 239.
Angular descriptor with a cutoff of 6 A:
    Minimum number of neighbors for one atom = 60.
    Maximum number of neighbors for one atom = 105.
---------------------------------------------------------------


---------------------------------------------------------------
Constructing train_set in device  2.
Total number of atoms = 4800.
Number of atoms in the largest configuration = 192.
Number of configurations having virial = 0.
Radial descriptor with a cutoff of 8 A:
    Minimum number of neighbors for one atom = 160.
    Maximum number of neighbors for one atom = 239.
Angular descriptor with a cutoff of 6 A:
    Minimum number of neighbors for one atom = 60.
    Maximum number of neighbors for one atom = 105.
---------------------------------------------------------------


---------------------------------------------------------------
Constructing train_set in device  3.
Total number of atoms = 4800.
Number of atoms in the largest configuration = 192.
Number of configurations having virial = 0.
Radial descriptor with a cutoff of 8 A:
    Minimum number of neighbors for one atom = 160.
    Maximum number of neighbors for one atom = 239.
Angular descriptor with a cutoff of 6 A:
    Minimum number of neighbors for one atom = 60.
    Maximum number of neighbors for one atom = 105.
---------------------------------------------------------------


Batch 9:
Number of configurations = 25.

---------------------------------------------------------------
Constructing train_set in device  0.
Total number of atoms = 4800.
Number of atoms in the largest configuration = 192.
Number of configurations having virial = 0.
Radial descriptor with a cutoff of 8 A:
    Minimum number of neighbors for one atom = 157.
    Maximum number of neighbors for one atom = 234.
Angular descriptor with a cutoff of 6 A:
    Minimum number of neighbors for one atom = 60.
    Maximum number of neighbors for one atom = 101.
---------------------------------------------------------------


---------------------------------------------------------------
Constructing train_set in device  1.
Total number of atoms = 4800.
Number of atoms in the largest configuration = 192.
Number of configurations having virial = 0.
Radial descriptor with a cutoff of 8 A:
    Minimum number of neighbors for one atom = 157.
    Maximum number of neighbors for one atom = 234.
Angular descriptor with a cutoff of 6 A:
    Minimum number of neighbors for one atom = 60.
    Maximum number of neighbors for one atom = 101.
---------------------------------------------------------------


---------------------------------------------------------------
Constructing train_set in device  2.
Total number of atoms = 4800.
Number of atoms in the largest configuration = 192.
Number of configurations having virial = 0.
Radial descriptor with a cutoff of 8 A:
    Minimum number of neighbors for one atom = 157.
    Maximum number of neighbors for one atom = 234.
Angular descriptor with a cutoff of 6 A:
    Minimum number of neighbors for one atom = 60.
    Maximum number of neighbors for one atom = 101.
---------------------------------------------------------------


---------------------------------------------------------------
Constructing train_set in device  3.
Total number of atoms = 4800.
Number of atoms in the largest configuration = 192.
Number of configurations having virial = 0.
Radial descriptor with a cutoff of 8 A:
    Minimum number of neighbors for one atom = 157.
    Maximum number of neighbors for one atom = 234.
Angular descriptor with a cutoff of 6 A:
    Minimum number of neighbors for one atom = 60.
    Maximum number of neighbors for one atom = 101.
---------------------------------------------------------------


Batch 10:
Number of configurations = 25.

---------------------------------------------------------------
Constructing train_set in device  0.
Total number of atoms = 4800.
Number of atoms in the largest configuration = 192.
Number of configurations having virial = 0.
Radial descriptor with a cutoff of 8 A:
    Minimum number of neighbors for one atom = 161.
    Maximum number of neighbors for one atom = 235.
Angular descriptor with a cutoff of 6 A:
    Minimum number of neighbors for one atom = 59.
    Maximum number of neighbors for one atom = 102.
---------------------------------------------------------------


---------------------------------------------------------------
Constructing train_set in device  1.
Total number of atoms = 4800.
Number of atoms in the largest configuration = 192.
Number of configurations having virial = 0.
Radial descriptor with a cutoff of 8 A:
    Minimum number of neighbors for one atom = 161.
    Maximum number of neighbors for one atom = 235.
Angular descriptor with a cutoff of 6 A:
    Minimum number of neighbors for one atom = 59.
    Maximum number of neighbors for one atom = 102.
---------------------------------------------------------------


---------------------------------------------------------------
Constructing train_set in device  2.
Total number of atoms = 4800.
Number of atoms in the largest configuration = 192.
Number of configurations having virial = 0.
Radial descriptor with a cutoff of 8 A:
    Minimum number of neighbors for one atom = 161.
    Maximum number of neighbors for one atom = 235.
Angular descriptor with a cutoff of 6 A:
    Minimum number of neighbors for one atom = 59.
    Maximum number of neighbors for one atom = 102.
---------------------------------------------------------------


---------------------------------------------------------------
Constructing train_set in device  3.
Total number of atoms = 4800.
Number of atoms in the largest configuration = 192.
Number of configurations having virial = 0.
Radial descriptor with a cutoff of 8 A:
    Minimum number of neighbors for one atom = 161.
    Maximum number of neighbors for one atom = 235.
Angular descriptor with a cutoff of 6 A:
    Minimum number of neighbors for one atom = 59.
    Maximum number of neighbors for one atom = 102.
---------------------------------------------------------------


Batch 11:
Number of configurations = 25.

---------------------------------------------------------------
Constructing train_set in device  0.
Total number of atoms = 4800.
Number of atoms in the largest configuration = 192.
Number of configurations having virial = 0.
Radial descriptor with a cutoff of 8 A:
    Minimum number of neighbors for one atom = 170.
    Maximum number of neighbors for one atom = 235.
Angular descriptor with a cutoff of 6 A:
    Minimum number of neighbors for one atom = 64.
    Maximum number of neighbors for one atom = 101.
---------------------------------------------------------------


---------------------------------------------------------------
Constructing train_set in device  1.
Total number of atoms = 4800.
Number of atoms in the largest configuration = 192.
Number of configurations having virial = 0.
Radial descriptor with a cutoff of 8 A:
    Minimum number of neighbors for one atom = 170.
    Maximum number of neighbors for one atom = 235.
Angular descriptor with a cutoff of 6 A:
    Minimum number of neighbors for one atom = 64.
    Maximum number of neighbors for one atom = 101.
---------------------------------------------------------------


---------------------------------------------------------------
Constructing train_set in device  2.
Total number of atoms = 4800.
Number of atoms in the largest configuration = 192.
Number of configurations having virial = 0.
Radial descriptor with a cutoff of 8 A:
    Minimum number of neighbors for one atom = 170.
    Maximum number of neighbors for one atom = 235.
Angular descriptor with a cutoff of 6 A:
    Minimum number of neighbors for one atom = 64.
    Maximum number of neighbors for one atom = 101.
---------------------------------------------------------------


---------------------------------------------------------------
Constructing train_set in device  3.
Total number of atoms = 4800.
Number of atoms in the largest configuration = 192.
Number of configurations having virial = 0.
Radial descriptor with a cutoff of 8 A:
    Minimum number of neighbors for one atom = 170.
    Maximum number of neighbors for one atom = 235.
Angular descriptor with a cutoff of 6 A:
    Minimum number of neighbors for one atom = 64.
    Maximum number of neighbors for one atom = 101.
---------------------------------------------------------------


Batch 12:
Number of configurations = 25.

---------------------------------------------------------------
Constructing train_set in device  0.
Total number of atoms = 4800.
Number of atoms in the largest configuration = 192.
Number of configurations having virial = 0.
Radial descriptor with a cutoff of 8 A:
    Minimum number of neighbors for one atom = 163.
    Maximum number of neighbors for one atom = 234.
Angular descriptor with a cutoff of 6 A:
    Minimum number of neighbors for one atom = 62.
    Maximum number of neighbors for one atom = 103.
---------------------------------------------------------------


---------------------------------------------------------------
Constructing train_set in device  1.
Total number of atoms = 4800.
Number of atoms in the largest configuration = 192.
Number of configurations having virial = 0.
Radial descriptor with a cutoff of 8 A:
    Minimum number of neighbors for one atom = 163.
    Maximum number of neighbors for one atom = 234.
Angular descriptor with a cutoff of 6 A:
    Minimum number of neighbors for one atom = 62.
    Maximum number of neighbors for one atom = 103.
---------------------------------------------------------------


---------------------------------------------------------------
Constructing train_set in device  2.
Total number of atoms = 4800.
Number of atoms in the largest configuration = 192.
Number of configurations having virial = 0.
Radial descriptor with a cutoff of 8 A:
    Minimum number of neighbors for one atom = 163.
    Maximum number of neighbors for one atom = 234.
Angular descriptor with a cutoff of 6 A:
    Minimum number of neighbors for one atom = 62.
    Maximum number of neighbors for one atom = 103.
---------------------------------------------------------------


---------------------------------------------------------------
Constructing train_set in device  3.
Total number of atoms = 4800.
Number of atoms in the largest configuration = 192.
Number of configurations having virial = 0.
Radial descriptor with a cutoff of 8 A:
    Minimum number of neighbors for one atom = 163.
    Maximum number of neighbors for one atom = 234.
Angular descriptor with a cutoff of 6 A:
    Minimum number of neighbors for one atom = 62.
    Maximum number of neighbors for one atom = 103.
---------------------------------------------------------------


Batch 13:
Number of configurations = 25.

---------------------------------------------------------------
Constructing train_set in device  0.
Total number of atoms = 4800.
Number of atoms in the largest configuration = 192.
Number of configurations having virial = 0.
Radial descriptor with a cutoff of 8 A:
    Minimum number of neighbors for one atom = 173.
    Maximum number of neighbors for one atom = 235.
Angular descriptor with a cutoff of 6 A:
    Minimum number of neighbors for one atom = 66.
    Maximum number of neighbors for one atom = 99.
---------------------------------------------------------------


---------------------------------------------------------------
Constructing train_set in device  1.
Total number of atoms = 4800.
Number of atoms in the largest configuration = 192.
Number of configurations having virial = 0.
Radial descriptor with a cutoff of 8 A:
    Minimum number of neighbors for one atom = 173.
    Maximum number of neighbors for one atom = 235.
Angular descriptor with a cutoff of 6 A:
    Minimum number of neighbors for one atom = 66.
    Maximum number of neighbors for one atom = 99.
---------------------------------------------------------------


---------------------------------------------------------------
Constructing train_set in device  2.
Total number of atoms = 4800.
Number of atoms in the largest configuration = 192.
Number of configurations having virial = 0.
Radial descriptor with a cutoff of 8 A:
    Minimum number of neighbors for one atom = 173.
    Maximum number of neighbors for one atom = 235.
Angular descriptor with a cutoff of 6 A:
    Minimum number of neighbors for one atom = 66.
    Maximum number of neighbors for one atom = 99.
---------------------------------------------------------------


---------------------------------------------------------------
Constructing train_set in device  3.
Total number of atoms = 4800.
Number of atoms in the largest configuration = 192.
Number of configurations having virial = 0.
Radial descriptor with a cutoff of 8 A:
    Minimum number of neighbors for one atom = 173.
    Maximum number of neighbors for one atom = 235.
Angular descriptor with a cutoff of 6 A:
    Minimum number of neighbors for one atom = 66.
    Maximum number of neighbors for one atom = 99.
---------------------------------------------------------------


Batch 14:
Number of configurations = 25.

---------------------------------------------------------------
Constructing train_set in device  0.
Total number of atoms = 4800.
Number of atoms in the largest configuration = 192.
Number of configurations having virial = 0.
Radial descriptor with a cutoff of 8 A:
    Minimum number of neighbors for one atom = 161.
    Maximum number of neighbors for one atom = 234.
Angular descriptor with a cutoff of 6 A:
    Minimum number of neighbors for one atom = 59.
    Maximum number of neighbors for one atom = 101.
---------------------------------------------------------------


---------------------------------------------------------------
Constructing train_set in device  1.
Total number of atoms = 4800.
Number of atoms in the largest configuration = 192.
Number of configurations having virial = 0.
Radial descriptor with a cutoff of 8 A:
    Minimum number of neighbors for one atom = 161.
    Maximum number of neighbors for one atom = 234.
Angular descriptor with a cutoff of 6 A:
    Minimum number of neighbors for one atom = 59.
    Maximum number of neighbors for one atom = 101.
---------------------------------------------------------------


---------------------------------------------------------------
Constructing train_set in device  2.
Total number of atoms = 4800.
Number of atoms in the largest configuration = 192.
Number of configurations having virial = 0.
Radial descriptor with a cutoff of 8 A:
    Minimum number of neighbors for one atom = 161.
    Maximum number of neighbors for one atom = 234.
Angular descriptor with a cutoff of 6 A:
    Minimum number of neighbors for one atom = 59.
    Maximum number of neighbors for one atom = 101.
---------------------------------------------------------------


---------------------------------------------------------------
Constructing train_set in device  3.
Total number of atoms = 4800.
Number of atoms in the largest configuration = 192.
Number of configurations having virial = 0.
Radial descriptor with a cutoff of 8 A:
    Minimum number of neighbors for one atom = 161.
    Maximum number of neighbors for one atom = 234.
Angular descriptor with a cutoff of 6 A:
    Minimum number of neighbors for one atom = 59.
    Maximum number of neighbors for one atom = 101.
---------------------------------------------------------------


Batch 15:
Number of configurations = 25.

---------------------------------------------------------------
Constructing train_set in device  0.
Total number of atoms = 4800.
Number of atoms in the largest configuration = 192.
Number of configurations having virial = 0.
Radial descriptor with a cutoff of 8 A:
    Minimum number of neighbors for one atom = 145.
    Maximum number of neighbors for one atom = 235.
Angular descriptor with a cutoff of 6 A:
    Minimum number of neighbors for one atom = 51.
    Maximum number of neighbors for one atom = 103.
---------------------------------------------------------------


---------------------------------------------------------------
Constructing train_set in device  1.
Total number of atoms = 4800.
Number of atoms in the largest configuration = 192.
Number of configurations having virial = 0.
Radial descriptor with a cutoff of 8 A:
    Minimum number of neighbors for one atom = 145.
    Maximum number of neighbors for one atom = 235.
Angular descriptor with a cutoff of 6 A:
    Minimum number of neighbors for one atom = 51.
    Maximum number of neighbors for one atom = 103.
---------------------------------------------------------------


---------------------------------------------------------------
Constructing train_set in device  2.
Total number of atoms = 4800.
Number of atoms in the largest configuration = 192.
Number of configurations having virial = 0.
Radial descriptor with a cutoff of 8 A:
    Minimum number of neighbors for one atom = 145.
    Maximum number of neighbors for one atom = 235.
Angular descriptor with a cutoff of 6 A:
    Minimum number of neighbors for one atom = 51.
    Maximum number of neighbors for one atom = 103.
---------------------------------------------------------------


---------------------------------------------------------------
Constructing train_set in device  3.
Total number of atoms = 4800.
Number of atoms in the largest configuration = 192.
Number of configurations having virial = 0.
Radial descriptor with a cutoff of 8 A:
    Minimum number of neighbors for one atom = 145.
    Maximum number of neighbors for one atom = 235.
Angular descriptor with a cutoff of 6 A:
    Minimum number of neighbors for one atom = 51.
    Maximum number of neighbors for one atom = 103.
---------------------------------------------------------------


Batch 16:
Number of configurations = 25.

---------------------------------------------------------------
Constructing train_set in device  0.
Total number of atoms = 4800.
Number of atoms in the largest configuration = 192.
Number of configurations having virial = 0.
Radial descriptor with a cutoff of 8 A:
    Minimum number of neighbors for one atom = 157.
    Maximum number of neighbors for one atom = 235.
Angular descriptor with a cutoff of 6 A:
    Minimum number of neighbors for one atom = 60.
    Maximum number of neighbors for one atom = 105.
---------------------------------------------------------------


---------------------------------------------------------------
Constructing train_set in device  1.
Total number of atoms = 4800.
Number of atoms in the largest configuration = 192.
Number of configurations having virial = 0.
Radial descriptor with a cutoff of 8 A:
    Minimum number of neighbors for one atom = 157.
    Maximum number of neighbors for one atom = 235.
Angular descriptor with a cutoff of 6 A:
    Minimum number of neighbors for one atom = 60.
    Maximum number of neighbors for one atom = 105.
---------------------------------------------------------------


---------------------------------------------------------------
Constructing train_set in device  2.
Total number of atoms = 4800.
Number of atoms in the largest configuration = 192.
Number of configurations having virial = 0.
Radial descriptor with a cutoff of 8 A:
    Minimum number of neighbors for one atom = 157.
    Maximum number of neighbors for one atom = 235.
Angular descriptor with a cutoff of 6 A:
    Minimum number of neighbors for one atom = 60.
    Maximum number of neighbors for one atom = 105.
---------------------------------------------------------------


---------------------------------------------------------------
Constructing train_set in device  3.
Total number of atoms = 4800.
Number of atoms in the largest configuration = 192.
Number of configurations having virial = 0.
Radial descriptor with a cutoff of 8 A:
    Minimum number of neighbors for one atom = 157.
    Maximum number of neighbors for one atom = 235.
Angular descriptor with a cutoff of 6 A:
    Minimum number of neighbors for one atom = 60.
    Maximum number of neighbors for one atom = 105.
---------------------------------------------------------------


Batch 17:
Number of configurations = 25.

---------------------------------------------------------------
Constructing train_set in device  0.
Total number of atoms = 4800.
Number of atoms in the largest configuration = 192.
Number of configurations having virial = 0.
Radial descriptor with a cutoff of 8 A:
    Minimum number of neighbors for one atom = 165.
    Maximum number of neighbors for one atom = 235.
Angular descriptor with a cutoff of 6 A:
    Minimum number of neighbors for one atom = 63.
    Maximum number of neighbors for one atom = 99.
---------------------------------------------------------------


---------------------------------------------------------------
Constructing train_set in device  1.
Total number of atoms = 4800.
Number of atoms in the largest configuration = 192.
Number of configurations having virial = 0.
Radial descriptor with a cutoff of 8 A:
    Minimum number of neighbors for one atom = 165.
    Maximum number of neighbors for one atom = 235.
Angular descriptor with a cutoff of 6 A:
    Minimum number of neighbors for one atom = 63.
    Maximum number of neighbors for one atom = 99.
---------------------------------------------------------------


---------------------------------------------------------------
Constructing train_set in device  2.
Total number of atoms = 4800.
Number of atoms in the largest configuration = 192.
Number of configurations having virial = 0.
Radial descriptor with a cutoff of 8 A:
    Minimum number of neighbors for one atom = 165.
    Maximum number of neighbors for one atom = 235.
Angular descriptor with a cutoff of 6 A:
    Minimum number of neighbors for one atom = 63.
    Maximum number of neighbors for one atom = 99.
---------------------------------------------------------------


---------------------------------------------------------------
Constructing train_set in device  3.
Total number of atoms = 4800.
Number of atoms in the largest configuration = 192.
Number of configurations having virial = 0.
Radial descriptor with a cutoff of 8 A:
    Minimum number of neighbors for one atom = 165.
    Maximum number of neighbors for one atom = 235.
Angular descriptor with a cutoff of 6 A:
    Minimum number of neighbors for one atom = 63.
    Maximum number of neighbors for one atom = 99.
---------------------------------------------------------------


Batch 18:
Number of configurations = 25.

---------------------------------------------------------------
Constructing train_set in device  0.
Total number of atoms = 4800.
Number of atoms in the largest configuration = 192.
Number of configurations having virial = 0.
Radial descriptor with a cutoff of 8 A:
    Minimum number of neighbors for one atom = 159.
    Maximum number of neighbors for one atom = 234.
Angular descriptor with a cutoff of 6 A:
    Minimum number of neighbors for one atom = 57.
    Maximum number of neighbors for one atom = 104.
---------------------------------------------------------------


---------------------------------------------------------------
Constructing train_set in device  1.
Total number of atoms = 4800.
Number of atoms in the largest configuration = 192.
Number of configurations having virial = 0.
Radial descriptor with a cutoff of 8 A:
    Minimum number of neighbors for one atom = 159.
    Maximum number of neighbors for one atom = 234.
Angular descriptor with a cutoff of 6 A:
    Minimum number of neighbors for one atom = 57.
    Maximum number of neighbors for one atom = 104.
---------------------------------------------------------------


---------------------------------------------------------------
Constructing train_set in device  2.
Total number of atoms = 4800.
Number of atoms in the largest configuration = 192.
Number of configurations having virial = 0.
Radial descriptor with a cutoff of 8 A:
    Minimum number of neighbors for one atom = 159.
    Maximum number of neighbors for one atom = 234.
Angular descriptor with a cutoff of 6 A:
    Minimum number of neighbors for one atom = 57.
    Maximum number of neighbors for one atom = 104.
---------------------------------------------------------------


---------------------------------------------------------------
Constructing train_set in device  3.
Total number of atoms = 4800.
Number of atoms in the largest configuration = 192.
Number of configurations having virial = 0.
Radial descriptor with a cutoff of 8 A:
    Minimum number of neighbors for one atom = 159.
    Maximum number of neighbors for one atom = 234.
Angular descriptor with a cutoff of 6 A:
    Minimum number of neighbors for one atom = 57.
    Maximum number of neighbors for one atom = 104.
---------------------------------------------------------------


Batch 19:
Number of configurations = 25.

---------------------------------------------------------------
Constructing train_set in device  0.
Total number of atoms = 4800.
Number of atoms in the largest configuration = 192.
Number of configurations having virial = 0.
Radial descriptor with a cutoff of 8 A:
    Minimum number of neighbors for one atom = 154.
    Maximum number of neighbors for one atom = 233.
Angular descriptor with a cutoff of 6 A:
    Minimum number of neighbors for one atom = 60.
    Maximum number of neighbors for one atom = 102.
---------------------------------------------------------------


---------------------------------------------------------------
Constructing train_set in device  1.
Total number of atoms = 4800.
Number of atoms in the largest configuration = 192.
Number of configurations having virial = 0.
Radial descriptor with a cutoff of 8 A:
    Minimum number of neighbors for one atom = 154.
    Maximum number of neighbors for one atom = 233.
Angular descriptor with a cutoff of 6 A:
    Minimum number of neighbors for one atom = 60.
    Maximum number of neighbors for one atom = 102.
---------------------------------------------------------------


---------------------------------------------------------------
Constructing train_set in device  2.
Total number of atoms = 4800.
Number of atoms in the largest configuration = 192.
Number of configurations having virial = 0.
Radial descriptor with a cutoff of 8 A:
    Minimum number of neighbors for one atom = 154.
    Maximum number of neighbors for one atom = 233.
Angular descriptor with a cutoff of 6 A:
    Minimum number of neighbors for one atom = 60.
    Maximum number of neighbors for one atom = 102.
---------------------------------------------------------------


---------------------------------------------------------------
Constructing train_set in device  3.
Total number of atoms = 4800.
Number of atoms in the largest configuration = 192.
Number of configurations having virial = 0.
Radial descriptor with a cutoff of 8 A:
    Minimum number of neighbors for one atom = 154.
    Maximum number of neighbors for one atom = 233.
Angular descriptor with a cutoff of 6 A:
    Minimum number of neighbors for one atom = 60.
    Maximum number of neighbors for one atom = 102.
---------------------------------------------------------------


Batch 20:
Number of configurations = 25.

---------------------------------------------------------------
Constructing train_set in device  0.
Total number of atoms = 4800.
Number of atoms in the largest configuration = 192.
Number of configurations having virial = 0.
Radial descriptor with a cutoff of 8 A:
    Minimum number of neighbors for one atom = 159.
    Maximum number of neighbors for one atom = 234.
Angular descriptor with a cutoff of 6 A:
    Minimum number of neighbors for one atom = 58.
    Maximum number of neighbors for one atom = 101.
---------------------------------------------------------------


---------------------------------------------------------------
Constructing train_set in device  1.
Total number of atoms = 4800.
Number of atoms in the largest configuration = 192.
Number of configurations having virial = 0.
Radial descriptor with a cutoff of 8 A:
    Minimum number of neighbors for one atom = 159.
    Maximum number of neighbors for one atom = 234.
Angular descriptor with a cutoff of 6 A:
    Minimum number of neighbors for one atom = 58.
    Maximum number of neighbors for one atom = 101.
---------------------------------------------------------------


---------------------------------------------------------------
Constructing train_set in device  2.
Total number of atoms = 4800.
Number of atoms in the largest configuration = 192.
Number of configurations having virial = 0.
Radial descriptor with a cutoff of 8 A:
    Minimum number of neighbors for one atom = 159.
    Maximum number of neighbors for one atom = 234.
Angular descriptor with a cutoff of 6 A:
    Minimum number of neighbors for one atom = 58.
    Maximum number of neighbors for one atom = 101.
---------------------------------------------------------------


---------------------------------------------------------------
Constructing train_set in device  3.
Total number of atoms = 4800.
Number of atoms in the largest configuration = 192.
Number of configurations having virial = 0.
Radial descriptor with a cutoff of 8 A:
    Minimum number of neighbors for one atom = 159.
    Maximum number of neighbors for one atom = 234.
Angular descriptor with a cutoff of 6 A:
    Minimum number of neighbors for one atom = 58.
    Maximum number of neighbors for one atom = 101.
---------------------------------------------------------------


Batch 21:
Number of configurations = 25.

---------------------------------------------------------------
Constructing train_set in device  0.
Total number of atoms = 4800.
Number of atoms in the largest configuration = 192.
Number of configurations having virial = 0.
Radial descriptor with a cutoff of 8 A:
    Minimum number of neighbors for one atom = 171.
    Maximum number of neighbors for one atom = 234.
Angular descriptor with a cutoff of 6 A:
    Minimum number of neighbors for one atom = 64.
    Maximum number of neighbors for one atom = 102.
---------------------------------------------------------------


---------------------------------------------------------------
Constructing train_set in device  1.
Total number of atoms = 4800.
Number of atoms in the largest configuration = 192.
Number of configurations having virial = 0.
Radial descriptor with a cutoff of 8 A:
    Minimum number of neighbors for one atom = 171.
    Maximum number of neighbors for one atom = 234.
Angular descriptor with a cutoff of 6 A:
    Minimum number of neighbors for one atom = 64.
    Maximum number of neighbors for one atom = 102.
---------------------------------------------------------------


---------------------------------------------------------------
Constructing train_set in device  2.
Total number of atoms = 4800.
Number of atoms in the largest configuration = 192.
Number of configurations having virial = 0.
Radial descriptor with a cutoff of 8 A:
    Minimum number of neighbors for one atom = 171.
    Maximum number of neighbors for one atom = 234.
Angular descriptor with a cutoff of 6 A:
    Minimum number of neighbors for one atom = 64.
    Maximum number of neighbors for one atom = 102.
---------------------------------------------------------------


---------------------------------------------------------------
Constructing train_set in device  3.
Total number of atoms = 4800.
Number of atoms in the largest configuration = 192.
Number of configurations having virial = 0.
Radial descriptor with a cutoff of 8 A:
    Minimum number of neighbors for one atom = 171.
    Maximum number of neighbors for one atom = 234.
Angular descriptor with a cutoff of 6 A:
    Minimum number of neighbors for one atom = 64.
    Maximum number of neighbors for one atom = 102.
---------------------------------------------------------------


Batch 22:
Number of configurations = 25.

---------------------------------------------------------------
Constructing train_set in device  0.
Total number of atoms = 4800.
Number of atoms in the largest configuration = 192.
Number of configurations having virial = 0.
Radial descriptor with a cutoff of 8 A:
    Minimum number of neighbors for one atom = 157.
    Maximum number of neighbors for one atom = 235.
Angular descriptor with a cutoff of 6 A:
    Minimum number of neighbors for one atom = 59.
    Maximum number of neighbors for one atom = 102.
---------------------------------------------------------------


---------------------------------------------------------------
Constructing train_set in device  1.
Total number of atoms = 4800.
Number of atoms in the largest configuration = 192.
Number of configurations having virial = 0.
Radial descriptor with a cutoff of 8 A:
    Minimum number of neighbors for one atom = 157.
    Maximum number of neighbors for one atom = 235.
Angular descriptor with a cutoff of 6 A:
    Minimum number of neighbors for one atom = 59.
    Maximum number of neighbors for one atom = 102.
---------------------------------------------------------------


---------------------------------------------------------------
Constructing train_set in device  2.
Total number of atoms = 4800.
Number of atoms in the largest configuration = 192.
Number of configurations having virial = 0.
Radial descriptor with a cutoff of 8 A:
    Minimum number of neighbors for one atom = 157.
    Maximum number of neighbors for one atom = 235.
Angular descriptor with a cutoff of 6 A:
    Minimum number of neighbors for one atom = 59.
    Maximum number of neighbors for one atom = 102.
---------------------------------------------------------------


---------------------------------------------------------------
Constructing train_set in device  3.
Total number of atoms = 4800.
Number of atoms in the largest configuration = 192.
Number of configurations having virial = 0.
Radial descriptor with a cutoff of 8 A:
    Minimum number of neighbors for one atom = 157.
    Maximum number of neighbors for one atom = 235.
Angular descriptor with a cutoff of 6 A:
    Minimum number of neighbors for one atom = 59.
    Maximum number of neighbors for one atom = 102.
---------------------------------------------------------------


Batch 23:
Number of configurations = 25.

---------------------------------------------------------------
Constructing train_set in device  0.
Total number of atoms = 4800.
Number of atoms in the largest configuration = 192.
Number of configurations having virial = 0.
Radial descriptor with a cutoff of 8 A:
    Minimum number of neighbors for one atom = 169.
    Maximum number of neighbors for one atom = 234.
Angular descriptor with a cutoff of 6 A:
    Minimum number of neighbors for one atom = 69.
    Maximum number of neighbors for one atom = 103.
---------------------------------------------------------------


---------------------------------------------------------------
Constructing train_set in device  1.
Total number of atoms = 4800.
Number of atoms in the largest configuration = 192.
Number of configurations having virial = 0.
Radial descriptor with a cutoff of 8 A:
    Minimum number of neighbors for one atom = 169.
    Maximum number of neighbors for one atom = 234.
Angular descriptor with a cutoff of 6 A:
    Minimum number of neighbors for one atom = 69.
    Maximum number of neighbors for one atom = 103.
---------------------------------------------------------------


---------------------------------------------------------------
Constructing train_set in device  2.
Total number of atoms = 4800.
Number of atoms in the largest configuration = 192.
Number of configurations having virial = 0.
Radial descriptor with a cutoff of 8 A:
    Minimum number of neighbors for one atom = 169.
    Maximum number of neighbors for one atom = 234.
Angular descriptor with a cutoff of 6 A:
    Minimum number of neighbors for one atom = 69.
    Maximum number of neighbors for one atom = 103.
---------------------------------------------------------------


---------------------------------------------------------------
Constructing train_set in device  3.
Total number of atoms = 4800.
Number of atoms in the largest configuration = 192.
Number of configurations having virial = 0.
Radial descriptor with a cutoff of 8 A:
    Minimum number of neighbors for one atom = 169.
    Maximum number of neighbors for one atom = 234.
Angular descriptor with a cutoff of 6 A:
    Minimum number of neighbors for one atom = 69.
    Maximum number of neighbors for one atom = 103.
---------------------------------------------------------------


Batch 24:
Number of configurations = 25.

---------------------------------------------------------------
Constructing train_set in device  0.
Total number of atoms = 4800.
Number of atoms in the largest configuration = 192.
Number of configurations having virial = 0.
Radial descriptor with a cutoff of 8 A:
    Minimum number of neighbors for one atom = 168.
    Maximum number of neighbors for one atom = 234.
Angular descriptor with a cutoff of 6 A:
    Minimum number of neighbors for one atom = 64.
    Maximum number of neighbors for one atom = 101.
---------------------------------------------------------------


---------------------------------------------------------------
Constructing train_set in device  1.
Total number of atoms = 4800.
Number of atoms in the largest configuration = 192.
Number of configurations having virial = 0.
Radial descriptor with a cutoff of 8 A:
    Minimum number of neighbors for one atom = 168.
    Maximum number of neighbors for one atom = 234.
Angular descriptor with a cutoff of 6 A:
    Minimum number of neighbors for one atom = 64.
    Maximum number of neighbors for one atom = 101.
---------------------------------------------------------------


---------------------------------------------------------------
Constructing train_set in device  2.
Total number of atoms = 4800.
Number of atoms in the largest configuration = 192.
Number of configurations having virial = 0.
Radial descriptor with a cutoff of 8 A:
    Minimum number of neighbors for one atom = 168.
    Maximum number of neighbors for one atom = 234.
Angular descriptor with a cutoff of 6 A:
    Minimum number of neighbors for one atom = 64.
    Maximum number of neighbors for one atom = 101.
---------------------------------------------------------------


---------------------------------------------------------------
Constructing train_set in device  3.
Total number of atoms = 4800.
Number of atoms in the largest configuration = 192.
Number of configurations having virial = 0.
Radial descriptor with a cutoff of 8 A:
    Minimum number of neighbors for one atom = 168.
    Maximum number of neighbors for one atom = 234.
Angular descriptor with a cutoff of 6 A:
    Minimum number of neighbors for one atom = 64.
    Maximum number of neighbors for one atom = 101.
---------------------------------------------------------------


Batch 25:
Number of configurations = 25.

---------------------------------------------------------------
Constructing train_set in device  0.
Total number of atoms = 4800.
Number of atoms in the largest configuration = 192.
Number of configurations having virial = 0.
Radial descriptor with a cutoff of 8 A:
    Minimum number of neighbors for one atom = 168.
    Maximum number of neighbors for one atom = 234.
Angular descriptor with a cutoff of 6 A:
    Minimum number of neighbors for one atom = 66.
    Maximum number of neighbors for one atom = 103.
---------------------------------------------------------------


---------------------------------------------------------------
Constructing train_set in device  1.
Total number of atoms = 4800.
Number of atoms in the largest configuration = 192.
Number of configurations having virial = 0.
Radial descriptor with a cutoff of 8 A:
    Minimum number of neighbors for one atom = 168.
    Maximum number of neighbors for one atom = 234.
Angular descriptor with a cutoff of 6 A:
    Minimum number of neighbors for one atom = 66.
    Maximum number of neighbors for one atom = 103.
---------------------------------------------------------------


---------------------------------------------------------------
Constructing train_set in device  2.
Total number of atoms = 4800.
Number of atoms in the largest configuration = 192.
Number of configurations having virial = 0.
Radial descriptor with a cutoff of 8 A:
    Minimum number of neighbors for one atom = 168.
    Maximum number of neighbors for one atom = 234.
Angular descriptor with a cutoff of 6 A:
    Minimum number of neighbors for one atom = 66.
    Maximum number of neighbors for one atom = 103.
---------------------------------------------------------------


---------------------------------------------------------------
Constructing train_set in device  3.
Total number of atoms = 4800.
Number of atoms in the largest configuration = 192.
Number of configurations having virial = 0.
Radial descriptor with a cutoff of 8 A:
    Minimum number of neighbors for one atom = 168.
    Maximum number of neighbors for one atom = 234.
Angular descriptor with a cutoff of 6 A:
    Minimum number of neighbors for one atom = 66.
    Maximum number of neighbors for one atom = 103.
---------------------------------------------------------------


Batch 26:
Number of configurations = 25.

---------------------------------------------------------------
Constructing train_set in device  0.
Total number of atoms = 4800.
Number of atoms in the largest configuration = 192.
Number of configurations having virial = 0.
Radial descriptor with a cutoff of 8 A:
    Minimum number of neighbors for one atom = 157.
    Maximum number of neighbors for one atom = 234.
Angular descriptor with a cutoff of 6 A:
    Minimum number of neighbors for one atom = 59.
    Maximum number of neighbors for one atom = 103.
---------------------------------------------------------------


---------------------------------------------------------------
Constructing train_set in device  1.
Total number of atoms = 4800.
Number of atoms in the largest configuration = 192.
Number of configurations having virial = 0.
Radial descriptor with a cutoff of 8 A:
    Minimum number of neighbors for one atom = 157.
    Maximum number of neighbors for one atom = 234.
Angular descriptor with a cutoff of 6 A:
    Minimum number of neighbors for one atom = 59.
    Maximum number of neighbors for one atom = 103.
---------------------------------------------------------------


---------------------------------------------------------------
Constructing train_set in device  2.
Total number of atoms = 4800.
Number of atoms in the largest configuration = 192.
Number of configurations having virial = 0.
Radial descriptor with a cutoff of 8 A:
    Minimum number of neighbors for one atom = 157.
    Maximum number of neighbors for one atom = 234.
Angular descriptor with a cutoff of 6 A:
    Minimum number of neighbors for one atom = 59.
    Maximum number of neighbors for one atom = 103.
---------------------------------------------------------------


---------------------------------------------------------------
Constructing train_set in device  3.
Total number of atoms = 4800.
Number of atoms in the largest configuration = 192.
Number of configurations having virial = 0.
Radial descriptor with a cutoff of 8 A:
    Minimum number of neighbors for one atom = 157.
    Maximum number of neighbors for one atom = 234.
Angular descriptor with a cutoff of 6 A:
    Minimum number of neighbors for one atom = 59.
    Maximum number of neighbors for one atom = 103.
---------------------------------------------------------------


Batch 27:
Number of configurations = 25.

---------------------------------------------------------------
Constructing train_set in device  0.
Total number of atoms = 4800.
Number of atoms in the largest configuration = 192.
Number of configurations having virial = 0.
Radial descriptor with a cutoff of 8 A:
    Minimum number of neighbors for one atom = 153.
    Maximum number of neighbors for one atom = 235.
Angular descriptor with a cutoff of 6 A:
    Minimum number of neighbors for one atom = 55.
    Maximum number of neighbors for one atom = 103.
---------------------------------------------------------------


---------------------------------------------------------------
Constructing train_set in device  1.
Total number of atoms = 4800.
Number of atoms in the largest configuration = 192.
Number of configurations having virial = 0.
Radial descriptor with a cutoff of 8 A:
    Minimum number of neighbors for one atom = 153.
    Maximum number of neighbors for one atom = 235.
Angular descriptor with a cutoff of 6 A:
    Minimum number of neighbors for one atom = 55.
    Maximum number of neighbors for one atom = 103.
---------------------------------------------------------------


---------------------------------------------------------------
Constructing train_set in device  2.
Total number of atoms = 4800.
Number of atoms in the largest configuration = 192.
Number of configurations having virial = 0.
Radial descriptor with a cutoff of 8 A:
    Minimum number of neighbors for one atom = 153.
    Maximum number of neighbors for one atom = 235.
Angular descriptor with a cutoff of 6 A:
    Minimum number of neighbors for one atom = 55.
    Maximum number of neighbors for one atom = 103.
---------------------------------------------------------------


---------------------------------------------------------------
Constructing train_set in device  3.
Total number of atoms = 4800.
Number of atoms in the largest configuration = 192.
Number of configurations having virial = 0.
Radial descriptor with a cutoff of 8 A:
    Minimum number of neighbors for one atom = 153.
    Maximum number of neighbors for one atom = 235.
Angular descriptor with a cutoff of 6 A:
    Minimum number of neighbors for one atom = 55.
    Maximum number of neighbors for one atom = 103.
---------------------------------------------------------------


Batch 28:
Number of configurations = 25.

---------------------------------------------------------------
Constructing train_set in device  0.
Total number of atoms = 4800.
Number of atoms in the largest configuration = 192.
Number of configurations having virial = 0.
Radial descriptor with a cutoff of 8 A:
    Minimum number of neighbors for one atom = 164.
    Maximum number of neighbors for one atom = 233.
Angular descriptor with a cutoff of 6 A:
    Minimum number of neighbors for one atom = 63.
    Maximum number of neighbors for one atom = 103.
---------------------------------------------------------------


---------------------------------------------------------------
Constructing train_set in device  1.
Total number of atoms = 4800.
Number of atoms in the largest configuration = 192.
Number of configurations having virial = 0.
Radial descriptor with a cutoff of 8 A:
    Minimum number of neighbors for one atom = 164.
    Maximum number of neighbors for one atom = 233.
Angular descriptor with a cutoff of 6 A:
    Minimum number of neighbors for one atom = 63.
    Maximum number of neighbors for one atom = 103.
---------------------------------------------------------------


---------------------------------------------------------------
Constructing train_set in device  2.
Total number of atoms = 4800.
Number of atoms in the largest configuration = 192.
Number of configurations having virial = 0.
Radial descriptor with a cutoff of 8 A:
    Minimum number of neighbors for one atom = 164.
    Maximum number of neighbors for one atom = 233.
Angular descriptor with a cutoff of 6 A:
    Minimum number of neighbors for one atom = 63.
    Maximum number of neighbors for one atom = 103.
---------------------------------------------------------------


---------------------------------------------------------------
Constructing train_set in device  3.
Total number of atoms = 4800.
Number of atoms in the largest configuration = 192.
Number of configurations having virial = 0.
Radial descriptor with a cutoff of 8 A:
    Minimum number of neighbors for one atom = 164.
    Maximum number of neighbors for one atom = 233.
Angular descriptor with a cutoff of 6 A:
    Minimum number of neighbors for one atom = 63.
    Maximum number of neighbors for one atom = 103.
---------------------------------------------------------------


Batch 29:
Number of configurations = 25.

---------------------------------------------------------------
Constructing train_set in device  0.
Total number of atoms = 4800.
Number of atoms in the largest configuration = 192.
Number of configurations having virial = 0.
Radial descriptor with a cutoff of 8 A:
    Minimum number of neighbors for one atom = 153.
    Maximum number of neighbors for one atom = 237.
Angular descriptor with a cutoff of 6 A:
    Minimum number of neighbors for one atom = 60.
    Maximum number of neighbors for one atom = 107.
---------------------------------------------------------------


---------------------------------------------------------------
Constructing train_set in device  1.
Total number of atoms = 4800.
Number of atoms in the largest configuration = 192.
Number of configurations having virial = 0.
Radial descriptor with a cutoff of 8 A:
    Minimum number of neighbors for one atom = 153.
    Maximum number of neighbors for one atom = 237.
Angular descriptor with a cutoff of 6 A:
    Minimum number of neighbors for one atom = 60.
    Maximum number of neighbors for one atom = 107.
---------------------------------------------------------------


---------------------------------------------------------------
Constructing train_set in device  2.
Total number of atoms = 4800.
Number of atoms in the largest configuration = 192.
Number of configurations having virial = 0.
Radial descriptor with a cutoff of 8 A:
    Minimum number of neighbors for one atom = 153.
    Maximum number of neighbors for one atom = 237.
Angular descriptor with a cutoff of 6 A:
    Minimum number of neighbors for one atom = 60.
    Maximum number of neighbors for one atom = 107.
---------------------------------------------------------------


---------------------------------------------------------------
Constructing train_set in device  3.
Total number of atoms = 4800.
Number of atoms in the largest configuration = 192.
Number of configurations having virial = 0.
Radial descriptor with a cutoff of 8 A:
    Minimum number of neighbors for one atom = 153.
    Maximum number of neighbors for one atom = 237.
Angular descriptor with a cutoff of 6 A:
    Minimum number of neighbors for one atom = 60.
    Maximum number of neighbors for one atom = 107.
---------------------------------------------------------------


Batch 30:
Number of configurations = 25.

---------------------------------------------------------------
Constructing train_set in device  0.
Total number of atoms = 4800.
Number of atoms in the largest configuration = 192.
Number of configurations having virial = 0.
Radial descriptor with a cutoff of 8 A:
    Minimum number of neighbors for one atom = 169.
    Maximum number of neighbors for one atom = 234.
Angular descriptor with a cutoff of 6 A:
    Minimum number of neighbors for one atom = 60.
    Maximum number of neighbors for one atom = 103.
---------------------------------------------------------------


---------------------------------------------------------------
Constructing train_set in device  1.
Total number of atoms = 4800.
Number of atoms in the largest configuration = 192.
Number of configurations having virial = 0.
Radial descriptor with a cutoff of 8 A:
    Minimum number of neighbors for one atom = 169.
    Maximum number of neighbors for one atom = 234.
Angular descriptor with a cutoff of 6 A:
    Minimum number of neighbors for one atom = 60.
    Maximum number of neighbors for one atom = 103.
---------------------------------------------------------------


---------------------------------------------------------------
Constructing train_set in device  2.
Total number of atoms = 4800.
Number of atoms in the largest configuration = 192.
Number of configurations having virial = 0.
Radial descriptor with a cutoff of 8 A:
    Minimum number of neighbors for one atom = 169.
    Maximum number of neighbors for one atom = 234.
Angular descriptor with a cutoff of 6 A:
    Minimum number of neighbors for one atom = 60.
    Maximum number of neighbors for one atom = 103.
---------------------------------------------------------------


---------------------------------------------------------------
Constructing train_set in device  3.
Total number of atoms = 4800.
Number of atoms in the largest configuration = 192.
Number of configurations having virial = 0.
Radial descriptor with a cutoff of 8 A:
    Minimum number of neighbors for one atom = 169.
    Maximum number of neighbors for one atom = 234.
Angular descriptor with a cutoff of 6 A:
    Minimum number of neighbors for one atom = 60.
    Maximum number of neighbors for one atom = 103.
---------------------------------------------------------------


Batch 31:
Number of configurations = 25.

---------------------------------------------------------------
Constructing train_set in device  0.
Total number of atoms = 4800.
Number of atoms in the largest configuration = 192.
Number of configurations having virial = 0.
Radial descriptor with a cutoff of 8 A:
    Minimum number of neighbors for one atom = 169.
    Maximum number of neighbors for one atom = 233.
Angular descriptor with a cutoff of 6 A:
    Minimum number of neighbors for one atom = 65.
    Maximum number of neighbors for one atom = 102.
---------------------------------------------------------------


---------------------------------------------------------------
Constructing train_set in device  1.
Total number of atoms = 4800.
Number of atoms in the largest configuration = 192.
Number of configurations having virial = 0.
Radial descriptor with a cutoff of 8 A:
    Minimum number of neighbors for one atom = 169.
    Maximum number of neighbors for one atom = 233.
Angular descriptor with a cutoff of 6 A:
    Minimum number of neighbors for one atom = 65.
    Maximum number of neighbors for one atom = 102.
---------------------------------------------------------------


---------------------------------------------------------------
Constructing train_set in device  2.
Total number of atoms = 4800.
Number of atoms in the largest configuration = 192.
Number of configurations having virial = 0.
Radial descriptor with a cutoff of 8 A:
    Minimum number of neighbors for one atom = 169.
    Maximum number of neighbors for one atom = 233.
Angular descriptor with a cutoff of 6 A:
    Minimum number of neighbors for one atom = 65.
    Maximum number of neighbors for one atom = 102.
---------------------------------------------------------------


---------------------------------------------------------------
Constructing train_set in device  3.
Total number of atoms = 4800.
Number of atoms in the largest configuration = 192.
Number of configurations having virial = 0.
Radial descriptor with a cutoff of 8 A:
    Minimum number of neighbors for one atom = 169.
    Maximum number of neighbors for one atom = 233.
Angular descriptor with a cutoff of 6 A:
    Minimum number of neighbors for one atom = 65.
    Maximum number of neighbors for one atom = 102.
---------------------------------------------------------------


Batch 32:
Number of configurations = 25.

---------------------------------------------------------------
Constructing train_set in device  0.
Total number of atoms = 4800.
Number of atoms in the largest configuration = 192.
Number of configurations having virial = 0.
Radial descriptor with a cutoff of 8 A:
    Minimum number of neighbors for one atom = 167.
    Maximum number of neighbors for one atom = 234.
Angular descriptor with a cutoff of 6 A:
    Minimum number of neighbors for one atom = 62.
    Maximum number of neighbors for one atom = 100.
---------------------------------------------------------------


---------------------------------------------------------------
Constructing train_set in device  1.
Total number of atoms = 4800.
Number of atoms in the largest configuration = 192.
Number of configurations having virial = 0.
Radial descriptor with a cutoff of 8 A:
    Minimum number of neighbors for one atom = 167.
    Maximum number of neighbors for one atom = 234.
Angular descriptor with a cutoff of 6 A:
    Minimum number of neighbors for one atom = 62.
    Maximum number of neighbors for one atom = 100.
---------------------------------------------------------------


---------------------------------------------------------------
Constructing train_set in device  2.
Total number of atoms = 4800.
Number of atoms in the largest configuration = 192.
Number of configurations having virial = 0.
Radial descriptor with a cutoff of 8 A:
    Minimum number of neighbors for one atom = 167.
    Maximum number of neighbors for one atom = 234.
Angular descriptor with a cutoff of 6 A:
    Minimum number of neighbors for one atom = 62.
    Maximum number of neighbors for one atom = 100.
---------------------------------------------------------------


---------------------------------------------------------------
Constructing train_set in device  3.
Total number of atoms = 4800.
Number of atoms in the largest configuration = 192.
Number of configurations having virial = 0.
Radial descriptor with a cutoff of 8 A:
    Minimum number of neighbors for one atom = 167.
    Maximum number of neighbors for one atom = 234.
Angular descriptor with a cutoff of 6 A:
    Minimum number of neighbors for one atom = 62.
    Maximum number of neighbors for one atom = 100.
---------------------------------------------------------------


Batch 33:
Number of configurations = 25.

---------------------------------------------------------------
Constructing train_set in device  0.
Total number of atoms = 4800.
Number of atoms in the largest configuration = 192.
Number of configurations having virial = 0.
Radial descriptor with a cutoff of 8 A:
    Minimum number of neighbors for one atom = 161.
    Maximum number of neighbors for one atom = 233.
Angular descriptor with a cutoff of 6 A:
    Minimum number of neighbors for one atom = 62.
    Maximum number of neighbors for one atom = 101.
---------------------------------------------------------------


---------------------------------------------------------------
Constructing train_set in device  1.
Total number of atoms = 4800.
Number of atoms in the largest configuration = 192.
Number of configurations having virial = 0.
Radial descriptor with a cutoff of 8 A:
    Minimum number of neighbors for one atom = 161.
    Maximum number of neighbors for one atom = 233.
Angular descriptor with a cutoff of 6 A:
    Minimum number of neighbors for one atom = 62.
    Maximum number of neighbors for one atom = 101.
---------------------------------------------------------------


---------------------------------------------------------------
Constructing train_set in device  2.
Total number of atoms = 4800.
Number of atoms in the largest configuration = 192.
Number of configurations having virial = 0.
Radial descriptor with a cutoff of 8 A:
    Minimum number of neighbors for one atom = 161.
    Maximum number of neighbors for one atom = 233.
Angular descriptor with a cutoff of 6 A:
    Minimum number of neighbors for one atom = 62.
    Maximum number of neighbors for one atom = 101.
---------------------------------------------------------------


---------------------------------------------------------------
Constructing train_set in device  3.
Total number of atoms = 4800.
Number of atoms in the largest configuration = 192.
Number of configurations having virial = 0.
Radial descriptor with a cutoff of 8 A:
    Minimum number of neighbors for one atom = 161.
    Maximum number of neighbors for one atom = 233.
Angular descriptor with a cutoff of 6 A:
    Minimum number of neighbors for one atom = 62.
    Maximum number of neighbors for one atom = 101.
---------------------------------------------------------------


Batch 34:
Number of configurations = 25.

---------------------------------------------------------------
Constructing train_set in device  0.
Total number of atoms = 4800.
Number of atoms in the largest configuration = 192.
Number of configurations having virial = 0.
Radial descriptor with a cutoff of 8 A:
    Minimum number of neighbors for one atom = 163.
    Maximum number of neighbors for one atom = 234.
Angular descriptor with a cutoff of 6 A:
    Minimum number of neighbors for one atom = 63.
    Maximum number of neighbors for one atom = 105.
---------------------------------------------------------------


---------------------------------------------------------------
Constructing train_set in device  1.
Total number of atoms = 4800.
Number of atoms in the largest configuration = 192.
Number of configurations having virial = 0.
Radial descriptor with a cutoff of 8 A:
    Minimum number of neighbors for one atom = 163.
    Maximum number of neighbors for one atom = 234.
Angular descriptor with a cutoff of 6 A:
    Minimum number of neighbors for one atom = 63.
    Maximum number of neighbors for one atom = 105.
---------------------------------------------------------------


---------------------------------------------------------------
Constructing train_set in device  2.
Total number of atoms = 4800.
Number of atoms in the largest configuration = 192.
Number of configurations having virial = 0.
Radial descriptor with a cutoff of 8 A:
    Minimum number of neighbors for one atom = 163.
    Maximum number of neighbors for one atom = 234.
Angular descriptor with a cutoff of 6 A:
    Minimum number of neighbors for one atom = 63.
    Maximum number of neighbors for one atom = 105.
---------------------------------------------------------------


---------------------------------------------------------------
Constructing train_set in device  3.
Total number of atoms = 4800.
Number of atoms in the largest configuration = 192.
Number of configurations having virial = 0.
Radial descriptor with a cutoff of 8 A:
    Minimum number of neighbors for one atom = 163.
    Maximum number of neighbors for one atom = 234.
Angular descriptor with a cutoff of 6 A:
    Minimum number of neighbors for one atom = 63.
    Maximum number of neighbors for one atom = 105.
---------------------------------------------------------------


Batch 35:
Number of configurations = 25.

---------------------------------------------------------------
Constructing train_set in device  0.
Total number of atoms = 4800.
Number of atoms in the largest configuration = 192.
Number of configurations having virial = 0.
Radial descriptor with a cutoff of 8 A:
    Minimum number of neighbors for one atom = 165.
    Maximum number of neighbors for one atom = 235.
Angular descriptor with a cutoff of 6 A:
    Minimum number of neighbors for one atom = 63.
    Maximum number of neighbors for one atom = 102.
---------------------------------------------------------------


---------------------------------------------------------------
Constructing train_set in device  1.
Total number of atoms = 4800.
Number of atoms in the largest configuration = 192.
Number of configurations having virial = 0.
Radial descriptor with a cutoff of 8 A:
    Minimum number of neighbors for one atom = 165.
    Maximum number of neighbors for one atom = 235.
Angular descriptor with a cutoff of 6 A:
    Minimum number of neighbors for one atom = 63.
    Maximum number of neighbors for one atom = 102.
---------------------------------------------------------------


---------------------------------------------------------------
Constructing train_set in device  2.
Total number of atoms = 4800.
Number of atoms in the largest configuration = 192.
Number of configurations having virial = 0.
Radial descriptor with a cutoff of 8 A:
    Minimum number of neighbors for one atom = 165.
    Maximum number of neighbors for one atom = 235.
Angular descriptor with a cutoff of 6 A:
    Minimum number of neighbors for one atom = 63.
    Maximum number of neighbors for one atom = 102.
---------------------------------------------------------------


---------------------------------------------------------------
Constructing train_set in device  3.
Total number of atoms = 4800.
Number of atoms in the largest configuration = 192.
Number of configurations having virial = 0.
Radial descriptor with a cutoff of 8 A:
    Minimum number of neighbors for one atom = 165.
    Maximum number of neighbors for one atom = 235.
Angular descriptor with a cutoff of 6 A:
    Minimum number of neighbors for one atom = 63.
    Maximum number of neighbors for one atom = 102.
---------------------------------------------------------------


Batch 36:
Number of configurations = 25.

---------------------------------------------------------------
Constructing train_set in device  0.
Total number of atoms = 4800.
Number of atoms in the largest configuration = 192.
Number of configurations having virial = 0.
Radial descriptor with a cutoff of 8 A:
    Minimum number of neighbors for one atom = 168.
    Maximum number of neighbors for one atom = 235.
Angular descriptor with a cutoff of 6 A:
    Minimum number of neighbors for one atom = 62.
    Maximum number of neighbors for one atom = 102.
---------------------------------------------------------------


---------------------------------------------------------------
Constructing train_set in device  1.
Total number of atoms = 4800.
Number of atoms in the largest configuration = 192.
Number of configurations having virial = 0.
Radial descriptor with a cutoff of 8 A:
    Minimum number of neighbors for one atom = 168.
    Maximum number of neighbors for one atom = 235.
Angular descriptor with a cutoff of 6 A:
    Minimum number of neighbors for one atom = 62.
    Maximum number of neighbors for one atom = 102.
---------------------------------------------------------------


---------------------------------------------------------------
Constructing train_set in device  2.
Total number of atoms = 4800.
Number of atoms in the largest configuration = 192.
Number of configurations having virial = 0.
Radial descriptor with a cutoff of 8 A:
    Minimum number of neighbors for one atom = 168.
    Maximum number of neighbors for one atom = 235.
Angular descriptor with a cutoff of 6 A:
    Minimum number of neighbors for one atom = 62.
    Maximum number of neighbors for one atom = 102.
---------------------------------------------------------------


---------------------------------------------------------------
Constructing train_set in device  3.
Total number of atoms = 4800.
Number of atoms in the largest configuration = 192.
Number of configurations having virial = 0.
Radial descriptor with a cutoff of 8 A:
    Minimum number of neighbors for one atom = 168.
    Maximum number of neighbors for one atom = 235.
Angular descriptor with a cutoff of 6 A:
    Minimum number of neighbors for one atom = 62.
    Maximum number of neighbors for one atom = 102.
---------------------------------------------------------------


Batch 37:
Number of configurations = 25.

---------------------------------------------------------------
Constructing train_set in device  0.
Total number of atoms = 4800.
Number of atoms in the largest configuration = 192.
Number of configurations having virial = 0.
Radial descriptor with a cutoff of 8 A:
    Minimum number of neighbors for one atom = 165.
    Maximum number of neighbors for one atom = 234.
Angular descriptor with a cutoff of 6 A:
    Minimum number of neighbors for one atom = 65.
    Maximum number of neighbors for one atom = 102.
---------------------------------------------------------------


---------------------------------------------------------------
Constructing train_set in device  1.
Total number of atoms = 4800.
Number of atoms in the largest configuration = 192.
Number of configurations having virial = 0.
Radial descriptor with a cutoff of 8 A:
    Minimum number of neighbors for one atom = 165.
    Maximum number of neighbors for one atom = 234.
Angular descriptor with a cutoff of 6 A:
    Minimum number of neighbors for one atom = 65.
    Maximum number of neighbors for one atom = 102.
---------------------------------------------------------------


---------------------------------------------------------------
Constructing train_set in device  2.
Total number of atoms = 4800.
Number of atoms in the largest configuration = 192.
Number of configurations having virial = 0.
Radial descriptor with a cutoff of 8 A:
    Minimum number of neighbors for one atom = 165.
    Maximum number of neighbors for one atom = 234.
Angular descriptor with a cutoff of 6 A:
    Minimum number of neighbors for one atom = 65.
    Maximum number of neighbors for one atom = 102.
---------------------------------------------------------------


---------------------------------------------------------------
Constructing train_set in device  3.
Total number of atoms = 4800.
Number of atoms in the largest configuration = 192.
Number of configurations having virial = 0.
Radial descriptor with a cutoff of 8 A:
    Minimum number of neighbors for one atom = 165.
    Maximum number of neighbors for one atom = 234.
Angular descriptor with a cutoff of 6 A:
    Minimum number of neighbors for one atom = 65.
    Maximum number of neighbors for one atom = 102.
---------------------------------------------------------------


Batch 38:
Number of configurations = 25.

---------------------------------------------------------------
Constructing train_set in device  0.
Total number of atoms = 4800.
Number of atoms in the largest configuration = 192.
Number of configurations having virial = 0.
Radial descriptor with a cutoff of 8 A:
    Minimum number of neighbors for one atom = 165.
    Maximum number of neighbors for one atom = 234.
Angular descriptor with a cutoff of 6 A:
    Minimum number of neighbors for one atom = 62.
    Maximum number of neighbors for one atom = 104.
---------------------------------------------------------------


---------------------------------------------------------------
Constructing train_set in device  1.
Total number of atoms = 4800.
Number of atoms in the largest configuration = 192.
Number of configurations having virial = 0.
Radial descriptor with a cutoff of 8 A:
    Minimum number of neighbors for one atom = 165.
    Maximum number of neighbors for one atom = 234.
Angular descriptor with a cutoff of 6 A:
    Minimum number of neighbors for one atom = 62.
    Maximum number of neighbors for one atom = 104.
---------------------------------------------------------------


---------------------------------------------------------------
Constructing train_set in device  2.
Total number of atoms = 4800.
Number of atoms in the largest configuration = 192.
Number of configurations having virial = 0.
Radial descriptor with a cutoff of 8 A:
    Minimum number of neighbors for one atom = 165.
    Maximum number of neighbors for one atom = 234.
Angular descriptor with a cutoff of 6 A:
    Minimum number of neighbors for one atom = 62.
    Maximum number of neighbors for one atom = 104.
---------------------------------------------------------------


---------------------------------------------------------------
Constructing train_set in device  3.
Total number of atoms = 4800.
Number of atoms in the largest configuration = 192.
Number of configurations having virial = 0.
Radial descriptor with a cutoff of 8 A:
    Minimum number of neighbors for one atom = 165.
    Maximum number of neighbors for one atom = 234.
Angular descriptor with a cutoff of 6 A:
    Minimum number of neighbors for one atom = 62.
    Maximum number of neighbors for one atom = 104.
---------------------------------------------------------------


Batch 39:
Number of configurations = 25.

---------------------------------------------------------------
Constructing train_set in device  0.
Total number of atoms = 4800.
Number of atoms in the largest configuration = 192.
Number of configurations having virial = 0.
Radial descriptor with a cutoff of 8 A:
    Minimum number of neighbors for one atom = 162.
    Maximum number of neighbors for one atom = 233.
Angular descriptor with a cutoff of 6 A:
    Minimum number of neighbors for one atom = 63.
    Maximum number of neighbors for one atom = 103.
---------------------------------------------------------------


---------------------------------------------------------------
Constructing train_set in device  1.
Total number of atoms = 4800.
Number of atoms in the largest configuration = 192.
Number of configurations having virial = 0.
Radial descriptor with a cutoff of 8 A:
    Minimum number of neighbors for one atom = 162.
    Maximum number of neighbors for one atom = 233.
Angular descriptor with a cutoff of 6 A:
    Minimum number of neighbors for one atom = 63.
    Maximum number of neighbors for one atom = 103.
---------------------------------------------------------------


---------------------------------------------------------------
Constructing train_set in device  2.
Total number of atoms = 4800.
Number of atoms in the largest configuration = 192.
Number of configurations having virial = 0.
Radial descriptor with a cutoff of 8 A:
    Minimum number of neighbors for one atom = 162.
    Maximum number of neighbors for one atom = 233.
Angular descriptor with a cutoff of 6 A:
    Minimum number of neighbors for one atom = 63.
    Maximum number of neighbors for one atom = 103.
---------------------------------------------------------------


---------------------------------------------------------------
Constructing train_set in device  3.
Total number of atoms = 4800.
Number of atoms in the largest configuration = 192.
Number of configurations having virial = 0.
Radial descriptor with a cutoff of 8 A:
    Minimum number of neighbors for one atom = 162.
    Maximum number of neighbors for one atom = 233.
Angular descriptor with a cutoff of 6 A:
    Minimum number of neighbors for one atom = 63.
    Maximum number of neighbors for one atom = 103.
---------------------------------------------------------------


Batch 40:
Number of configurations = 25.

---------------------------------------------------------------
Constructing train_set in device  0.
Total number of atoms = 4800.
Number of atoms in the largest configuration = 192.
Number of configurations having virial = 0.
Radial descriptor with a cutoff of 8 A:
    Minimum number of neighbors for one atom = 156.
    Maximum number of neighbors for one atom = 234.
Angular descriptor with a cutoff of 6 A:
    Minimum number of neighbors for one atom = 63.
    Maximum number of neighbors for one atom = 100.
---------------------------------------------------------------


---------------------------------------------------------------
Constructing train_set in device  1.
Total number of atoms = 4800.
Number of atoms in the largest configuration = 192.
Number of configurations having virial = 0.
Radial descriptor with a cutoff of 8 A:
    Minimum number of neighbors for one atom = 156.
    Maximum number of neighbors for one atom = 234.
Angular descriptor with a cutoff of 6 A:
    Minimum number of neighbors for one atom = 63.
    Maximum number of neighbors for one atom = 100.
---------------------------------------------------------------


---------------------------------------------------------------
Constructing train_set in device  2.
Total number of atoms = 4800.
Number of atoms in the largest configuration = 192.
Number of configurations having virial = 0.
Radial descriptor with a cutoff of 8 A:
    Minimum number of neighbors for one atom = 156.
    Maximum number of neighbors for one atom = 234.
Angular descriptor with a cutoff of 6 A:
    Minimum number of neighbors for one atom = 63.
    Maximum number of neighbors for one atom = 100.
---------------------------------------------------------------


---------------------------------------------------------------
Constructing train_set in device  3.
Total number of atoms = 4800.
Number of atoms in the largest configuration = 192.
Number of configurations having virial = 0.
Radial descriptor with a cutoff of 8 A:
    Minimum number of neighbors for one atom = 156.
    Maximum number of neighbors for one atom = 234.
Angular descriptor with a cutoff of 6 A:
    Minimum number of neighbors for one atom = 63.
    Maximum number of neighbors for one atom = 100.
---------------------------------------------------------------


Batch 41:
Number of configurations = 25.

---------------------------------------------------------------
Constructing train_set in device  0.
Total number of atoms = 4800.
Number of atoms in the largest configuration = 192.
Number of configurations having virial = 0.
Radial descriptor with a cutoff of 8 A:
    Minimum number of neighbors for one atom = 156.
    Maximum number of neighbors for one atom = 233.
Angular descriptor with a cutoff of 6 A:
    Minimum number of neighbors for one atom = 61.
    Maximum number of neighbors for one atom = 100.
---------------------------------------------------------------


---------------------------------------------------------------
Constructing train_set in device  1.
Total number of atoms = 4800.
Number of atoms in the largest configuration = 192.
Number of configurations having virial = 0.
Radial descriptor with a cutoff of 8 A:
    Minimum number of neighbors for one atom = 156.
    Maximum number of neighbors for one atom = 233.
Angular descriptor with a cutoff of 6 A:
    Minimum number of neighbors for one atom = 61.
    Maximum number of neighbors for one atom = 100.
---------------------------------------------------------------


---------------------------------------------------------------
Constructing train_set in device  2.
Total number of atoms = 4800.
Number of atoms in the largest configuration = 192.
Number of configurations having virial = 0.
Radial descriptor with a cutoff of 8 A:
    Minimum number of neighbors for one atom = 156.
    Maximum number of neighbors for one atom = 233.
Angular descriptor with a cutoff of 6 A:
    Minimum number of neighbors for one atom = 61.
    Maximum number of neighbors for one atom = 100.
---------------------------------------------------------------


---------------------------------------------------------------
Constructing train_set in device  3.
Total number of atoms = 4800.
Number of atoms in the largest configuration = 192.
Number of configurations having virial = 0.
Radial descriptor with a cutoff of 8 A:
    Minimum number of neighbors for one atom = 156.
    Maximum number of neighbors for one atom = 233.
Angular descriptor with a cutoff of 6 A:
    Minimum number of neighbors for one atom = 61.
    Maximum number of neighbors for one atom = 100.
---------------------------------------------------------------


Batch 42:
Number of configurations = 25.

---------------------------------------------------------------
Constructing train_set in device  0.
Total number of atoms = 4800.
Number of atoms in the largest configuration = 192.
Number of configurations having virial = 0.
Radial descriptor with a cutoff of 8 A:
    Minimum number of neighbors for one atom = 163.
    Maximum number of neighbors for one atom = 233.
Angular descriptor with a cutoff of 6 A:
    Minimum number of neighbors for one atom = 60.
    Maximum number of neighbors for one atom = 98.
---------------------------------------------------------------


---------------------------------------------------------------
Constructing train_set in device  1.
Total number of atoms = 4800.
Number of atoms in the largest configuration = 192.
Number of configurations having virial = 0.
Radial descriptor with a cutoff of 8 A:
    Minimum number of neighbors for one atom = 163.
    Maximum number of neighbors for one atom = 233.
Angular descriptor with a cutoff of 6 A:
    Minimum number of neighbors for one atom = 60.
    Maximum number of neighbors for one atom = 98.
---------------------------------------------------------------


---------------------------------------------------------------
Constructing train_set in device  2.
Total number of atoms = 4800.
Number of atoms in the largest configuration = 192.
Number of configurations having virial = 0.
Radial descriptor with a cutoff of 8 A:
    Minimum number of neighbors for one atom = 163.
    Maximum number of neighbors for one atom = 233.
Angular descriptor with a cutoff of 6 A:
    Minimum number of neighbors for one atom = 60.
    Maximum number of neighbors for one atom = 98.
---------------------------------------------------------------


---------------------------------------------------------------
Constructing train_set in device  3.
Total number of atoms = 4800.
Number of atoms in the largest configuration = 192.
Number of configurations having virial = 0.
Radial descriptor with a cutoff of 8 A:
    Minimum number of neighbors for one atom = 163.
    Maximum number of neighbors for one atom = 233.
Angular descriptor with a cutoff of 6 A:
    Minimum number of neighbors for one atom = 60.
    Maximum number of neighbors for one atom = 98.
---------------------------------------------------------------


Batch 43:
Number of configurations = 25.

---------------------------------------------------------------
Constructing train_set in device  0.
Total number of atoms = 4800.
Number of atoms in the largest configuration = 192.
Number of configurations having virial = 0.
Radial descriptor with a cutoff of 8 A:
    Minimum number of neighbors for one atom = 147.
    Maximum number of neighbors for one atom = 233.
Angular descriptor with a cutoff of 6 A:
    Minimum number of neighbors for one atom = 54.
    Maximum number of neighbors for one atom = 103.
---------------------------------------------------------------


---------------------------------------------------------------
Constructing train_set in device  1.
Total number of atoms = 4800.
Number of atoms in the largest configuration = 192.
Number of configurations having virial = 0.
Radial descriptor with a cutoff of 8 A:
    Minimum number of neighbors for one atom = 147.
    Maximum number of neighbors for one atom = 233.
Angular descriptor with a cutoff of 6 A:
    Minimum number of neighbors for one atom = 54.
    Maximum number of neighbors for one atom = 103.
---------------------------------------------------------------


---------------------------------------------------------------
Constructing train_set in device  2.
Total number of atoms = 4800.
Number of atoms in the largest configuration = 192.
Number of configurations having virial = 0.
Radial descriptor with a cutoff of 8 A:
    Minimum number of neighbors for one atom = 147.
    Maximum number of neighbors for one atom = 233.
Angular descriptor with a cutoff of 6 A:
    Minimum number of neighbors for one atom = 54.
    Maximum number of neighbors for one atom = 103.
---------------------------------------------------------------


---------------------------------------------------------------
Constructing train_set in device  3.
Total number of atoms = 4800.
Number of atoms in the largest configuration = 192.
Number of configurations having virial = 0.
Radial descriptor with a cutoff of 8 A:
    Minimum number of neighbors for one atom = 147.
    Maximum number of neighbors for one atom = 233.
Angular descriptor with a cutoff of 6 A:
    Minimum number of neighbors for one atom = 54.
    Maximum number of neighbors for one atom = 103.
---------------------------------------------------------------


Batch 44:
Number of configurations = 25.

---------------------------------------------------------------
Constructing train_set in device  0.
Total number of atoms = 4800.
Number of atoms in the largest configuration = 192.
Number of configurations having virial = 0.
Radial descriptor with a cutoff of 8 A:
    Minimum number of neighbors for one atom = 169.
    Maximum number of neighbors for one atom = 235.
Angular descriptor with a cutoff of 6 A:
    Minimum number of neighbors for one atom = 65.
    Maximum number of neighbors for one atom = 104.
---------------------------------------------------------------


---------------------------------------------------------------
Constructing train_set in device  1.
Total number of atoms = 4800.
Number of atoms in the largest configuration = 192.
Number of configurations having virial = 0.
Radial descriptor with a cutoff of 8 A:
    Minimum number of neighbors for one atom = 169.
    Maximum number of neighbors for one atom = 235.
Angular descriptor with a cutoff of 6 A:
    Minimum number of neighbors for one atom = 65.
    Maximum number of neighbors for one atom = 104.
---------------------------------------------------------------


---------------------------------------------------------------
Constructing train_set in device  2.
Total number of atoms = 4800.
Number of atoms in the largest configuration = 192.
Number of configurations having virial = 0.
Radial descriptor with a cutoff of 8 A:
    Minimum number of neighbors for one atom = 169.
    Maximum number of neighbors for one atom = 235.
Angular descriptor with a cutoff of 6 A:
    Minimum number of neighbors for one atom = 65.
    Maximum number of neighbors for one atom = 104.
---------------------------------------------------------------


---------------------------------------------------------------
Constructing train_set in device  3.
Total number of atoms = 4800.
Number of atoms in the largest configuration = 192.
Number of configurations having virial = 0.
Radial descriptor with a cutoff of 8 A:
    Minimum number of neighbors for one atom = 169.
    Maximum number of neighbors for one atom = 235.
Angular descriptor with a cutoff of 6 A:
    Minimum number of neighbors for one atom = 65.
    Maximum number of neighbors for one atom = 104.
---------------------------------------------------------------


Batch 45:
Number of configurations = 25.

---------------------------------------------------------------
Constructing train_set in device  0.
Total number of atoms = 4800.
Number of atoms in the largest configuration = 192.
Number of configurations having virial = 0.
Radial descriptor with a cutoff of 8 A:
    Minimum number of neighbors for one atom = 164.
    Maximum number of neighbors for one atom = 235.
Angular descriptor with a cutoff of 6 A:
    Minimum number of neighbors for one atom = 58.
    Maximum number of neighbors for one atom = 100.
---------------------------------------------------------------


---------------------------------------------------------------
Constructing train_set in device  1.
Total number of atoms = 4800.
Number of atoms in the largest configuration = 192.
Number of configurations having virial = 0.
Radial descriptor with a cutoff of 8 A:
    Minimum number of neighbors for one atom = 164.
    Maximum number of neighbors for one atom = 235.
Angular descriptor with a cutoff of 6 A:
    Minimum number of neighbors for one atom = 58.
    Maximum number of neighbors for one atom = 100.
---------------------------------------------------------------


---------------------------------------------------------------
Constructing train_set in device  2.
Total number of atoms = 4800.
Number of atoms in the largest configuration = 192.
Number of configurations having virial = 0.
Radial descriptor with a cutoff of 8 A:
    Minimum number of neighbors for one atom = 164.
    Maximum number of neighbors for one atom = 235.
Angular descriptor with a cutoff of 6 A:
    Minimum number of neighbors for one atom = 58.
    Maximum number of neighbors for one atom = 100.
---------------------------------------------------------------


---------------------------------------------------------------
Constructing train_set in device  3.
Total number of atoms = 4800.
Number of atoms in the largest configuration = 192.
Number of configurations having virial = 0.
Radial descriptor with a cutoff of 8 A:
    Minimum number of neighbors for one atom = 164.
    Maximum number of neighbors for one atom = 235.
Angular descriptor with a cutoff of 6 A:
    Minimum number of neighbors for one atom = 58.
    Maximum number of neighbors for one atom = 100.
---------------------------------------------------------------


Batch 46:
Number of configurations = 25.

---------------------------------------------------------------
Constructing train_set in device  0.
Total number of atoms = 4800.
Number of atoms in the largest configuration = 192.
Number of configurations having virial = 0.
Radial descriptor with a cutoff of 8 A:
    Minimum number of neighbors for one atom = 164.
    Maximum number of neighbors for one atom = 234.
Angular descriptor with a cutoff of 6 A:
    Minimum number of neighbors for one atom = 60.
    Maximum number of neighbors for one atom = 100.
---------------------------------------------------------------


---------------------------------------------------------------
Constructing train_set in device  1.
Total number of atoms = 4800.
Number of atoms in the largest configuration = 192.
Number of configurations having virial = 0.
Radial descriptor with a cutoff of 8 A:
    Minimum number of neighbors for one atom = 164.
    Maximum number of neighbors for one atom = 234.
Angular descriptor with a cutoff of 6 A:
    Minimum number of neighbors for one atom = 60.
    Maximum number of neighbors for one atom = 100.
---------------------------------------------------------------


---------------------------------------------------------------
Constructing train_set in device  2.
Total number of atoms = 4800.
Number of atoms in the largest configuration = 192.
Number of configurations having virial = 0.
Radial descriptor with a cutoff of 8 A:
    Minimum number of neighbors for one atom = 164.
    Maximum number of neighbors for one atom = 234.
Angular descriptor with a cutoff of 6 A:
    Minimum number of neighbors for one atom = 60.
    Maximum number of neighbors for one atom = 100.
---------------------------------------------------------------


---------------------------------------------------------------
Constructing train_set in device  3.
Total number of atoms = 4800.
Number of atoms in the largest configuration = 192.
Number of configurations having virial = 0.
Radial descriptor with a cutoff of 8 A:
    Minimum number of neighbors for one atom = 164.
    Maximum number of neighbors for one atom = 234.
Angular descriptor with a cutoff of 6 A:
    Minimum number of neighbors for one atom = 60.
    Maximum number of neighbors for one atom = 100.
---------------------------------------------------------------


Batch 47:
Number of configurations = 25.

---------------------------------------------------------------
Constructing train_set in device  0.
Total number of atoms = 4800.
Number of atoms in the largest configuration = 192.
Number of configurations having virial = 0.
Radial descriptor with a cutoff of 8 A:
    Minimum number of neighbors for one atom = 171.
    Maximum number of neighbors for one atom = 234.
Angular descriptor with a cutoff of 6 A:
    Minimum number of neighbors for one atom = 67.
    Maximum number of neighbors for one atom = 104.
---------------------------------------------------------------


---------------------------------------------------------------
Constructing train_set in device  1.
Total number of atoms = 4800.
Number of atoms in the largest configuration = 192.
Number of configurations having virial = 0.
Radial descriptor with a cutoff of 8 A:
    Minimum number of neighbors for one atom = 171.
    Maximum number of neighbors for one atom = 234.
Angular descriptor with a cutoff of 6 A:
    Minimum number of neighbors for one atom = 67.
    Maximum number of neighbors for one atom = 104.
---------------------------------------------------------------


---------------------------------------------------------------
Constructing train_set in device  2.
Total number of atoms = 4800.
Number of atoms in the largest configuration = 192.
Number of configurations having virial = 0.
Radial descriptor with a cutoff of 8 A:
    Minimum number of neighbors for one atom = 171.
    Maximum number of neighbors for one atom = 234.
Angular descriptor with a cutoff of 6 A:
    Minimum number of neighbors for one atom = 67.
    Maximum number of neighbors for one atom = 104.
---------------------------------------------------------------


---------------------------------------------------------------
Constructing train_set in device  3.
Total number of atoms = 4800.
Number of atoms in the largest configuration = 192.
Number of configurations having virial = 0.
Radial descriptor with a cutoff of 8 A:
    Minimum number of neighbors for one atom = 171.
    Maximum number of neighbors for one atom = 234.
Angular descriptor with a cutoff of 6 A:
    Minimum number of neighbors for one atom = 67.
    Maximum number of neighbors for one atom = 104.
---------------------------------------------------------------


Batch 48:
Number of configurations = 25.

---------------------------------------------------------------
Constructing train_set in device  0.
Total number of atoms = 4800.
Number of atoms in the largest configuration = 192.
Number of configurations having virial = 0.
Radial descriptor with a cutoff of 8 A:
    Minimum number of neighbors for one atom = 171.
    Maximum number of neighbors for one atom = 237.
Angular descriptor with a cutoff of 6 A:
    Minimum number of neighbors for one atom = 64.
    Maximum number of neighbors for one atom = 102.
---------------------------------------------------------------


---------------------------------------------------------------
Constructing train_set in device  1.
Total number of atoms = 4800.
Number of atoms in the largest configuration = 192.
Number of configurations having virial = 0.
Radial descriptor with a cutoff of 8 A:
    Minimum number of neighbors for one atom = 171.
    Maximum number of neighbors for one atom = 237.
Angular descriptor with a cutoff of 6 A:
    Minimum number of neighbors for one atom = 64.
    Maximum number of neighbors for one atom = 102.
---------------------------------------------------------------


---------------------------------------------------------------
Constructing train_set in device  2.
Total number of atoms = 4800.
Number of atoms in the largest configuration = 192.
Number of configurations having virial = 0.
Radial descriptor with a cutoff of 8 A:
    Minimum number of neighbors for one atom = 171.
    Maximum number of neighbors for one atom = 237.
Angular descriptor with a cutoff of 6 A:
    Minimum number of neighbors for one atom = 64.
    Maximum number of neighbors for one atom = 102.
---------------------------------------------------------------


---------------------------------------------------------------
Constructing train_set in device  3.
Total number of atoms = 4800.
Number of atoms in the largest configuration = 192.
Number of configurations having virial = 0.
Radial descriptor with a cutoff of 8 A:
    Minimum number of neighbors for one atom = 171.
    Maximum number of neighbors for one atom = 237.
Angular descriptor with a cutoff of 6 A:
    Minimum number of neighbors for one atom = 64.
    Maximum number of neighbors for one atom = 102.
---------------------------------------------------------------


Batch 49:
Number of configurations = 25.

---------------------------------------------------------------
Constructing train_set in device  0.
Total number of atoms = 4800.
Number of atoms in the largest configuration = 192.
Number of configurations having virial = 0.
Radial descriptor with a cutoff of 8 A:
    Minimum number of neighbors for one atom = 156.
    Maximum number of neighbors for one atom = 234.
Angular descriptor with a cutoff of 6 A:
    Minimum number of neighbors for one atom = 60.
    Maximum number of neighbors for one atom = 102.
---------------------------------------------------------------


---------------------------------------------------------------
Constructing train_set in device  1.
Total number of atoms = 4800.
Number of atoms in the largest configuration = 192.
Number of configurations having virial = 0.
Radial descriptor with a cutoff of 8 A:
    Minimum number of neighbors for one atom = 156.
    Maximum number of neighbors for one atom = 234.
Angular descriptor with a cutoff of 6 A:
    Minimum number of neighbors for one atom = 60.
    Maximum number of neighbors for one atom = 102.
---------------------------------------------------------------


---------------------------------------------------------------
Constructing train_set in device  2.
Total number of atoms = 4800.
Number of atoms in the largest configuration = 192.
Number of configurations having virial = 0.
Radial descriptor with a cutoff of 8 A:
    Minimum number of neighbors for one atom = 156.
    Maximum number of neighbors for one atom = 234.
Angular descriptor with a cutoff of 6 A:
    Minimum number of neighbors for one atom = 60.
    Maximum number of neighbors for one atom = 102.
---------------------------------------------------------------


---------------------------------------------------------------
Constructing train_set in device  3.
Total number of atoms = 4800.
Number of atoms in the largest configuration = 192.
Number of configurations having virial = 0.
Radial descriptor with a cutoff of 8 A:
    Minimum number of neighbors for one atom = 156.
    Maximum number of neighbors for one atom = 234.
Angular descriptor with a cutoff of 6 A:
    Minimum number of neighbors for one atom = 60.
    Maximum number of neighbors for one atom = 102.
---------------------------------------------------------------


Batch 50:
Number of configurations = 25.

---------------------------------------------------------------
Constructing train_set in device  0.
Total number of atoms = 4800.
Number of atoms in the largest configuration = 192.
Number of configurations having virial = 0.
Radial descriptor with a cutoff of 8 A:
    Minimum number of neighbors for one atom = 161.
    Maximum number of neighbors for one atom = 235.
Angular descriptor with a cutoff of 6 A:
    Minimum number of neighbors for one atom = 62.
    Maximum number of neighbors for one atom = 100.
---------------------------------------------------------------


---------------------------------------------------------------
Constructing train_set in device  1.
Total number of atoms = 4800.
Number of atoms in the largest configuration = 192.
Number of configurations having virial = 0.
Radial descriptor with a cutoff of 8 A:
    Minimum number of neighbors for one atom = 161.
    Maximum number of neighbors for one atom = 235.
Angular descriptor with a cutoff of 6 A:
    Minimum number of neighbors for one atom = 62.
    Maximum number of neighbors for one atom = 100.
---------------------------------------------------------------


---------------------------------------------------------------
Constructing train_set in device  2.
Total number of atoms = 4800.
Number of atoms in the largest configuration = 192.
Number of configurations having virial = 0.
Radial descriptor with a cutoff of 8 A:
    Minimum number of neighbors for one atom = 161.
    Maximum number of neighbors for one atom = 235.
Angular descriptor with a cutoff of 6 A:
    Minimum number of neighbors for one atom = 62.
    Maximum number of neighbors for one atom = 100.
---------------------------------------------------------------


---------------------------------------------------------------
Constructing train_set in device  3.
Total number of atoms = 4800.
Number of atoms in the largest configuration = 192.
Number of configurations having virial = 0.
Radial descriptor with a cutoff of 8 A:
    Minimum number of neighbors for one atom = 161.
    Maximum number of neighbors for one atom = 235.
Angular descriptor with a cutoff of 6 A:
    Minimum number of neighbors for one atom = 62.
    Maximum number of neighbors for one atom = 100.
---------------------------------------------------------------


Batch 51:
Number of configurations = 25.

---------------------------------------------------------------
Constructing train_set in device  0.
Total number of atoms = 4800.
Number of atoms in the largest configuration = 192.
Number of configurations having virial = 0.
Radial descriptor with a cutoff of 8 A:
    Minimum number of neighbors for one atom = 161.
    Maximum number of neighbors for one atom = 234.
Angular descriptor with a cutoff of 6 A:
    Minimum number of neighbors for one atom = 62.
    Maximum number of neighbors for one atom = 102.
---------------------------------------------------------------


---------------------------------------------------------------
Constructing train_set in device  1.
Total number of atoms = 4800.
Number of atoms in the largest configuration = 192.
Number of configurations having virial = 0.
Radial descriptor with a cutoff of 8 A:
    Minimum number of neighbors for one atom = 161.
    Maximum number of neighbors for one atom = 234.
Angular descriptor with a cutoff of 6 A:
    Minimum number of neighbors for one atom = 62.
    Maximum number of neighbors for one atom = 102.
---------------------------------------------------------------


---------------------------------------------------------------
Constructing train_set in device  2.
Total number of atoms = 4800.
Number of atoms in the largest configuration = 192.
Number of configurations having virial = 0.
Radial descriptor with a cutoff of 8 A:
    Minimum number of neighbors for one atom = 161.
    Maximum number of neighbors for one atom = 234.
Angular descriptor with a cutoff of 6 A:
    Minimum number of neighbors for one atom = 62.
    Maximum number of neighbors for one atom = 102.
---------------------------------------------------------------


---------------------------------------------------------------
Constructing train_set in device  3.
Total number of atoms = 4800.
Number of atoms in the largest configuration = 192.
Number of configurations having virial = 0.
Radial descriptor with a cutoff of 8 A:
    Minimum number of neighbors for one atom = 161.
    Maximum number of neighbors for one atom = 234.
Angular descriptor with a cutoff of 6 A:
    Minimum number of neighbors for one atom = 62.
    Maximum number of neighbors for one atom = 102.
---------------------------------------------------------------


Batch 52:
Number of configurations = 25.

---------------------------------------------------------------
Constructing train_set in device  0.
Total number of atoms = 4800.
Number of atoms in the largest configuration = 192.
Number of configurations having virial = 0.
Radial descriptor with a cutoff of 8 A:
    Minimum number of neighbors for one atom = 167.
    Maximum number of neighbors for one atom = 234.
Angular descriptor with a cutoff of 6 A:
    Minimum number of neighbors for one atom = 64.
    Maximum number of neighbors for one atom = 100.
---------------------------------------------------------------


---------------------------------------------------------------
Constructing train_set in device  1.
Total number of atoms = 4800.
Number of atoms in the largest configuration = 192.
Number of configurations having virial = 0.
Radial descriptor with a cutoff of 8 A:
    Minimum number of neighbors for one atom = 167.
    Maximum number of neighbors for one atom = 234.
Angular descriptor with a cutoff of 6 A:
    Minimum number of neighbors for one atom = 64.
    Maximum number of neighbors for one atom = 100.
---------------------------------------------------------------


---------------------------------------------------------------
Constructing train_set in device  2.
Total number of atoms = 4800.
Number of atoms in the largest configuration = 192.
Number of configurations having virial = 0.
Radial descriptor with a cutoff of 8 A:
    Minimum number of neighbors for one atom = 167.
    Maximum number of neighbors for one atom = 234.
Angular descriptor with a cutoff of 6 A:
    Minimum number of neighbors for one atom = 64.
    Maximum number of neighbors for one atom = 100.
---------------------------------------------------------------


---------------------------------------------------------------
Constructing train_set in device  3.
Total number of atoms = 4800.
Number of atoms in the largest configuration = 192.
Number of configurations having virial = 0.
Radial descriptor with a cutoff of 8 A:
    Minimum number of neighbors for one atom = 167.
    Maximum number of neighbors for one atom = 234.
Angular descriptor with a cutoff of 6 A:
    Minimum number of neighbors for one atom = 64.
    Maximum number of neighbors for one atom = 100.
---------------------------------------------------------------


Batch 53:
Number of configurations = 25.

---------------------------------------------------------------
Constructing train_set in device  0.
Total number of atoms = 4800.
Number of atoms in the largest configuration = 192.
Number of configurations having virial = 0.
Radial descriptor with a cutoff of 8 A:
    Minimum number of neighbors for one atom = 164.
    Maximum number of neighbors for one atom = 234.
Angular descriptor with a cutoff of 6 A:
    Minimum number of neighbors for one atom = 62.
    Maximum number of neighbors for one atom = 101.
---------------------------------------------------------------


---------------------------------------------------------------
Constructing train_set in device  1.
Total number of atoms = 4800.
Number of atoms in the largest configuration = 192.
Number of configurations having virial = 0.
Radial descriptor with a cutoff of 8 A:
    Minimum number of neighbors for one atom = 164.
    Maximum number of neighbors for one atom = 234.
Angular descriptor with a cutoff of 6 A:
    Minimum number of neighbors for one atom = 62.
    Maximum number of neighbors for one atom = 101.
---------------------------------------------------------------


---------------------------------------------------------------
Constructing train_set in device  2.
Total number of atoms = 4800.
Number of atoms in the largest configuration = 192.
Number of configurations having virial = 0.
Radial descriptor with a cutoff of 8 A:
    Minimum number of neighbors for one atom = 164.
    Maximum number of neighbors for one atom = 234.
Angular descriptor with a cutoff of 6 A:
    Minimum number of neighbors for one atom = 62.
    Maximum number of neighbors for one atom = 101.
---------------------------------------------------------------


---------------------------------------------------------------
Constructing train_set in device  3.
Total number of atoms = 4800.
Number of atoms in the largest configuration = 192.
Number of configurations having virial = 0.
Radial descriptor with a cutoff of 8 A:
    Minimum number of neighbors for one atom = 164.
    Maximum number of neighbors for one atom = 234.
Angular descriptor with a cutoff of 6 A:
    Minimum number of neighbors for one atom = 62.
    Maximum number of neighbors for one atom = 101.
---------------------------------------------------------------


Batch 54:
Number of configurations = 25.

---------------------------------------------------------------
Constructing train_set in device  0.
Total number of atoms = 4800.
Number of atoms in the largest configuration = 192.
Number of configurations having virial = 0.
Radial descriptor with a cutoff of 8 A:
    Minimum number of neighbors for one atom = 168.
    Maximum number of neighbors for one atom = 235.
Angular descriptor with a cutoff of 6 A:
    Minimum number of neighbors for one atom = 61.
    Maximum number of neighbors for one atom = 98.
---------------------------------------------------------------


---------------------------------------------------------------
Constructing train_set in device  1.
Total number of atoms = 4800.
Number of atoms in the largest configuration = 192.
Number of configurations having virial = 0.
Radial descriptor with a cutoff of 8 A:
    Minimum number of neighbors for one atom = 168.
    Maximum number of neighbors for one atom = 235.
Angular descriptor with a cutoff of 6 A:
    Minimum number of neighbors for one atom = 61.
    Maximum number of neighbors for one atom = 98.
---------------------------------------------------------------


---------------------------------------------------------------
Constructing train_set in device  2.
Total number of atoms = 4800.
Number of atoms in the largest configuration = 192.
Number of configurations having virial = 0.
Radial descriptor with a cutoff of 8 A:
    Minimum number of neighbors for one atom = 168.
    Maximum number of neighbors for one atom = 235.
Angular descriptor with a cutoff of 6 A:
    Minimum number of neighbors for one atom = 61.
    Maximum number of neighbors for one atom = 98.
---------------------------------------------------------------


---------------------------------------------------------------
Constructing train_set in device  3.
Total number of atoms = 4800.
Number of atoms in the largest configuration = 192.
Number of configurations having virial = 0.
Radial descriptor with a cutoff of 8 A:
    Minimum number of neighbors for one atom = 168.
    Maximum number of neighbors for one atom = 235.
Angular descriptor with a cutoff of 6 A:
    Minimum number of neighbors for one atom = 61.
    Maximum number of neighbors for one atom = 98.
---------------------------------------------------------------


Batch 55:
Number of configurations = 25.

---------------------------------------------------------------
Constructing train_set in device  0.
Total number of atoms = 4800.
Number of atoms in the largest configuration = 192.
Number of configurations having virial = 0.
Radial descriptor with a cutoff of 8 A:
    Minimum number of neighbors for one atom = 160.
    Maximum number of neighbors for one atom = 235.
Angular descriptor with a cutoff of 6 A:
    Minimum number of neighbors for one atom = 58.
    Maximum number of neighbors for one atom = 98.
---------------------------------------------------------------


---------------------------------------------------------------
Constructing train_set in device  1.
Total number of atoms = 4800.
Number of atoms in the largest configuration = 192.
Number of configurations having virial = 0.
Radial descriptor with a cutoff of 8 A:
    Minimum number of neighbors for one atom = 160.
    Maximum number of neighbors for one atom = 235.
Angular descriptor with a cutoff of 6 A:
    Minimum number of neighbors for one atom = 58.
    Maximum number of neighbors for one atom = 98.
---------------------------------------------------------------


---------------------------------------------------------------
Constructing train_set in device  2.
Total number of atoms = 4800.
Number of atoms in the largest configuration = 192.
Number of configurations having virial = 0.
Radial descriptor with a cutoff of 8 A:
    Minimum number of neighbors for one atom = 160.
    Maximum number of neighbors for one atom = 235.
Angular descriptor with a cutoff of 6 A:
    Minimum number of neighbors for one atom = 58.
    Maximum number of neighbors for one atom = 98.
---------------------------------------------------------------


---------------------------------------------------------------
Constructing train_set in device  3.
Total number of atoms = 4800.
Number of atoms in the largest configuration = 192.
Number of configurations having virial = 0.
Radial descriptor with a cutoff of 8 A:
    Minimum number of neighbors for one atom = 160.
    Maximum number of neighbors for one atom = 235.
Angular descriptor with a cutoff of 6 A:
    Minimum number of neighbors for one atom = 58.
    Maximum number of neighbors for one atom = 98.
---------------------------------------------------------------


Batch 56:
Number of configurations = 25.

---------------------------------------------------------------
Constructing train_set in device  0.
Total number of atoms = 4800.
Number of atoms in the largest configuration = 192.
Number of configurations having virial = 0.
Radial descriptor with a cutoff of 8 A:
    Minimum number of neighbors for one atom = 168.
    Maximum number of neighbors for one atom = 237.
Angular descriptor with a cutoff of 6 A:
    Minimum number of neighbors for one atom = 64.
    Maximum number of neighbors for one atom = 104.
---------------------------------------------------------------


---------------------------------------------------------------
Constructing train_set in device  1.
Total number of atoms = 4800.
Number of atoms in the largest configuration = 192.
Number of configurations having virial = 0.
Radial descriptor with a cutoff of 8 A:
    Minimum number of neighbors for one atom = 168.
    Maximum number of neighbors for one atom = 237.
Angular descriptor with a cutoff of 6 A:
    Minimum number of neighbors for one atom = 64.
    Maximum number of neighbors for one atom = 104.
---------------------------------------------------------------


---------------------------------------------------------------
Constructing train_set in device  2.
Total number of atoms = 4800.
Number of atoms in the largest configuration = 192.
Number of configurations having virial = 0.
Radial descriptor with a cutoff of 8 A:
    Minimum number of neighbors for one atom = 168.
    Maximum number of neighbors for one atom = 237.
Angular descriptor with a cutoff of 6 A:
    Minimum number of neighbors for one atom = 64.
    Maximum number of neighbors for one atom = 104.
---------------------------------------------------------------


---------------------------------------------------------------
Constructing train_set in device  3.
Total number of atoms = 4800.
Number of atoms in the largest configuration = 192.
Number of configurations having virial = 0.
Radial descriptor with a cutoff of 8 A:
    Minimum number of neighbors for one atom = 168.
    Maximum number of neighbors for one atom = 237.
Angular descriptor with a cutoff of 6 A:
    Minimum number of neighbors for one atom = 64.
    Maximum number of neighbors for one atom = 104.
---------------------------------------------------------------


Batch 57:
Number of configurations = 25.

---------------------------------------------------------------
Constructing train_set in device  0.
Total number of atoms = 4800.
Number of atoms in the largest configuration = 192.
Number of configurations having virial = 0.
Radial descriptor with a cutoff of 8 A:
    Minimum number of neighbors for one atom = 165.
    Maximum number of neighbors for one atom = 235.
Angular descriptor with a cutoff of 6 A:
    Minimum number of neighbors for one atom = 60.
    Maximum number of neighbors for one atom = 99.
---------------------------------------------------------------


---------------------------------------------------------------
Constructing train_set in device  1.
Total number of atoms = 4800.
Number of atoms in the largest configuration = 192.
Number of configurations having virial = 0.
Radial descriptor with a cutoff of 8 A:
    Minimum number of neighbors for one atom = 165.
    Maximum number of neighbors for one atom = 235.
Angular descriptor with a cutoff of 6 A:
    Minimum number of neighbors for one atom = 60.
    Maximum number of neighbors for one atom = 99.
---------------------------------------------------------------


---------------------------------------------------------------
Constructing train_set in device  2.
Total number of atoms = 4800.
Number of atoms in the largest configuration = 192.
Number of configurations having virial = 0.
Radial descriptor with a cutoff of 8 A:
    Minimum number of neighbors for one atom = 165.
    Maximum number of neighbors for one atom = 235.
Angular descriptor with a cutoff of 6 A:
    Minimum number of neighbors for one atom = 60.
    Maximum number of neighbors for one atom = 99.
---------------------------------------------------------------


---------------------------------------------------------------
Constructing train_set in device  3.
Total number of atoms = 4800.
Number of atoms in the largest configuration = 192.
Number of configurations having virial = 0.
Radial descriptor with a cutoff of 8 A:
    Minimum number of neighbors for one atom = 165.
    Maximum number of neighbors for one atom = 235.
Angular descriptor with a cutoff of 6 A:
    Minimum number of neighbors for one atom = 60.
    Maximum number of neighbors for one atom = 99.
---------------------------------------------------------------


Batch 58:
Number of configurations = 25.

---------------------------------------------------------------
Constructing train_set in device  0.
Total number of atoms = 4800.
Number of atoms in the largest configuration = 192.
Number of configurations having virial = 0.
Radial descriptor with a cutoff of 8 A:
    Minimum number of neighbors for one atom = 156.
    Maximum number of neighbors for one atom = 234.
Angular descriptor with a cutoff of 6 A:
    Minimum number of neighbors for one atom = 59.
    Maximum number of neighbors for one atom = 101.
---------------------------------------------------------------


---------------------------------------------------------------
Constructing train_set in device  1.
Total number of atoms = 4800.
Number of atoms in the largest configuration = 192.
Number of configurations having virial = 0.
Radial descriptor with a cutoff of 8 A:
    Minimum number of neighbors for one atom = 156.
    Maximum number of neighbors for one atom = 234.
Angular descriptor with a cutoff of 6 A:
    Minimum number of neighbors for one atom = 59.
    Maximum number of neighbors for one atom = 101.
---------------------------------------------------------------


---------------------------------------------------------------
Constructing train_set in device  2.
Total number of atoms = 4800.
Number of atoms in the largest configuration = 192.
Number of configurations having virial = 0.
Radial descriptor with a cutoff of 8 A:
    Minimum number of neighbors for one atom = 156.
    Maximum number of neighbors for one atom = 234.
Angular descriptor with a cutoff of 6 A:
    Minimum number of neighbors for one atom = 59.
    Maximum number of neighbors for one atom = 101.
---------------------------------------------------------------


---------------------------------------------------------------
Constructing train_set in device  3.
Total number of atoms = 4800.
Number of atoms in the largest configuration = 192.
Number of configurations having virial = 0.
Radial descriptor with a cutoff of 8 A:
    Minimum number of neighbors for one atom = 156.
    Maximum number of neighbors for one atom = 234.
Angular descriptor with a cutoff of 6 A:
    Minimum number of neighbors for one atom = 59.
    Maximum number of neighbors for one atom = 101.
---------------------------------------------------------------


Batch 59:
Number of configurations = 25.

---------------------------------------------------------------
Constructing train_set in device  0.
Total number of atoms = 4800.
Number of atoms in the largest configuration = 192.
Number of configurations having virial = 0.
Radial descriptor with a cutoff of 8 A:
    Minimum number of neighbors for one atom = 156.
    Maximum number of neighbors for one atom = 234.
Angular descriptor with a cutoff of 6 A:
    Minimum number of neighbors for one atom = 54.
    Maximum number of neighbors for one atom = 100.
---------------------------------------------------------------


---------------------------------------------------------------
Constructing train_set in device  1.
Total number of atoms = 4800.
Number of atoms in the largest configuration = 192.
Number of configurations having virial = 0.
Radial descriptor with a cutoff of 8 A:
    Minimum number of neighbors for one atom = 156.
    Maximum number of neighbors for one atom = 234.
Angular descriptor with a cutoff of 6 A:
    Minimum number of neighbors for one atom = 54.
    Maximum number of neighbors for one atom = 100.
---------------------------------------------------------------


---------------------------------------------------------------
Constructing train_set in device  2.
Total number of atoms = 4800.
Number of atoms in the largest configuration = 192.
Number of configurations having virial = 0.
Radial descriptor with a cutoff of 8 A:
    Minimum number of neighbors for one atom = 156.
    Maximum number of neighbors for one atom = 234.
Angular descriptor with a cutoff of 6 A:
    Minimum number of neighbors for one atom = 54.
    Maximum number of neighbors for one atom = 100.
---------------------------------------------------------------


---------------------------------------------------------------
Constructing train_set in device  3.
Total number of atoms = 4800.
Number of atoms in the largest configuration = 192.
Number of configurations having virial = 0.
Radial descriptor with a cutoff of 8 A:
    Minimum number of neighbors for one atom = 156.
    Maximum number of neighbors for one atom = 234.
Angular descriptor with a cutoff of 6 A:
    Minimum number of neighbors for one atom = 54.
    Maximum number of neighbors for one atom = 100.
---------------------------------------------------------------


Batch 60:
Number of configurations = 25.

---------------------------------------------------------------
Constructing train_set in device  0.
Total number of atoms = 4800.
Number of atoms in the largest configuration = 192.
Number of configurations having virial = 0.
Radial descriptor with a cutoff of 8 A:
    Minimum number of neighbors for one atom = 156.
    Maximum number of neighbors for one atom = 234.
Angular descriptor with a cutoff of 6 A:
    Minimum number of neighbors for one atom = 59.
    Maximum number of neighbors for one atom = 104.
---------------------------------------------------------------


---------------------------------------------------------------
Constructing train_set in device  1.
Total number of atoms = 4800.
Number of atoms in the largest configuration = 192.
Number of configurations having virial = 0.
Radial descriptor with a cutoff of 8 A:
    Minimum number of neighbors for one atom = 156.
    Maximum number of neighbors for one atom = 234.
Angular descriptor with a cutoff of 6 A:
    Minimum number of neighbors for one atom = 59.
    Maximum number of neighbors for one atom = 104.
---------------------------------------------------------------


---------------------------------------------------------------
Constructing train_set in device  2.
Total number of atoms = 4800.
Number of atoms in the largest configuration = 192.
Number of configurations having virial = 0.
Radial descriptor with a cutoff of 8 A:
    Minimum number of neighbors for one atom = 156.
    Maximum number of neighbors for one atom = 234.
Angular descriptor with a cutoff of 6 A:
    Minimum number of neighbors for one atom = 59.
    Maximum number of neighbors for one atom = 104.
---------------------------------------------------------------


---------------------------------------------------------------
Constructing train_set in device  3.
Total number of atoms = 4800.
Number of atoms in the largest configuration = 192.
Number of configurations having virial = 0.
Radial descriptor with a cutoff of 8 A:
    Minimum number of neighbors for one atom = 156.
    Maximum number of neighbors for one atom = 234.
Angular descriptor with a cutoff of 6 A:
    Minimum number of neighbors for one atom = 59.
    Maximum number of neighbors for one atom = 104.
---------------------------------------------------------------


Batch 61:
Number of configurations = 25.

---------------------------------------------------------------
Constructing train_set in device  0.
Total number of atoms = 4800.
Number of atoms in the largest configuration = 192.
Number of configurations having virial = 0.
Radial descriptor with a cutoff of 8 A:
    Minimum number of neighbors for one atom = 164.
    Maximum number of neighbors for one atom = 234.
Angular descriptor with a cutoff of 6 A:
    Minimum number of neighbors for one atom = 62.
    Maximum number of neighbors for one atom = 101.
---------------------------------------------------------------


---------------------------------------------------------------
Constructing train_set in device  1.
Total number of atoms = 4800.
Number of atoms in the largest configuration = 192.
Number of configurations having virial = 0.
Radial descriptor with a cutoff of 8 A:
    Minimum number of neighbors for one atom = 164.
    Maximum number of neighbors for one atom = 234.
Angular descriptor with a cutoff of 6 A:
    Minimum number of neighbors for one atom = 62.
    Maximum number of neighbors for one atom = 101.
---------------------------------------------------------------


---------------------------------------------------------------
Constructing train_set in device  2.
Total number of atoms = 4800.
Number of atoms in the largest configuration = 192.
Number of configurations having virial = 0.
Radial descriptor with a cutoff of 8 A:
    Minimum number of neighbors for one atom = 164.
    Maximum number of neighbors for one atom = 234.
Angular descriptor with a cutoff of 6 A:
    Minimum number of neighbors for one atom = 62.
    Maximum number of neighbors for one atom = 101.
---------------------------------------------------------------


---------------------------------------------------------------
Constructing train_set in device  3.
Total number of atoms = 4800.
Number of atoms in the largest configuration = 192.
Number of configurations having virial = 0.
Radial descriptor with a cutoff of 8 A:
    Minimum number of neighbors for one atom = 164.
    Maximum number of neighbors for one atom = 234.
Angular descriptor with a cutoff of 6 A:
    Minimum number of neighbors for one atom = 62.
    Maximum number of neighbors for one atom = 101.
---------------------------------------------------------------


Batch 62:
Number of configurations = 25.

---------------------------------------------------------------
Constructing train_set in device  0.
Total number of atoms = 4800.
Number of atoms in the largest configuration = 192.
Number of configurations having virial = 0.
Radial descriptor with a cutoff of 8 A:
    Minimum number of neighbors for one atom = 168.
    Maximum number of neighbors for one atom = 234.
Angular descriptor with a cutoff of 6 A:
    Minimum number of neighbors for one atom = 67.
    Maximum number of neighbors for one atom = 98.
---------------------------------------------------------------


---------------------------------------------------------------
Constructing train_set in device  1.
Total number of atoms = 4800.
Number of atoms in the largest configuration = 192.
Number of configurations having virial = 0.
Radial descriptor with a cutoff of 8 A:
    Minimum number of neighbors for one atom = 168.
    Maximum number of neighbors for one atom = 234.
Angular descriptor with a cutoff of 6 A:
    Minimum number of neighbors for one atom = 67.
    Maximum number of neighbors for one atom = 98.
---------------------------------------------------------------


---------------------------------------------------------------
Constructing train_set in device  2.
Total number of atoms = 4800.
Number of atoms in the largest configuration = 192.
Number of configurations having virial = 0.
Radial descriptor with a cutoff of 8 A:
    Minimum number of neighbors for one atom = 168.
    Maximum number of neighbors for one atom = 234.
Angular descriptor with a cutoff of 6 A:
    Minimum number of neighbors for one atom = 67.
    Maximum number of neighbors for one atom = 98.
---------------------------------------------------------------


---------------------------------------------------------------
Constructing train_set in device  3.
Total number of atoms = 4800.
Number of atoms in the largest configuration = 192.
Number of configurations having virial = 0.
Radial descriptor with a cutoff of 8 A:
    Minimum number of neighbors for one atom = 168.
    Maximum number of neighbors for one atom = 234.
Angular descriptor with a cutoff of 6 A:
    Minimum number of neighbors for one atom = 67.
    Maximum number of neighbors for one atom = 98.
---------------------------------------------------------------


Batch 63:
Number of configurations = 25.

---------------------------------------------------------------
Constructing train_set in device  0.
Total number of atoms = 4800.
Number of atoms in the largest configuration = 192.
Number of configurations having virial = 0.
Radial descriptor with a cutoff of 8 A:
    Minimum number of neighbors for one atom = 166.
    Maximum number of neighbors for one atom = 235.
Angular descriptor with a cutoff of 6 A:
    Minimum number of neighbors for one atom = 63.
    Maximum number of neighbors for one atom = 105.
---------------------------------------------------------------


---------------------------------------------------------------
Constructing train_set in device  1.
Total number of atoms = 4800.
Number of atoms in the largest configuration = 192.
Number of configurations having virial = 0.
Radial descriptor with a cutoff of 8 A:
    Minimum number of neighbors for one atom = 166.
    Maximum number of neighbors for one atom = 235.
Angular descriptor with a cutoff of 6 A:
    Minimum number of neighbors for one atom = 63.
    Maximum number of neighbors for one atom = 105.
---------------------------------------------------------------


---------------------------------------------------------------
Constructing train_set in device  2.
Total number of atoms = 4800.
Number of atoms in the largest configuration = 192.
Number of configurations having virial = 0.
Radial descriptor with a cutoff of 8 A:
    Minimum number of neighbors for one atom = 166.
    Maximum number of neighbors for one atom = 235.
Angular descriptor with a cutoff of 6 A:
    Minimum number of neighbors for one atom = 63.
    Maximum number of neighbors for one atom = 105.
---------------------------------------------------------------


---------------------------------------------------------------
Constructing train_set in device  3.
Total number of atoms = 4800.
Number of atoms in the largest configuration = 192.
Number of configurations having virial = 0.
Radial descriptor with a cutoff of 8 A:
    Minimum number of neighbors for one atom = 166.
    Maximum number of neighbors for one atom = 235.
Angular descriptor with a cutoff of 6 A:
    Minimum number of neighbors for one atom = 63.
    Maximum number of neighbors for one atom = 105.
---------------------------------------------------------------


Batch 64:
Number of configurations = 25.

---------------------------------------------------------------
Constructing train_set in device  0.
Total number of atoms = 4800.
Number of atoms in the largest configuration = 192.
Number of configurations having virial = 0.
Radial descriptor with a cutoff of 8 A:
    Minimum number of neighbors for one atom = 157.
    Maximum number of neighbors for one atom = 234.
Angular descriptor with a cutoff of 6 A:
    Minimum number of neighbors for one atom = 60.
    Maximum number of neighbors for one atom = 101.
---------------------------------------------------------------


---------------------------------------------------------------
Constructing train_set in device  1.
Total number of atoms = 4800.
Number of atoms in the largest configuration = 192.
Number of configurations having virial = 0.
Radial descriptor with a cutoff of 8 A:
    Minimum number of neighbors for one atom = 157.
    Maximum number of neighbors for one atom = 234.
Angular descriptor with a cutoff of 6 A:
    Minimum number of neighbors for one atom = 60.
    Maximum number of neighbors for one atom = 101.
---------------------------------------------------------------


---------------------------------------------------------------
Constructing train_set in device  2.
Total number of atoms = 4800.
Number of atoms in the largest configuration = 192.
Number of configurations having virial = 0.
Radial descriptor with a cutoff of 8 A:
    Minimum number of neighbors for one atom = 157.
    Maximum number of neighbors for one atom = 234.
Angular descriptor with a cutoff of 6 A:
    Minimum number of neighbors for one atom = 60.
    Maximum number of neighbors for one atom = 101.
---------------------------------------------------------------


---------------------------------------------------------------
Constructing train_set in device  3.
Total number of atoms = 4800.
Number of atoms in the largest configuration = 192.
Number of configurations having virial = 0.
Radial descriptor with a cutoff of 8 A:
    Minimum number of neighbors for one atom = 157.
    Maximum number of neighbors for one atom = 234.
Angular descriptor with a cutoff of 6 A:
    Minimum number of neighbors for one atom = 60.
    Maximum number of neighbors for one atom = 101.
---------------------------------------------------------------


Batch 65:
Number of configurations = 25.

---------------------------------------------------------------
Constructing train_set in device  0.
Total number of atoms = 4800.
Number of atoms in the largest configuration = 192.
Number of configurations having virial = 0.
Radial descriptor with a cutoff of 8 A:
    Minimum number of neighbors for one atom = 160.
    Maximum number of neighbors for one atom = 236.
Angular descriptor with a cutoff of 6 A:
    Minimum number of neighbors for one atom = 56.
    Maximum number of neighbors for one atom = 103.
---------------------------------------------------------------


---------------------------------------------------------------
Constructing train_set in device  1.
Total number of atoms = 4800.
Number of atoms in the largest configuration = 192.
Number of configurations having virial = 0.
Radial descriptor with a cutoff of 8 A:
    Minimum number of neighbors for one atom = 160.
    Maximum number of neighbors for one atom = 236.
Angular descriptor with a cutoff of 6 A:
    Minimum number of neighbors for one atom = 56.
    Maximum number of neighbors for one atom = 103.
---------------------------------------------------------------


---------------------------------------------------------------
Constructing train_set in device  2.
Total number of atoms = 4800.
Number of atoms in the largest configuration = 192.
Number of configurations having virial = 0.
Radial descriptor with a cutoff of 8 A:
    Minimum number of neighbors for one atom = 160.
    Maximum number of neighbors for one atom = 236.
Angular descriptor with a cutoff of 6 A:
    Minimum number of neighbors for one atom = 56.
    Maximum number of neighbors for one atom = 103.
---------------------------------------------------------------


---------------------------------------------------------------
Constructing train_set in device  3.
Total number of atoms = 4800.
Number of atoms in the largest configuration = 192.
Number of configurations having virial = 0.
Radial descriptor with a cutoff of 8 A:
    Minimum number of neighbors for one atom = 160.
    Maximum number of neighbors for one atom = 236.
Angular descriptor with a cutoff of 6 A:
    Minimum number of neighbors for one atom = 56.
    Maximum number of neighbors for one atom = 103.
---------------------------------------------------------------


Batch 66:
Number of configurations = 25.

---------------------------------------------------------------
Constructing train_set in device  0.
Total number of atoms = 4800.
Number of atoms in the largest configuration = 192.
Number of configurations having virial = 0.
Radial descriptor with a cutoff of 8 A:
    Minimum number of neighbors for one atom = 155.
    Maximum number of neighbors for one atom = 234.
Angular descriptor with a cutoff of 6 A:
    Minimum number of neighbors for one atom = 60.
    Maximum number of neighbors for one atom = 104.
---------------------------------------------------------------


---------------------------------------------------------------
Constructing train_set in device  1.
Total number of atoms = 4800.
Number of atoms in the largest configuration = 192.
Number of configurations having virial = 0.
Radial descriptor with a cutoff of 8 A:
    Minimum number of neighbors for one atom = 155.
    Maximum number of neighbors for one atom = 234.
Angular descriptor with a cutoff of 6 A:
    Minimum number of neighbors for one atom = 60.
    Maximum number of neighbors for one atom = 104.
---------------------------------------------------------------


---------------------------------------------------------------
Constructing train_set in device  2.
Total number of atoms = 4800.
Number of atoms in the largest configuration = 192.
Number of configurations having virial = 0.
Radial descriptor with a cutoff of 8 A:
    Minimum number of neighbors for one atom = 155.
    Maximum number of neighbors for one atom = 234.
Angular descriptor with a cutoff of 6 A:
    Minimum number of neighbors for one atom = 60.
    Maximum number of neighbors for one atom = 104.
---------------------------------------------------------------


---------------------------------------------------------------
Constructing train_set in device  3.
Total number of atoms = 4800.
Number of atoms in the largest configuration = 192.
Number of configurations having virial = 0.
Radial descriptor with a cutoff of 8 A:
    Minimum number of neighbors for one atom = 155.
    Maximum number of neighbors for one atom = 234.
Angular descriptor with a cutoff of 6 A:
    Minimum number of neighbors for one atom = 60.
    Maximum number of neighbors for one atom = 104.
---------------------------------------------------------------


Batch 67:
Number of configurations = 25.

---------------------------------------------------------------
Constructing train_set in device  0.
Total number of atoms = 4800.
Number of atoms in the largest configuration = 192.
Number of configurations having virial = 0.
Radial descriptor with a cutoff of 8 A:
    Minimum number of neighbors for one atom = 158.
    Maximum number of neighbors for one atom = 234.
Angular descriptor with a cutoff of 6 A:
    Minimum number of neighbors for one atom = 56.
    Maximum number of neighbors for one atom = 101.
---------------------------------------------------------------


---------------------------------------------------------------
Constructing train_set in device  1.
Total number of atoms = 4800.
Number of atoms in the largest configuration = 192.
Number of configurations having virial = 0.
Radial descriptor with a cutoff of 8 A:
    Minimum number of neighbors for one atom = 158.
    Maximum number of neighbors for one atom = 234.
Angular descriptor with a cutoff of 6 A:
    Minimum number of neighbors for one atom = 56.
    Maximum number of neighbors for one atom = 101.
---------------------------------------------------------------


---------------------------------------------------------------
Constructing train_set in device  2.
Total number of atoms = 4800.
Number of atoms in the largest configuration = 192.
Number of configurations having virial = 0.
Radial descriptor with a cutoff of 8 A:
    Minimum number of neighbors for one atom = 158.
    Maximum number of neighbors for one atom = 234.
Angular descriptor with a cutoff of 6 A:
    Minimum number of neighbors for one atom = 56.
    Maximum number of neighbors for one atom = 101.
---------------------------------------------------------------


---------------------------------------------------------------
Constructing train_set in device  3.
Total number of atoms = 4800.
Number of atoms in the largest configuration = 192.
Number of configurations having virial = 0.
Radial descriptor with a cutoff of 8 A:
    Minimum number of neighbors for one atom = 158.
    Maximum number of neighbors for one atom = 234.
Angular descriptor with a cutoff of 6 A:
    Minimum number of neighbors for one atom = 56.
    Maximum number of neighbors for one atom = 101.
---------------------------------------------------------------


Batch 68:
Number of configurations = 25.

---------------------------------------------------------------
Constructing train_set in device  0.
Total number of atoms = 4800.
Number of atoms in the largest configuration = 192.
Number of configurations having virial = 0.
Radial descriptor with a cutoff of 8 A:
    Minimum number of neighbors for one atom = 166.
    Maximum number of neighbors for one atom = 235.
Angular descriptor with a cutoff of 6 A:
    Minimum number of neighbors for one atom = 63.
    Maximum number of neighbors for one atom = 103.
---------------------------------------------------------------


---------------------------------------------------------------
Constructing train_set in device  1.
Total number of atoms = 4800.
Number of atoms in the largest configuration = 192.
Number of configurations having virial = 0.
Radial descriptor with a cutoff of 8 A:
    Minimum number of neighbors for one atom = 166.
    Maximum number of neighbors for one atom = 235.
Angular descriptor with a cutoff of 6 A:
    Minimum number of neighbors for one atom = 63.
    Maximum number of neighbors for one atom = 103.
---------------------------------------------------------------


---------------------------------------------------------------
Constructing train_set in device  2.
Total number of atoms = 4800.
Number of atoms in the largest configuration = 192.
Number of configurations having virial = 0.
Radial descriptor with a cutoff of 8 A:
    Minimum number of neighbors for one atom = 166.
    Maximum number of neighbors for one atom = 235.
Angular descriptor with a cutoff of 6 A:
    Minimum number of neighbors for one atom = 63.
    Maximum number of neighbors for one atom = 103.
---------------------------------------------------------------


---------------------------------------------------------------
Constructing train_set in device  3.
Total number of atoms = 4800.
Number of atoms in the largest configuration = 192.
Number of configurations having virial = 0.
Radial descriptor with a cutoff of 8 A:
    Minimum number of neighbors for one atom = 166.
    Maximum number of neighbors for one atom = 235.
Angular descriptor with a cutoff of 6 A:
    Minimum number of neighbors for one atom = 63.
    Maximum number of neighbors for one atom = 103.
---------------------------------------------------------------


Batch 69:
Number of configurations = 25.

---------------------------------------------------------------
Constructing train_set in device  0.
Total number of atoms = 4800.
Number of atoms in the largest configuration = 192.
Number of configurations having virial = 0.
Radial descriptor with a cutoff of 8 A:
    Minimum number of neighbors for one atom = 147.
    Maximum number of neighbors for one atom = 234.
Angular descriptor with a cutoff of 6 A:
    Minimum number of neighbors for one atom = 56.
    Maximum number of neighbors for one atom = 102.
---------------------------------------------------------------


---------------------------------------------------------------
Constructing train_set in device  1.
Total number of atoms = 4800.
Number of atoms in the largest configuration = 192.
Number of configurations having virial = 0.
Radial descriptor with a cutoff of 8 A:
    Minimum number of neighbors for one atom = 147.
    Maximum number of neighbors for one atom = 234.
Angular descriptor with a cutoff of 6 A:
    Minimum number of neighbors for one atom = 56.
    Maximum number of neighbors for one atom = 102.
---------------------------------------------------------------


---------------------------------------------------------------
Constructing train_set in device  2.
Total number of atoms = 4800.
Number of atoms in the largest configuration = 192.
Number of configurations having virial = 0.
Radial descriptor with a cutoff of 8 A:
    Minimum number of neighbors for one atom = 147.
    Maximum number of neighbors for one atom = 234.
Angular descriptor with a cutoff of 6 A:
    Minimum number of neighbors for one atom = 56.
    Maximum number of neighbors for one atom = 102.
---------------------------------------------------------------


---------------------------------------------------------------
Constructing train_set in device  3.
Total number of atoms = 4800.
Number of atoms in the largest configuration = 192.
Number of configurations having virial = 0.
Radial descriptor with a cutoff of 8 A:
    Minimum number of neighbors for one atom = 147.
    Maximum number of neighbors for one atom = 234.
Angular descriptor with a cutoff of 6 A:
    Minimum number of neighbors for one atom = 56.
    Maximum number of neighbors for one atom = 102.
---------------------------------------------------------------


Batch 70:
Number of configurations = 25.

---------------------------------------------------------------
Constructing train_set in device  0.
Total number of atoms = 4800.
Number of atoms in the largest configuration = 192.
Number of configurations having virial = 0.
Radial descriptor with a cutoff of 8 A:
    Minimum number of neighbors for one atom = 150.
    Maximum number of neighbors for one atom = 234.
Angular descriptor with a cutoff of 6 A:
    Minimum number of neighbors for one atom = 53.
    Maximum number of neighbors for one atom = 104.
---------------------------------------------------------------


---------------------------------------------------------------
Constructing train_set in device  1.
Total number of atoms = 4800.
Number of atoms in the largest configuration = 192.
Number of configurations having virial = 0.
Radial descriptor with a cutoff of 8 A:
    Minimum number of neighbors for one atom = 150.
    Maximum number of neighbors for one atom = 234.
Angular descriptor with a cutoff of 6 A:
    Minimum number of neighbors for one atom = 53.
    Maximum number of neighbors for one atom = 104.
---------------------------------------------------------------


---------------------------------------------------------------
Constructing train_set in device  2.
Total number of atoms = 4800.
Number of atoms in the largest configuration = 192.
Number of configurations having virial = 0.
Radial descriptor with a cutoff of 8 A:
    Minimum number of neighbors for one atom = 150.
    Maximum number of neighbors for one atom = 234.
Angular descriptor with a cutoff of 6 A:
    Minimum number of neighbors for one atom = 53.
    Maximum number of neighbors for one atom = 104.
---------------------------------------------------------------


---------------------------------------------------------------
Constructing train_set in device  3.
Total number of atoms = 4800.
Number of atoms in the largest configuration = 192.
Number of configurations having virial = 0.
Radial descriptor with a cutoff of 8 A:
    Minimum number of neighbors for one atom = 150.
    Maximum number of neighbors for one atom = 234.
Angular descriptor with a cutoff of 6 A:
    Minimum number of neighbors for one atom = 53.
    Maximum number of neighbors for one atom = 104.
---------------------------------------------------------------


Batch 71:
Number of configurations = 25.

---------------------------------------------------------------
Constructing train_set in device  0.
Total number of atoms = 4800.
Number of atoms in the largest configuration = 192.
Number of configurations having virial = 0.
Radial descriptor with a cutoff of 8 A:
    Minimum number of neighbors for one atom = 165.
    Maximum number of neighbors for one atom = 235.
Angular descriptor with a cutoff of 6 A:
    Minimum number of neighbors for one atom = 64.
    Maximum number of neighbors for one atom = 103.
---------------------------------------------------------------


---------------------------------------------------------------
Constructing train_set in device  1.
Total number of atoms = 4800.
Number of atoms in the largest configuration = 192.
Number of configurations having virial = 0.
Radial descriptor with a cutoff of 8 A:
    Minimum number of neighbors for one atom = 165.
    Maximum number of neighbors for one atom = 235.
Angular descriptor with a cutoff of 6 A:
    Minimum number of neighbors for one atom = 64.
    Maximum number of neighbors for one atom = 103.
---------------------------------------------------------------


---------------------------------------------------------------
Constructing train_set in device  2.
Total number of atoms = 4800.
Number of atoms in the largest configuration = 192.
Number of configurations having virial = 0.
Radial descriptor with a cutoff of 8 A:
    Minimum number of neighbors for one atom = 165.
    Maximum number of neighbors for one atom = 235.
Angular descriptor with a cutoff of 6 A:
    Minimum number of neighbors for one atom = 64.
    Maximum number of neighbors for one atom = 103.
---------------------------------------------------------------


---------------------------------------------------------------
Constructing train_set in device  3.
Total number of atoms = 4800.
Number of atoms in the largest configuration = 192.
Number of configurations having virial = 0.
Radial descriptor with a cutoff of 8 A:
    Minimum number of neighbors for one atom = 165.
    Maximum number of neighbors for one atom = 235.
Angular descriptor with a cutoff of 6 A:
    Minimum number of neighbors for one atom = 64.
    Maximum number of neighbors for one atom = 103.
---------------------------------------------------------------


Batch 72:
Number of configurations = 25.

---------------------------------------------------------------
Constructing train_set in device  0.
Total number of atoms = 4800.
Number of atoms in the largest configuration = 192.
Number of configurations having virial = 0.
Radial descriptor with a cutoff of 8 A:
    Minimum number of neighbors for one atom = 146.
    Maximum number of neighbors for one atom = 233.
Angular descriptor with a cutoff of 6 A:
    Minimum number of neighbors for one atom = 53.
    Maximum number of neighbors for one atom = 100.
---------------------------------------------------------------


---------------------------------------------------------------
Constructing train_set in device  1.
Total number of atoms = 4800.
Number of atoms in the largest configuration = 192.
Number of configurations having virial = 0.
Radial descriptor with a cutoff of 8 A:
    Minimum number of neighbors for one atom = 146.
    Maximum number of neighbors for one atom = 233.
Angular descriptor with a cutoff of 6 A:
    Minimum number of neighbors for one atom = 53.
    Maximum number of neighbors for one atom = 100.
---------------------------------------------------------------


---------------------------------------------------------------
Constructing train_set in device  2.
Total number of atoms = 4800.
Number of atoms in the largest configuration = 192.
Number of configurations having virial = 0.
Radial descriptor with a cutoff of 8 A:
    Minimum number of neighbors for one atom = 146.
    Maximum number of neighbors for one atom = 233.
Angular descriptor with a cutoff of 6 A:
    Minimum number of neighbors for one atom = 53.
    Maximum number of neighbors for one atom = 100.
---------------------------------------------------------------


---------------------------------------------------------------
Constructing train_set in device  3.
Total number of atoms = 4800.
Number of atoms in the largest configuration = 192.
Number of configurations having virial = 0.
Radial descriptor with a cutoff of 8 A:
    Minimum number of neighbors for one atom = 146.
    Maximum number of neighbors for one atom = 233.
Angular descriptor with a cutoff of 6 A:
    Minimum number of neighbors for one atom = 53.
    Maximum number of neighbors for one atom = 100.
---------------------------------------------------------------


Batch 73:
Number of configurations = 25.

---------------------------------------------------------------
Constructing train_set in device  0.
Total number of atoms = 4800.
Number of atoms in the largest configuration = 192.
Number of configurations having virial = 0.
Radial descriptor with a cutoff of 8 A:
    Minimum number of neighbors for one atom = 158.
    Maximum number of neighbors for one atom = 235.
Angular descriptor with a cutoff of 6 A:
    Minimum number of neighbors for one atom = 58.
    Maximum number of neighbors for one atom = 103.
---------------------------------------------------------------


---------------------------------------------------------------
Constructing train_set in device  1.
Total number of atoms = 4800.
Number of atoms in the largest configuration = 192.
Number of configurations having virial = 0.
Radial descriptor with a cutoff of 8 A:
    Minimum number of neighbors for one atom = 158.
    Maximum number of neighbors for one atom = 235.
Angular descriptor with a cutoff of 6 A:
    Minimum number of neighbors for one atom = 58.
    Maximum number of neighbors for one atom = 103.
---------------------------------------------------------------


---------------------------------------------------------------
Constructing train_set in device  2.
Total number of atoms = 4800.
Number of atoms in the largest configuration = 192.
Number of configurations having virial = 0.
Radial descriptor with a cutoff of 8 A:
    Minimum number of neighbors for one atom = 158.
    Maximum number of neighbors for one atom = 235.
Angular descriptor with a cutoff of 6 A:
    Minimum number of neighbors for one atom = 58.
    Maximum number of neighbors for one atom = 103.
---------------------------------------------------------------


---------------------------------------------------------------
Constructing train_set in device  3.
Total number of atoms = 4800.
Number of atoms in the largest configuration = 192.
Number of configurations having virial = 0.
Radial descriptor with a cutoff of 8 A:
    Minimum number of neighbors for one atom = 158.
    Maximum number of neighbors for one atom = 235.
Angular descriptor with a cutoff of 6 A:
    Minimum number of neighbors for one atom = 58.
    Maximum number of neighbors for one atom = 103.
---------------------------------------------------------------


Batch 74:
Number of configurations = 25.

---------------------------------------------------------------
Constructing train_set in device  0.
Total number of atoms = 4800.
Number of atoms in the largest configuration = 192.
Number of configurations having virial = 0.
Radial descriptor with a cutoff of 8 A:
    Minimum number of neighbors for one atom = 161.
    Maximum number of neighbors for one atom = 234.
Angular descriptor with a cutoff of 6 A:
    Minimum number of neighbors for one atom = 58.
    Maximum number of neighbors for one atom = 102.
---------------------------------------------------------------


---------------------------------------------------------------
Constructing train_set in device  1.
Total number of atoms = 4800.
Number of atoms in the largest configuration = 192.
Number of configurations having virial = 0.
Radial descriptor with a cutoff of 8 A:
    Minimum number of neighbors for one atom = 161.
    Maximum number of neighbors for one atom = 234.
Angular descriptor with a cutoff of 6 A:
    Minimum number of neighbors for one atom = 58.
    Maximum number of neighbors for one atom = 102.
---------------------------------------------------------------


---------------------------------------------------------------
Constructing train_set in device  2.
Total number of atoms = 4800.
Number of atoms in the largest configuration = 192.
Number of configurations having virial = 0.
Radial descriptor with a cutoff of 8 A:
    Minimum number of neighbors for one atom = 161.
    Maximum number of neighbors for one atom = 234.
Angular descriptor with a cutoff of 6 A:
    Minimum number of neighbors for one atom = 58.
    Maximum number of neighbors for one atom = 102.
---------------------------------------------------------------


---------------------------------------------------------------
Constructing train_set in device  3.
Total number of atoms = 4800.
Number of atoms in the largest configuration = 192.
Number of configurations having virial = 0.
Radial descriptor with a cutoff of 8 A:
    Minimum number of neighbors for one atom = 161.
    Maximum number of neighbors for one atom = 234.
Angular descriptor with a cutoff of 6 A:
    Minimum number of neighbors for one atom = 58.
    Maximum number of neighbors for one atom = 102.
---------------------------------------------------------------


Batch 75:
Number of configurations = 25.

---------------------------------------------------------------
Constructing train_set in device  0.
Total number of atoms = 4800.
Number of atoms in the largest configuration = 192.
Number of configurations having virial = 0.
Radial descriptor with a cutoff of 8 A:
    Minimum number of neighbors for one atom = 163.
    Maximum number of neighbors for one atom = 235.
Angular descriptor with a cutoff of 6 A:
    Minimum number of neighbors for one atom = 62.
    Maximum number of neighbors for one atom = 101.
---------------------------------------------------------------


---------------------------------------------------------------
Constructing train_set in device  1.
Total number of atoms = 4800.
Number of atoms in the largest configuration = 192.
Number of configurations having virial = 0.
Radial descriptor with a cutoff of 8 A:
    Minimum number of neighbors for one atom = 163.
    Maximum number of neighbors for one atom = 235.
Angular descriptor with a cutoff of 6 A:
    Minimum number of neighbors for one atom = 62.
    Maximum number of neighbors for one atom = 101.
---------------------------------------------------------------


---------------------------------------------------------------
Constructing train_set in device  2.
Total number of atoms = 4800.
Number of atoms in the largest configuration = 192.
Number of configurations having virial = 0.
Radial descriptor with a cutoff of 8 A:
    Minimum number of neighbors for one atom = 163.
    Maximum number of neighbors for one atom = 235.
Angular descriptor with a cutoff of 6 A:
    Minimum number of neighbors for one atom = 62.
    Maximum number of neighbors for one atom = 101.
---------------------------------------------------------------


---------------------------------------------------------------
Constructing train_set in device  3.
Total number of atoms = 4800.
Number of atoms in the largest configuration = 192.
Number of configurations having virial = 0.
Radial descriptor with a cutoff of 8 A:
    Minimum number of neighbors for one atom = 163.
    Maximum number of neighbors for one atom = 235.
Angular descriptor with a cutoff of 6 A:
    Minimum number of neighbors for one atom = 62.
    Maximum number of neighbors for one atom = 101.
---------------------------------------------------------------


Batch 76:
Number of configurations = 25.

---------------------------------------------------------------
Constructing train_set in device  0.
Total number of atoms = 4800.
Number of atoms in the largest configuration = 192.
Number of configurations having virial = 0.
Radial descriptor with a cutoff of 8 A:
    Minimum number of neighbors for one atom = 157.
    Maximum number of neighbors for one atom = 234.
Angular descriptor with a cutoff of 6 A:
    Minimum number of neighbors for one atom = 60.
    Maximum number of neighbors for one atom = 104.
---------------------------------------------------------------


---------------------------------------------------------------
Constructing train_set in device  1.
Total number of atoms = 4800.
Number of atoms in the largest configuration = 192.
Number of configurations having virial = 0.
Radial descriptor with a cutoff of 8 A:
    Minimum number of neighbors for one atom = 157.
    Maximum number of neighbors for one atom = 234.
Angular descriptor with a cutoff of 6 A:
    Minimum number of neighbors for one atom = 60.
    Maximum number of neighbors for one atom = 104.
---------------------------------------------------------------


---------------------------------------------------------------
Constructing train_set in device  2.
Total number of atoms = 4800.
Number of atoms in the largest configuration = 192.
Number of configurations having virial = 0.
Radial descriptor with a cutoff of 8 A:
    Minimum number of neighbors for one atom = 157.
    Maximum number of neighbors for one atom = 234.
Angular descriptor with a cutoff of 6 A:
    Minimum number of neighbors for one atom = 60.
    Maximum number of neighbors for one atom = 104.
---------------------------------------------------------------


---------------------------------------------------------------
Constructing train_set in device  3.
Total number of atoms = 4800.
Number of atoms in the largest configuration = 192.
Number of configurations having virial = 0.
Radial descriptor with a cutoff of 8 A:
    Minimum number of neighbors for one atom = 157.
    Maximum number of neighbors for one atom = 234.
Angular descriptor with a cutoff of 6 A:
    Minimum number of neighbors for one atom = 60.
    Maximum number of neighbors for one atom = 104.
---------------------------------------------------------------


Batch 77:
Number of configurations = 25.

---------------------------------------------------------------
Constructing train_set in device  0.
Total number of atoms = 4800.
Number of atoms in the largest configuration = 192.
Number of configurations having virial = 0.
Radial descriptor with a cutoff of 8 A:
    Minimum number of neighbors for one atom = 160.
    Maximum number of neighbors for one atom = 233.
Angular descriptor with a cutoff of 6 A:
    Minimum number of neighbors for one atom = 63.
    Maximum number of neighbors for one atom = 100.
---------------------------------------------------------------


---------------------------------------------------------------
Constructing train_set in device  1.
Total number of atoms = 4800.
Number of atoms in the largest configuration = 192.
Number of configurations having virial = 0.
Radial descriptor with a cutoff of 8 A:
    Minimum number of neighbors for one atom = 160.
    Maximum number of neighbors for one atom = 233.
Angular descriptor with a cutoff of 6 A:
    Minimum number of neighbors for one atom = 63.
    Maximum number of neighbors for one atom = 100.
---------------------------------------------------------------


---------------------------------------------------------------
Constructing train_set in device  2.
Total number of atoms = 4800.
Number of atoms in the largest configuration = 192.
Number of configurations having virial = 0.
Radial descriptor with a cutoff of 8 A:
    Minimum number of neighbors for one atom = 160.
    Maximum number of neighbors for one atom = 233.
Angular descriptor with a cutoff of 6 A:
    Minimum number of neighbors for one atom = 63.
    Maximum number of neighbors for one atom = 100.
---------------------------------------------------------------


---------------------------------------------------------------
Constructing train_set in device  3.
Total number of atoms = 4800.
Number of atoms in the largest configuration = 192.
Number of configurations having virial = 0.
Radial descriptor with a cutoff of 8 A:
    Minimum number of neighbors for one atom = 160.
    Maximum number of neighbors for one atom = 233.
Angular descriptor with a cutoff of 6 A:
    Minimum number of neighbors for one atom = 63.
    Maximum number of neighbors for one atom = 100.
---------------------------------------------------------------


Batch 78:
Number of configurations = 25.

---------------------------------------------------------------
Constructing train_set in device  0.
Total number of atoms = 4800.
Number of atoms in the largest configuration = 192.
Number of configurations having virial = 0.
Radial descriptor with a cutoff of 8 A:
    Minimum number of neighbors for one atom = 159.
    Maximum number of neighbors for one atom = 234.
Angular descriptor with a cutoff of 6 A:
    Minimum number of neighbors for one atom = 60.
    Maximum number of neighbors for one atom = 99.
---------------------------------------------------------------


---------------------------------------------------------------
Constructing train_set in device  1.
Total number of atoms = 4800.
Number of atoms in the largest configuration = 192.
Number of configurations having virial = 0.
Radial descriptor with a cutoff of 8 A:
    Minimum number of neighbors for one atom = 159.
    Maximum number of neighbors for one atom = 234.
Angular descriptor with a cutoff of 6 A:
    Minimum number of neighbors for one atom = 60.
    Maximum number of neighbors for one atom = 99.
---------------------------------------------------------------


---------------------------------------------------------------
Constructing train_set in device  2.
Total number of atoms = 4800.
Number of atoms in the largest configuration = 192.
Number of configurations having virial = 0.
Radial descriptor with a cutoff of 8 A:
    Minimum number of neighbors for one atom = 159.
    Maximum number of neighbors for one atom = 234.
Angular descriptor with a cutoff of 6 A:
    Minimum number of neighbors for one atom = 60.
    Maximum number of neighbors for one atom = 99.
---------------------------------------------------------------


---------------------------------------------------------------
Constructing train_set in device  3.
Total number of atoms = 4800.
Number of atoms in the largest configuration = 192.
Number of configurations having virial = 0.
Radial descriptor with a cutoff of 8 A:
    Minimum number of neighbors for one atom = 159.
    Maximum number of neighbors for one atom = 234.
Angular descriptor with a cutoff of 6 A:
    Minimum number of neighbors for one atom = 60.
    Maximum number of neighbors for one atom = 99.
---------------------------------------------------------------


Batch 79:
Number of configurations = 25.

---------------------------------------------------------------
Constructing train_set in device  0.
Total number of atoms = 4800.
Number of atoms in the largest configuration = 192.
Number of configurations having virial = 0.
Radial descriptor with a cutoff of 8 A:
    Minimum number of neighbors for one atom = 163.
    Maximum number of neighbors for one atom = 233.
Angular descriptor with a cutoff of 6 A:
    Minimum number of neighbors for one atom = 62.
    Maximum number of neighbors for one atom = 103.
---------------------------------------------------------------


---------------------------------------------------------------
Constructing train_set in device  1.
Total number of atoms = 4800.
Number of atoms in the largest configuration = 192.
Number of configurations having virial = 0.
Radial descriptor with a cutoff of 8 A:
    Minimum number of neighbors for one atom = 163.
    Maximum number of neighbors for one atom = 233.
Angular descriptor with a cutoff of 6 A:
    Minimum number of neighbors for one atom = 62.
    Maximum number of neighbors for one atom = 103.
---------------------------------------------------------------


---------------------------------------------------------------
Constructing train_set in device  2.
Total number of atoms = 4800.
Number of atoms in the largest configuration = 192.
Number of configurations having virial = 0.
Radial descriptor with a cutoff of 8 A:
    Minimum number of neighbors for one atom = 163.
    Maximum number of neighbors for one atom = 233.
Angular descriptor with a cutoff of 6 A:
    Minimum number of neighbors for one atom = 62.
    Maximum number of neighbors for one atom = 103.
---------------------------------------------------------------


---------------------------------------------------------------
Constructing train_set in device  3.
Total number of atoms = 4800.
Number of atoms in the largest configuration = 192.
Number of configurations having virial = 0.
Radial descriptor with a cutoff of 8 A:
    Minimum number of neighbors for one atom = 163.
    Maximum number of neighbors for one atom = 233.
Angular descriptor with a cutoff of 6 A:
    Minimum number of neighbors for one atom = 62.
    Maximum number of neighbors for one atom = 103.
---------------------------------------------------------------


Batch 80:
Number of configurations = 25.

---------------------------------------------------------------
Constructing train_set in device  0.
Total number of atoms = 4800.
Number of atoms in the largest configuration = 192.
Number of configurations having virial = 0.
Radial descriptor with a cutoff of 8 A:
    Minimum number of neighbors for one atom = 163.
    Maximum number of neighbors for one atom = 234.
Angular descriptor with a cutoff of 6 A:
    Minimum number of neighbors for one atom = 64.
    Maximum number of neighbors for one atom = 102.
---------------------------------------------------------------


---------------------------------------------------------------
Constructing train_set in device  1.
Total number of atoms = 4800.
Number of atoms in the largest configuration = 192.
Number of configurations having virial = 0.
Radial descriptor with a cutoff of 8 A:
    Minimum number of neighbors for one atom = 163.
    Maximum number of neighbors for one atom = 234.
Angular descriptor with a cutoff of 6 A:
    Minimum number of neighbors for one atom = 64.
    Maximum number of neighbors for one atom = 102.
---------------------------------------------------------------


---------------------------------------------------------------
Constructing train_set in device  2.
Total number of atoms = 4800.
Number of atoms in the largest configuration = 192.
Number of configurations having virial = 0.
Radial descriptor with a cutoff of 8 A:
    Minimum number of neighbors for one atom = 163.
    Maximum number of neighbors for one atom = 234.
Angular descriptor with a cutoff of 6 A:
    Minimum number of neighbors for one atom = 64.
    Maximum number of neighbors for one atom = 102.
---------------------------------------------------------------


---------------------------------------------------------------
Constructing train_set in device  3.
Total number of atoms = 4800.
Number of atoms in the largest configuration = 192.
Number of configurations having virial = 0.
Radial descriptor with a cutoff of 8 A:
    Minimum number of neighbors for one atom = 163.
    Maximum number of neighbors for one atom = 234.
Angular descriptor with a cutoff of 6 A:
    Minimum number of neighbors for one atom = 64.
    Maximum number of neighbors for one atom = 102.
---------------------------------------------------------------


Batch 81:
Number of configurations = 25.

---------------------------------------------------------------
Constructing train_set in device  0.
Total number of atoms = 4800.
Number of atoms in the largest configuration = 192.
Number of configurations having virial = 0.
Radial descriptor with a cutoff of 8 A:
    Minimum number of neighbors for one atom = 166.
    Maximum number of neighbors for one atom = 241.
Angular descriptor with a cutoff of 6 A:
    Minimum number of neighbors for one atom = 63.
    Maximum number of neighbors for one atom = 104.
---------------------------------------------------------------


---------------------------------------------------------------
Constructing train_set in device  1.
Total number of atoms = 4800.
Number of atoms in the largest configuration = 192.
Number of configurations having virial = 0.
Radial descriptor with a cutoff of 8 A:
    Minimum number of neighbors for one atom = 166.
    Maximum number of neighbors for one atom = 241.
Angular descriptor with a cutoff of 6 A:
    Minimum number of neighbors for one atom = 63.
    Maximum number of neighbors for one atom = 104.
---------------------------------------------------------------


---------------------------------------------------------------
Constructing train_set in device  2.
Total number of atoms = 4800.
Number of atoms in the largest configuration = 192.
Number of configurations having virial = 0.
Radial descriptor with a cutoff of 8 A:
    Minimum number of neighbors for one atom = 166.
    Maximum number of neighbors for one atom = 241.
Angular descriptor with a cutoff of 6 A:
    Minimum number of neighbors for one atom = 63.
    Maximum number of neighbors for one atom = 104.
---------------------------------------------------------------


---------------------------------------------------------------
Constructing train_set in device  3.
Total number of atoms = 4800.
Number of atoms in the largest configuration = 192.
Number of configurations having virial = 0.
Radial descriptor with a cutoff of 8 A:
    Minimum number of neighbors for one atom = 166.
    Maximum number of neighbors for one atom = 241.
Angular descriptor with a cutoff of 6 A:
    Minimum number of neighbors for one atom = 63.
    Maximum number of neighbors for one atom = 104.
---------------------------------------------------------------


Batch 82:
Number of configurations = 25.

---------------------------------------------------------------
Constructing train_set in device  0.
Total number of atoms = 4800.
Number of atoms in the largest configuration = 192.
Number of configurations having virial = 0.
Radial descriptor with a cutoff of 8 A:
    Minimum number of neighbors for one atom = 161.
    Maximum number of neighbors for one atom = 235.
Angular descriptor with a cutoff of 6 A:
    Minimum number of neighbors for one atom = 60.
    Maximum number of neighbors for one atom = 103.
---------------------------------------------------------------


---------------------------------------------------------------
Constructing train_set in device  1.
Total number of atoms = 4800.
Number of atoms in the largest configuration = 192.
Number of configurations having virial = 0.
Radial descriptor with a cutoff of 8 A:
    Minimum number of neighbors for one atom = 161.
    Maximum number of neighbors for one atom = 235.
Angular descriptor with a cutoff of 6 A:
    Minimum number of neighbors for one atom = 60.
    Maximum number of neighbors for one atom = 103.
---------------------------------------------------------------


---------------------------------------------------------------
Constructing train_set in device  2.
Total number of atoms = 4800.
Number of atoms in the largest configuration = 192.
Number of configurations having virial = 0.
Radial descriptor with a cutoff of 8 A:
    Minimum number of neighbors for one atom = 161.
    Maximum number of neighbors for one atom = 235.
Angular descriptor with a cutoff of 6 A:
    Minimum number of neighbors for one atom = 60.
    Maximum number of neighbors for one atom = 103.
---------------------------------------------------------------


---------------------------------------------------------------
Constructing train_set in device  3.
Total number of atoms = 4800.
Number of atoms in the largest configuration = 192.
Number of configurations having virial = 0.
Radial descriptor with a cutoff of 8 A:
    Minimum number of neighbors for one atom = 161.
    Maximum number of neighbors for one atom = 235.
Angular descriptor with a cutoff of 6 A:
    Minimum number of neighbors for one atom = 60.
    Maximum number of neighbors for one atom = 103.
---------------------------------------------------------------


Batch 83:
Number of configurations = 25.

---------------------------------------------------------------
Constructing train_set in device  0.
Total number of atoms = 4800.
Number of atoms in the largest configuration = 192.
Number of configurations having virial = 0.
Radial descriptor with a cutoff of 8 A:
    Minimum number of neighbors for one atom = 165.
    Maximum number of neighbors for one atom = 234.
Angular descriptor with a cutoff of 6 A:
    Minimum number of neighbors for one atom = 63.
    Maximum number of neighbors for one atom = 101.
---------------------------------------------------------------


---------------------------------------------------------------
Constructing train_set in device  1.
Total number of atoms = 4800.
Number of atoms in the largest configuration = 192.
Number of configurations having virial = 0.
Radial descriptor with a cutoff of 8 A:
    Minimum number of neighbors for one atom = 165.
    Maximum number of neighbors for one atom = 234.
Angular descriptor with a cutoff of 6 A:
    Minimum number of neighbors for one atom = 63.
    Maximum number of neighbors for one atom = 101.
---------------------------------------------------------------


---------------------------------------------------------------
Constructing train_set in device  2.
Total number of atoms = 4800.
Number of atoms in the largest configuration = 192.
Number of configurations having virial = 0.
Radial descriptor with a cutoff of 8 A:
    Minimum number of neighbors for one atom = 165.
    Maximum number of neighbors for one atom = 234.
Angular descriptor with a cutoff of 6 A:
    Minimum number of neighbors for one atom = 63.
    Maximum number of neighbors for one atom = 101.
---------------------------------------------------------------


---------------------------------------------------------------
Constructing train_set in device  3.
Total number of atoms = 4800.
Number of atoms in the largest configuration = 192.
Number of configurations having virial = 0.
Radial descriptor with a cutoff of 8 A:
    Minimum number of neighbors for one atom = 165.
    Maximum number of neighbors for one atom = 234.
Angular descriptor with a cutoff of 6 A:
    Minimum number of neighbors for one atom = 63.
    Maximum number of neighbors for one atom = 101.
---------------------------------------------------------------


Batch 84:
Number of configurations = 24.

---------------------------------------------------------------
Constructing train_set in device  0.
Total number of atoms = 4608.
Number of atoms in the largest configuration = 192.
Number of configurations having virial = 0.
Radial descriptor with a cutoff of 8 A:
    Minimum number of neighbors for one atom = 164.
    Maximum number of neighbors for one atom = 234.
Angular descriptor with a cutoff of 6 A:
    Minimum number of neighbors for one atom = 67.
    Maximum number of neighbors for one atom = 101.
---------------------------------------------------------------


---------------------------------------------------------------
Constructing train_set in device  1.
Total number of atoms = 4608.
Number of atoms in the largest configuration = 192.
Number of configurations having virial = 0.
Radial descriptor with a cutoff of 8 A:
    Minimum number of neighbors for one atom = 164.
    Maximum number of neighbors for one atom = 234.
Angular descriptor with a cutoff of 6 A:
    Minimum number of neighbors for one atom = 67.
    Maximum number of neighbors for one atom = 101.
---------------------------------------------------------------


---------------------------------------------------------------
Constructing train_set in device  2.
Total number of atoms = 4608.
Number of atoms in the largest configuration = 192.
Number of configurations having virial = 0.
Radial descriptor with a cutoff of 8 A:
    Minimum number of neighbors for one atom = 164.
    Maximum number of neighbors for one atom = 234.
Angular descriptor with a cutoff of 6 A:
    Minimum number of neighbors for one atom = 67.
    Maximum number of neighbors for one atom = 101.
---------------------------------------------------------------


---------------------------------------------------------------
Constructing train_set in device  3.
Total number of atoms = 4608.
Number of atoms in the largest configuration = 192.
Number of configurations having virial = 0.
Radial descriptor with a cutoff of 8 A:
    Minimum number of neighbors for one atom = 164.
    Maximum number of neighbors for one atom = 234.
Angular descriptor with a cutoff of 6 A:
    Minimum number of neighbors for one atom = 67.
    Maximum number of neighbors for one atom = 101.
---------------------------------------------------------------


Batch 85:
Number of configurations = 24.

---------------------------------------------------------------
Constructing train_set in device  0.
Total number of atoms = 4608.
Number of atoms in the largest configuration = 192.
Number of configurations having virial = 0.
Radial descriptor with a cutoff of 8 A:
    Minimum number of neighbors for one atom = 166.
    Maximum number of neighbors for one atom = 235.
Angular descriptor with a cutoff of 6 A:
    Minimum number of neighbors for one atom = 65.
    Maximum number of neighbors for one atom = 100.
---------------------------------------------------------------


---------------------------------------------------------------
Constructing train_set in device  1.
Total number of atoms = 4608.
Number of atoms in the largest configuration = 192.
Number of configurations having virial = 0.
Radial descriptor with a cutoff of 8 A:
    Minimum number of neighbors for one atom = 166.
    Maximum number of neighbors for one atom = 235.
Angular descriptor with a cutoff of 6 A:
    Minimum number of neighbors for one atom = 65.
    Maximum number of neighbors for one atom = 100.
---------------------------------------------------------------


---------------------------------------------------------------
Constructing train_set in device  2.
Total number of atoms = 4608.
Number of atoms in the largest configuration = 192.
Number of configurations having virial = 0.
Radial descriptor with a cutoff of 8 A:
    Minimum number of neighbors for one atom = 166.
    Maximum number of neighbors for one atom = 235.
Angular descriptor with a cutoff of 6 A:
    Minimum number of neighbors for one atom = 65.
    Maximum number of neighbors for one atom = 100.
---------------------------------------------------------------


---------------------------------------------------------------
Constructing train_set in device  3.
Total number of atoms = 4608.
Number of atoms in the largest configuration = 192.
Number of configurations having virial = 0.
Radial descriptor with a cutoff of 8 A:
    Minimum number of neighbors for one atom = 166.
    Maximum number of neighbors for one atom = 235.
Angular descriptor with a cutoff of 6 A:
    Minimum number of neighbors for one atom = 65.
    Maximum number of neighbors for one atom = 100.
---------------------------------------------------------------


Batch 86:
Number of configurations = 24.

---------------------------------------------------------------
Constructing train_set in device  0.
Total number of atoms = 4608.
Number of atoms in the largest configuration = 192.
Number of configurations having virial = 0.
Radial descriptor with a cutoff of 8 A:
    Minimum number of neighbors for one atom = 147.
    Maximum number of neighbors for one atom = 235.
Angular descriptor with a cutoff of 6 A:
    Minimum number of neighbors for one atom = 55.
    Maximum number of neighbors for one atom = 99.
---------------------------------------------------------------


---------------------------------------------------------------
Constructing train_set in device  1.
Total number of atoms = 4608.
Number of atoms in the largest configuration = 192.
Number of configurations having virial = 0.
Radial descriptor with a cutoff of 8 A:
    Minimum number of neighbors for one atom = 147.
    Maximum number of neighbors for one atom = 235.
Angular descriptor with a cutoff of 6 A:
    Minimum number of neighbors for one atom = 55.
    Maximum number of neighbors for one atom = 99.
---------------------------------------------------------------


---------------------------------------------------------------
Constructing train_set in device  2.
Total number of atoms = 4608.
Number of atoms in the largest configuration = 192.
Number of configurations having virial = 0.
Radial descriptor with a cutoff of 8 A:
    Minimum number of neighbors for one atom = 147.
    Maximum number of neighbors for one atom = 235.
Angular descriptor with a cutoff of 6 A:
    Minimum number of neighbors for one atom = 55.
    Maximum number of neighbors for one atom = 99.
---------------------------------------------------------------


---------------------------------------------------------------
Constructing train_set in device  3.
Total number of atoms = 4608.
Number of atoms in the largest configuration = 192.
Number of configurations having virial = 0.
Radial descriptor with a cutoff of 8 A:
    Minimum number of neighbors for one atom = 147.
    Maximum number of neighbors for one atom = 235.
Angular descriptor with a cutoff of 6 A:
    Minimum number of neighbors for one atom = 55.
    Maximum number of neighbors for one atom = 99.
---------------------------------------------------------------


Batch 87:
Number of configurations = 24.

---------------------------------------------------------------
Constructing train_set in device  0.
Total number of atoms = 4608.
Number of atoms in the largest configuration = 192.
Number of configurations having virial = 0.
Radial descriptor with a cutoff of 8 A:
    Minimum number of neighbors for one atom = 164.
    Maximum number of neighbors for one atom = 242.
Angular descriptor with a cutoff of 6 A:
    Minimum number of neighbors for one atom = 64.
    Maximum number of neighbors for one atom = 109.
---------------------------------------------------------------


---------------------------------------------------------------
Constructing train_set in device  1.
Total number of atoms = 4608.
Number of atoms in the largest configuration = 192.
Number of configurations having virial = 0.
Radial descriptor with a cutoff of 8 A:
    Minimum number of neighbors for one atom = 164.
    Maximum number of neighbors for one atom = 242.
Angular descriptor with a cutoff of 6 A:
    Minimum number of neighbors for one atom = 64.
    Maximum number of neighbors for one atom = 109.
---------------------------------------------------------------


---------------------------------------------------------------
Constructing train_set in device  2.
Total number of atoms = 4608.
Number of atoms in the largest configuration = 192.
Number of configurations having virial = 0.
Radial descriptor with a cutoff of 8 A:
    Minimum number of neighbors for one atom = 164.
    Maximum number of neighbors for one atom = 242.
Angular descriptor with a cutoff of 6 A:
    Minimum number of neighbors for one atom = 64.
    Maximum number of neighbors for one atom = 109.
---------------------------------------------------------------


---------------------------------------------------------------
Constructing train_set in device  3.
Total number of atoms = 4608.
Number of atoms in the largest configuration = 192.
Number of configurations having virial = 0.
Radial descriptor with a cutoff of 8 A:
    Minimum number of neighbors for one atom = 164.
    Maximum number of neighbors for one atom = 242.
Angular descriptor with a cutoff of 6 A:
    Minimum number of neighbors for one atom = 64.
    Maximum number of neighbors for one atom = 109.
---------------------------------------------------------------


Batch 88:
Number of configurations = 24.

---------------------------------------------------------------
Constructing train_set in device  0.
Total number of atoms = 4608.
Number of atoms in the largest configuration = 192.
Number of configurations having virial = 0.
Radial descriptor with a cutoff of 8 A:
    Minimum number of neighbors for one atom = 168.
    Maximum number of neighbors for one atom = 234.
Angular descriptor with a cutoff of 6 A:
    Minimum number of neighbors for one atom = 61.
    Maximum number of neighbors for one atom = 101.
---------------------------------------------------------------


---------------------------------------------------------------
Constructing train_set in device  1.
Total number of atoms = 4608.
Number of atoms in the largest configuration = 192.
Number of configurations having virial = 0.
Radial descriptor with a cutoff of 8 A:
    Minimum number of neighbors for one atom = 168.
    Maximum number of neighbors for one atom = 234.
Angular descriptor with a cutoff of 6 A:
    Minimum number of neighbors for one atom = 61.
    Maximum number of neighbors for one atom = 101.
---------------------------------------------------------------


---------------------------------------------------------------
Constructing train_set in device  2.
Total number of atoms = 4608.
Number of atoms in the largest configuration = 192.
Number of configurations having virial = 0.
Radial descriptor with a cutoff of 8 A:
    Minimum number of neighbors for one atom = 168.
    Maximum number of neighbors for one atom = 234.
Angular descriptor with a cutoff of 6 A:
    Minimum number of neighbors for one atom = 61.
    Maximum number of neighbors for one atom = 101.
---------------------------------------------------------------


---------------------------------------------------------------
Constructing train_set in device  3.
Total number of atoms = 4608.
Number of atoms in the largest configuration = 192.
Number of configurations having virial = 0.
Radial descriptor with a cutoff of 8 A:
    Minimum number of neighbors for one atom = 168.
    Maximum number of neighbors for one atom = 234.
Angular descriptor with a cutoff of 6 A:
    Minimum number of neighbors for one atom = 61.
    Maximum number of neighbors for one atom = 101.
---------------------------------------------------------------


Batch 89:
Number of configurations = 24.

---------------------------------------------------------------
Constructing train_set in device  0.
Total number of atoms = 4608.
Number of atoms in the largest configuration = 192.
Number of configurations having virial = 0.
Radial descriptor with a cutoff of 8 A:
    Minimum number of neighbors for one atom = 165.
    Maximum number of neighbors for one atom = 234.
Angular descriptor with a cutoff of 6 A:
    Minimum number of neighbors for one atom = 62.
    Maximum number of neighbors for one atom = 102.
---------------------------------------------------------------


---------------------------------------------------------------
Constructing train_set in device  1.
Total number of atoms = 4608.
Number of atoms in the largest configuration = 192.
Number of configurations having virial = 0.
Radial descriptor with a cutoff of 8 A:
    Minimum number of neighbors for one atom = 165.
    Maximum number of neighbors for one atom = 234.
Angular descriptor with a cutoff of 6 A:
    Minimum number of neighbors for one atom = 62.
    Maximum number of neighbors for one atom = 102.
---------------------------------------------------------------


---------------------------------------------------------------
Constructing train_set in device  2.
Total number of atoms = 4608.
Number of atoms in the largest configuration = 192.
Number of configurations having virial = 0.
Radial descriptor with a cutoff of 8 A:
    Minimum number of neighbors for one atom = 165.
    Maximum number of neighbors for one atom = 234.
Angular descriptor with a cutoff of 6 A:
    Minimum number of neighbors for one atom = 62.
    Maximum number of neighbors for one atom = 102.
---------------------------------------------------------------


---------------------------------------------------------------
Constructing train_set in device  3.
Total number of atoms = 4608.
Number of atoms in the largest configuration = 192.
Number of configurations having virial = 0.
Radial descriptor with a cutoff of 8 A:
    Minimum number of neighbors for one atom = 165.
    Maximum number of neighbors for one atom = 234.
Angular descriptor with a cutoff of 6 A:
    Minimum number of neighbors for one atom = 62.
    Maximum number of neighbors for one atom = 102.
---------------------------------------------------------------


Batch 90:
Number of configurations = 24.

---------------------------------------------------------------
Constructing train_set in device  0.
Total number of atoms = 4608.
Number of atoms in the largest configuration = 192.
Number of configurations having virial = 0.
Radial descriptor with a cutoff of 8 A:
    Minimum number of neighbors for one atom = 166.
    Maximum number of neighbors for one atom = 234.
Angular descriptor with a cutoff of 6 A:
    Minimum number of neighbors for one atom = 64.
    Maximum number of neighbors for one atom = 101.
---------------------------------------------------------------


---------------------------------------------------------------
Constructing train_set in device  1.
Total number of atoms = 4608.
Number of atoms in the largest configuration = 192.
Number of configurations having virial = 0.
Radial descriptor with a cutoff of 8 A:
    Minimum number of neighbors for one atom = 166.
    Maximum number of neighbors for one atom = 234.
Angular descriptor with a cutoff of 6 A:
    Minimum number of neighbors for one atom = 64.
    Maximum number of neighbors for one atom = 101.
---------------------------------------------------------------


---------------------------------------------------------------
Constructing train_set in device  2.
Total number of atoms = 4608.
Number of atoms in the largest configuration = 192.
Number of configurations having virial = 0.
Radial descriptor with a cutoff of 8 A:
    Minimum number of neighbors for one atom = 166.
    Maximum number of neighbors for one atom = 234.
Angular descriptor with a cutoff of 6 A:
    Minimum number of neighbors for one atom = 64.
    Maximum number of neighbors for one atom = 101.
---------------------------------------------------------------


---------------------------------------------------------------
Constructing train_set in device  3.
Total number of atoms = 4608.
Number of atoms in the largest configuration = 192.
Number of configurations having virial = 0.
Radial descriptor with a cutoff of 8 A:
    Minimum number of neighbors for one atom = 166.
    Maximum number of neighbors for one atom = 234.
Angular descriptor with a cutoff of 6 A:
    Minimum number of neighbors for one atom = 64.
    Maximum number of neighbors for one atom = 101.
---------------------------------------------------------------


Batch 91:
Number of configurations = 24.

---------------------------------------------------------------
Constructing train_set in device  0.
Total number of atoms = 4608.
Number of atoms in the largest configuration = 192.
Number of configurations having virial = 0.
Radial descriptor with a cutoff of 8 A:
    Minimum number of neighbors for one atom = 171.
    Maximum number of neighbors for one atom = 234.
Angular descriptor with a cutoff of 6 A:
    Minimum number of neighbors for one atom = 62.
    Maximum number of neighbors for one atom = 105.
---------------------------------------------------------------


---------------------------------------------------------------
Constructing train_set in device  1.
Total number of atoms = 4608.
Number of atoms in the largest configuration = 192.
Number of configurations having virial = 0.
Radial descriptor with a cutoff of 8 A:
    Minimum number of neighbors for one atom = 171.
    Maximum number of neighbors for one atom = 234.
Angular descriptor with a cutoff of 6 A:
    Minimum number of neighbors for one atom = 62.
    Maximum number of neighbors for one atom = 105.
---------------------------------------------------------------


---------------------------------------------------------------
Constructing train_set in device  2.
Total number of atoms = 4608.
Number of atoms in the largest configuration = 192.
Number of configurations having virial = 0.
Radial descriptor with a cutoff of 8 A:
    Minimum number of neighbors for one atom = 171.
    Maximum number of neighbors for one atom = 234.
Angular descriptor with a cutoff of 6 A:
    Minimum number of neighbors for one atom = 62.
    Maximum number of neighbors for one atom = 105.
---------------------------------------------------------------


---------------------------------------------------------------
Constructing train_set in device  3.
Total number of atoms = 4608.
Number of atoms in the largest configuration = 192.
Number of configurations having virial = 0.
Radial descriptor with a cutoff of 8 A:
    Minimum number of neighbors for one atom = 171.
    Maximum number of neighbors for one atom = 234.
Angular descriptor with a cutoff of 6 A:
    Minimum number of neighbors for one atom = 62.
    Maximum number of neighbors for one atom = 105.
---------------------------------------------------------------


Batch 92:
Number of configurations = 24.

---------------------------------------------------------------
Constructing train_set in device  0.
Total number of atoms = 4608.
Number of atoms in the largest configuration = 192.
Number of configurations having virial = 0.
Radial descriptor with a cutoff of 8 A:
    Minimum number of neighbors for one atom = 170.
    Maximum number of neighbors for one atom = 234.
Angular descriptor with a cutoff of 6 A:
    Minimum number of neighbors for one atom = 63.
    Maximum number of neighbors for one atom = 102.
---------------------------------------------------------------


---------------------------------------------------------------
Constructing train_set in device  1.
Total number of atoms = 4608.
Number of atoms in the largest configuration = 192.
Number of configurations having virial = 0.
Radial descriptor with a cutoff of 8 A:
    Minimum number of neighbors for one atom = 170.
    Maximum number of neighbors for one atom = 234.
Angular descriptor with a cutoff of 6 A:
    Minimum number of neighbors for one atom = 63.
    Maximum number of neighbors for one atom = 102.
---------------------------------------------------------------


---------------------------------------------------------------
Constructing train_set in device  2.
Total number of atoms = 4608.
Number of atoms in the largest configuration = 192.
Number of configurations having virial = 0.
Radial descriptor with a cutoff of 8 A:
    Minimum number of neighbors for one atom = 170.
    Maximum number of neighbors for one atom = 234.
Angular descriptor with a cutoff of 6 A:
    Minimum number of neighbors for one atom = 63.
    Maximum number of neighbors for one atom = 102.
---------------------------------------------------------------


---------------------------------------------------------------
Constructing train_set in device  3.
Total number of atoms = 4608.
Number of atoms in the largest configuration = 192.
Number of configurations having virial = 0.
Radial descriptor with a cutoff of 8 A:
    Minimum number of neighbors for one atom = 170.
    Maximum number of neighbors for one atom = 234.
Angular descriptor with a cutoff of 6 A:
    Minimum number of neighbors for one atom = 63.
    Maximum number of neighbors for one atom = 102.
---------------------------------------------------------------


Batch 93:
Number of configurations = 24.

---------------------------------------------------------------
Constructing train_set in device  0.
Total number of atoms = 4608.
Number of atoms in the largest configuration = 192.
Number of configurations having virial = 0.
Radial descriptor with a cutoff of 8 A:
    Minimum number of neighbors for one atom = 167.
    Maximum number of neighbors for one atom = 235.
Angular descriptor with a cutoff of 6 A:
    Minimum number of neighbors for one atom = 64.
    Maximum number of neighbors for one atom = 100.
---------------------------------------------------------------


---------------------------------------------------------------
Constructing train_set in device  1.
Total number of atoms = 4608.
Number of atoms in the largest configuration = 192.
Number of configurations having virial = 0.
Radial descriptor with a cutoff of 8 A:
    Minimum number of neighbors for one atom = 167.
    Maximum number of neighbors for one atom = 235.
Angular descriptor with a cutoff of 6 A:
    Minimum number of neighbors for one atom = 64.
    Maximum number of neighbors for one atom = 100.
---------------------------------------------------------------


---------------------------------------------------------------
Constructing train_set in device  2.
Total number of atoms = 4608.
Number of atoms in the largest configuration = 192.
Number of configurations having virial = 0.
Radial descriptor with a cutoff of 8 A:
    Minimum number of neighbors for one atom = 167.
    Maximum number of neighbors for one atom = 235.
Angular descriptor with a cutoff of 6 A:
    Minimum number of neighbors for one atom = 64.
    Maximum number of neighbors for one atom = 100.
---------------------------------------------------------------


---------------------------------------------------------------
Constructing train_set in device  3.
Total number of atoms = 4608.
Number of atoms in the largest configuration = 192.
Number of configurations having virial = 0.
Radial descriptor with a cutoff of 8 A:
    Minimum number of neighbors for one atom = 167.
    Maximum number of neighbors for one atom = 235.
Angular descriptor with a cutoff of 6 A:
    Minimum number of neighbors for one atom = 64.
    Maximum number of neighbors for one atom = 100.
---------------------------------------------------------------


Batch 94:
Number of configurations = 24.

---------------------------------------------------------------
Constructing train_set in device  0.
Total number of atoms = 4608.
Number of atoms in the largest configuration = 192.
Number of configurations having virial = 0.
Radial descriptor with a cutoff of 8 A:
    Minimum number of neighbors for one atom = 168.
    Maximum number of neighbors for one atom = 235.
Angular descriptor with a cutoff of 6 A:
    Minimum number of neighbors for one atom = 65.
    Maximum number of neighbors for one atom = 100.
---------------------------------------------------------------


---------------------------------------------------------------
Constructing train_set in device  1.
Total number of atoms = 4608.
Number of atoms in the largest configuration = 192.
Number of configurations having virial = 0.
Radial descriptor with a cutoff of 8 A:
    Minimum number of neighbors for one atom = 168.
    Maximum number of neighbors for one atom = 235.
Angular descriptor with a cutoff of 6 A:
    Minimum number of neighbors for one atom = 65.
    Maximum number of neighbors for one atom = 100.
---------------------------------------------------------------


---------------------------------------------------------------
Constructing train_set in device  2.
Total number of atoms = 4608.
Number of atoms in the largest configuration = 192.
Number of configurations having virial = 0.
Radial descriptor with a cutoff of 8 A:
    Minimum number of neighbors for one atom = 168.
    Maximum number of neighbors for one atom = 235.
Angular descriptor with a cutoff of 6 A:
    Minimum number of neighbors for one atom = 65.
    Maximum number of neighbors for one atom = 100.
---------------------------------------------------------------


---------------------------------------------------------------
Constructing train_set in device  3.
Total number of atoms = 4608.
Number of atoms in the largest configuration = 192.
Number of configurations having virial = 0.
Radial descriptor with a cutoff of 8 A:
    Minimum number of neighbors for one atom = 168.
    Maximum number of neighbors for one atom = 235.
Angular descriptor with a cutoff of 6 A:
    Minimum number of neighbors for one atom = 65.
    Maximum number of neighbors for one atom = 100.
---------------------------------------------------------------


Batch 95:
Number of configurations = 24.

---------------------------------------------------------------
Constructing train_set in device  0.
Total number of atoms = 4608.
Number of atoms in the largest configuration = 192.
Number of configurations having virial = 0.
Radial descriptor with a cutoff of 8 A:
    Minimum number of neighbors for one atom = 166.
    Maximum number of neighbors for one atom = 233.
Angular descriptor with a cutoff of 6 A:
    Minimum number of neighbors for one atom = 65.
    Maximum number of neighbors for one atom = 100.
---------------------------------------------------------------


---------------------------------------------------------------
Constructing train_set in device  1.
Total number of atoms = 4608.
Number of atoms in the largest configuration = 192.
Number of configurations having virial = 0.
Radial descriptor with a cutoff of 8 A:
    Minimum number of neighbors for one atom = 166.
    Maximum number of neighbors for one atom = 233.
Angular descriptor with a cutoff of 6 A:
    Minimum number of neighbors for one atom = 65.
    Maximum number of neighbors for one atom = 100.
---------------------------------------------------------------


---------------------------------------------------------------
Constructing train_set in device  2.
Total number of atoms = 4608.
Number of atoms in the largest configuration = 192.
Number of configurations having virial = 0.
Radial descriptor with a cutoff of 8 A:
    Minimum number of neighbors for one atom = 166.
    Maximum number of neighbors for one atom = 233.
Angular descriptor with a cutoff of 6 A:
    Minimum number of neighbors for one atom = 65.
    Maximum number of neighbors for one atom = 100.
---------------------------------------------------------------


---------------------------------------------------------------
Constructing train_set in device  3.
Total number of atoms = 4608.
Number of atoms in the largest configuration = 192.
Number of configurations having virial = 0.
Radial descriptor with a cutoff of 8 A:
    Minimum number of neighbors for one atom = 166.
    Maximum number of neighbors for one atom = 233.
Angular descriptor with a cutoff of 6 A:
    Minimum number of neighbors for one atom = 65.
    Maximum number of neighbors for one atom = 100.
---------------------------------------------------------------


Batch 96:
Number of configurations = 24.

---------------------------------------------------------------
Constructing train_set in device  0.
Total number of atoms = 4608.
Number of atoms in the largest configuration = 192.
Number of configurations having virial = 0.
Radial descriptor with a cutoff of 8 A:
    Minimum number of neighbors for one atom = 157.
    Maximum number of neighbors for one atom = 234.
Angular descriptor with a cutoff of 6 A:
    Minimum number of neighbors for one atom = 60.
    Maximum number of neighbors for one atom = 104.
---------------------------------------------------------------


---------------------------------------------------------------
Constructing train_set in device  1.
Total number of atoms = 4608.
Number of atoms in the largest configuration = 192.
Number of configurations having virial = 0.
Radial descriptor with a cutoff of 8 A:
    Minimum number of neighbors for one atom = 157.
    Maximum number of neighbors for one atom = 234.
Angular descriptor with a cutoff of 6 A:
    Minimum number of neighbors for one atom = 60.
    Maximum number of neighbors for one atom = 104.
---------------------------------------------------------------


---------------------------------------------------------------
Constructing train_set in device  2.
Total number of atoms = 4608.
Number of atoms in the largest configuration = 192.
Number of configurations having virial = 0.
Radial descriptor with a cutoff of 8 A:
    Minimum number of neighbors for one atom = 157.
    Maximum number of neighbors for one atom = 234.
Angular descriptor with a cutoff of 6 A:
    Minimum number of neighbors for one atom = 60.
    Maximum number of neighbors for one atom = 104.
---------------------------------------------------------------


---------------------------------------------------------------
Constructing train_set in device  3.
Total number of atoms = 4608.
Number of atoms in the largest configuration = 192.
Number of configurations having virial = 0.
Radial descriptor with a cutoff of 8 A:
    Minimum number of neighbors for one atom = 157.
    Maximum number of neighbors for one atom = 234.
Angular descriptor with a cutoff of 6 A:
    Minimum number of neighbors for one atom = 60.
    Maximum number of neighbors for one atom = 104.
---------------------------------------------------------------


Batch 97:
Number of configurations = 24.

---------------------------------------------------------------
Constructing train_set in device  0.
Total number of atoms = 4608.
Number of atoms in the largest configuration = 192.
Number of configurations having virial = 0.
Radial descriptor with a cutoff of 8 A:
    Minimum number of neighbors for one atom = 158.
    Maximum number of neighbors for one atom = 233.
Angular descriptor with a cutoff of 6 A:
    Minimum number of neighbors for one atom = 60.
    Maximum number of neighbors for one atom = 105.
---------------------------------------------------------------


---------------------------------------------------------------
Constructing train_set in device  1.
Total number of atoms = 4608.
Number of atoms in the largest configuration = 192.
Number of configurations having virial = 0.
Radial descriptor with a cutoff of 8 A:
    Minimum number of neighbors for one atom = 158.
    Maximum number of neighbors for one atom = 233.
Angular descriptor with a cutoff of 6 A:
    Minimum number of neighbors for one atom = 60.
    Maximum number of neighbors for one atom = 105.
---------------------------------------------------------------


---------------------------------------------------------------
Constructing train_set in device  2.
Total number of atoms = 4608.
Number of atoms in the largest configuration = 192.
Number of configurations having virial = 0.
Radial descriptor with a cutoff of 8 A:
    Minimum number of neighbors for one atom = 158.
    Maximum number of neighbors for one atom = 233.
Angular descriptor with a cutoff of 6 A:
    Minimum number of neighbors for one atom = 60.
    Maximum number of neighbors for one atom = 105.
---------------------------------------------------------------


---------------------------------------------------------------
Constructing train_set in device  3.
Total number of atoms = 4608.
Number of atoms in the largest configuration = 192.
Number of configurations having virial = 0.
Radial descriptor with a cutoff of 8 A:
    Minimum number of neighbors for one atom = 158.
    Maximum number of neighbors for one atom = 233.
Angular descriptor with a cutoff of 6 A:
    Minimum number of neighbors for one atom = 60.
    Maximum number of neighbors for one atom = 105.
---------------------------------------------------------------


Batch 98:
Number of configurations = 24.

---------------------------------------------------------------
Constructing train_set in device  0.
Total number of atoms = 4608.
Number of atoms in the largest configuration = 192.
Number of configurations having virial = 0.
Radial descriptor with a cutoff of 8 A:
    Minimum number of neighbors for one atom = 167.
    Maximum number of neighbors for one atom = 234.
Angular descriptor with a cutoff of 6 A:
    Minimum number of neighbors for one atom = 66.
    Maximum number of neighbors for one atom = 100.
---------------------------------------------------------------


---------------------------------------------------------------
Constructing train_set in device  1.
Total number of atoms = 4608.
Number of atoms in the largest configuration = 192.
Number of configurations having virial = 0.
Radial descriptor with a cutoff of 8 A:
    Minimum number of neighbors for one atom = 167.
    Maximum number of neighbors for one atom = 234.
Angular descriptor with a cutoff of 6 A:
    Minimum number of neighbors for one atom = 66.
    Maximum number of neighbors for one atom = 100.
---------------------------------------------------------------


---------------------------------------------------------------
Constructing train_set in device  2.
Total number of atoms = 4608.
Number of atoms in the largest configuration = 192.
Number of configurations having virial = 0.
Radial descriptor with a cutoff of 8 A:
    Minimum number of neighbors for one atom = 167.
    Maximum number of neighbors for one atom = 234.
Angular descriptor with a cutoff of 6 A:
    Minimum number of neighbors for one atom = 66.
    Maximum number of neighbors for one atom = 100.
---------------------------------------------------------------


---------------------------------------------------------------
Constructing train_set in device  3.
Total number of atoms = 4608.
Number of atoms in the largest configuration = 192.
Number of configurations having virial = 0.
Radial descriptor with a cutoff of 8 A:
    Minimum number of neighbors for one atom = 167.
    Maximum number of neighbors for one atom = 234.
Angular descriptor with a cutoff of 6 A:
    Minimum number of neighbors for one atom = 66.
    Maximum number of neighbors for one atom = 100.
---------------------------------------------------------------


Batch 99:
Number of configurations = 24.

---------------------------------------------------------------
Constructing train_set in device  0.
Total number of atoms = 4608.
Number of atoms in the largest configuration = 192.
Number of configurations having virial = 0.
Radial descriptor with a cutoff of 8 A:
    Minimum number of neighbors for one atom = 154.
    Maximum number of neighbors for one atom = 234.
Angular descriptor with a cutoff of 6 A:
    Minimum number of neighbors for one atom = 57.
    Maximum number of neighbors for one atom = 101.
---------------------------------------------------------------


---------------------------------------------------------------
Constructing train_set in device  1.
Total number of atoms = 4608.
Number of atoms in the largest configuration = 192.
Number of configurations having virial = 0.
Radial descriptor with a cutoff of 8 A:
    Minimum number of neighbors for one atom = 154.
    Maximum number of neighbors for one atom = 234.
Angular descriptor with a cutoff of 6 A:
    Minimum number of neighbors for one atom = 57.
    Maximum number of neighbors for one atom = 101.
---------------------------------------------------------------


---------------------------------------------------------------
Constructing train_set in device  2.
Total number of atoms = 4608.
Number of atoms in the largest configuration = 192.
Number of configurations having virial = 0.
Radial descriptor with a cutoff of 8 A:
    Minimum number of neighbors for one atom = 154.
    Maximum number of neighbors for one atom = 234.
Angular descriptor with a cutoff of 6 A:
    Minimum number of neighbors for one atom = 57.
    Maximum number of neighbors for one atom = 101.
---------------------------------------------------------------


---------------------------------------------------------------
Constructing train_set in device  3.
Total number of atoms = 4608.
Number of atoms in the largest configuration = 192.
Number of configurations having virial = 0.
Radial descriptor with a cutoff of 8 A:
    Minimum number of neighbors for one atom = 154.
    Maximum number of neighbors for one atom = 234.
Angular descriptor with a cutoff of 6 A:
    Minimum number of neighbors for one atom = 57.
    Maximum number of neighbors for one atom = 101.
---------------------------------------------------------------


Batch 100:
Number of configurations = 24.

---------------------------------------------------------------
Constructing train_set in device  0.
Total number of atoms = 4608.
Number of atoms in the largest configuration = 192.
Number of configurations having virial = 0.
Radial descriptor with a cutoff of 8 A:
    Minimum number of neighbors for one atom = 166.
    Maximum number of neighbors for one atom = 234.
Angular descriptor with a cutoff of 6 A:
    Minimum number of neighbors for one atom = 60.
    Maximum number of neighbors for one atom = 98.
---------------------------------------------------------------


---------------------------------------------------------------
Constructing train_set in device  1.
Total number of atoms = 4608.
Number of atoms in the largest configuration = 192.
Number of configurations having virial = 0.
Radial descriptor with a cutoff of 8 A:
    Minimum number of neighbors for one atom = 166.
    Maximum number of neighbors for one atom = 234.
Angular descriptor with a cutoff of 6 A:
    Minimum number of neighbors for one atom = 60.
    Maximum number of neighbors for one atom = 98.
---------------------------------------------------------------


---------------------------------------------------------------
Constructing train_set in device  2.
Total number of atoms = 4608.
Number of atoms in the largest configuration = 192.
Number of configurations having virial = 0.
Radial descriptor with a cutoff of 8 A:
    Minimum number of neighbors for one atom = 166.
    Maximum number of neighbors for one atom = 234.
Angular descriptor with a cutoff of 6 A:
    Minimum number of neighbors for one atom = 60.
    Maximum number of neighbors for one atom = 98.
---------------------------------------------------------------


---------------------------------------------------------------
Constructing train_set in device  3.
Total number of atoms = 4608.
Number of atoms in the largest configuration = 192.
Number of configurations having virial = 0.
Radial descriptor with a cutoff of 8 A:
    Minimum number of neighbors for one atom = 166.
    Maximum number of neighbors for one atom = 234.
Angular descriptor with a cutoff of 6 A:
    Minimum number of neighbors for one atom = 60.
    Maximum number of neighbors for one atom = 98.
---------------------------------------------------------------


Batch 101:
Number of configurations = 24.

---------------------------------------------------------------
Constructing train_set in device  0.
Total number of atoms = 4608.
Number of atoms in the largest configuration = 192.
Number of configurations having virial = 0.
Radial descriptor with a cutoff of 8 A:
    Minimum number of neighbors for one atom = 167.
    Maximum number of neighbors for one atom = 234.
Angular descriptor with a cutoff of 6 A:
    Minimum number of neighbors for one atom = 65.
    Maximum number of neighbors for one atom = 99.
---------------------------------------------------------------


---------------------------------------------------------------
Constructing train_set in device  1.
Total number of atoms = 4608.
Number of atoms in the largest configuration = 192.
Number of configurations having virial = 0.
Radial descriptor with a cutoff of 8 A:
    Minimum number of neighbors for one atom = 167.
    Maximum number of neighbors for one atom = 234.
Angular descriptor with a cutoff of 6 A:
    Minimum number of neighbors for one atom = 65.
    Maximum number of neighbors for one atom = 99.
---------------------------------------------------------------


---------------------------------------------------------------
Constructing train_set in device  2.
Total number of atoms = 4608.
Number of atoms in the largest configuration = 192.
Number of configurations having virial = 0.
Radial descriptor with a cutoff of 8 A:
    Minimum number of neighbors for one atom = 167.
    Maximum number of neighbors for one atom = 234.
Angular descriptor with a cutoff of 6 A:
    Minimum number of neighbors for one atom = 65.
    Maximum number of neighbors for one atom = 99.
---------------------------------------------------------------


---------------------------------------------------------------
Constructing train_set in device  3.
Total number of atoms = 4608.
Number of atoms in the largest configuration = 192.
Number of configurations having virial = 0.
Radial descriptor with a cutoff of 8 A:
    Minimum number of neighbors for one atom = 167.
    Maximum number of neighbors for one atom = 234.
Angular descriptor with a cutoff of 6 A:
    Minimum number of neighbors for one atom = 65.
    Maximum number of neighbors for one atom = 99.
---------------------------------------------------------------


Batch 102:
Number of configurations = 24.

---------------------------------------------------------------
Constructing train_set in device  0.
Total number of atoms = 4608.
Number of atoms in the largest configuration = 192.
Number of configurations having virial = 0.
Radial descriptor with a cutoff of 8 A:
    Minimum number of neighbors for one atom = 151.
    Maximum number of neighbors for one atom = 234.
Angular descriptor with a cutoff of 6 A:
    Minimum number of neighbors for one atom = 52.
    Maximum number of neighbors for one atom = 99.
---------------------------------------------------------------


---------------------------------------------------------------
Constructing train_set in device  1.
Total number of atoms = 4608.
Number of atoms in the largest configuration = 192.
Number of configurations having virial = 0.
Radial descriptor with a cutoff of 8 A:
    Minimum number of neighbors for one atom = 151.
    Maximum number of neighbors for one atom = 234.
Angular descriptor with a cutoff of 6 A:
    Minimum number of neighbors for one atom = 52.
    Maximum number of neighbors for one atom = 99.
---------------------------------------------------------------


---------------------------------------------------------------
Constructing train_set in device  2.
Total number of atoms = 4608.
Number of atoms in the largest configuration = 192.
Number of configurations having virial = 0.
Radial descriptor with a cutoff of 8 A:
    Minimum number of neighbors for one atom = 151.
    Maximum number of neighbors for one atom = 234.
Angular descriptor with a cutoff of 6 A:
    Minimum number of neighbors for one atom = 52.
    Maximum number of neighbors for one atom = 99.
---------------------------------------------------------------


---------------------------------------------------------------
Constructing train_set in device  3.
Total number of atoms = 4608.
Number of atoms in the largest configuration = 192.
Number of configurations having virial = 0.
Radial descriptor with a cutoff of 8 A:
    Minimum number of neighbors for one atom = 151.
    Maximum number of neighbors for one atom = 234.
Angular descriptor with a cutoff of 6 A:
    Minimum number of neighbors for one atom = 52.
    Maximum number of neighbors for one atom = 99.
---------------------------------------------------------------


---------------------------------------------------------------
Started reading test.xyz
---------------------------------------------------------------

Number of configurations = 100.

---------------------------------------------------------------
Constructing test_set in device  0.
Total number of atoms = 19200.
Number of atoms in the largest configuration = 192.
Number of configurations having virial = 0.
Radial descriptor with a cutoff of 8 A:
    Minimum number of neighbors for one atom = 169.
    Maximum number of neighbors for one atom = 228.
Angular descriptor with a cutoff of 6 A:
    Minimum number of neighbors for one atom = 67.
    Maximum number of neighbors for one atom = 102.
---------------------------------------------------------------


---------------------------------------------------------------
Constructing test_set in device  1.
Total number of atoms = 19200.
Number of atoms in the largest configuration = 192.
Number of configurations having virial = 0.
Radial descriptor with a cutoff of 8 A:
    Minimum number of neighbors for one atom = 169.
    Maximum number of neighbors for one atom = 228.
Angular descriptor with a cutoff of 6 A:
    Minimum number of neighbors for one atom = 67.
    Maximum number of neighbors for one atom = 102.
---------------------------------------------------------------


---------------------------------------------------------------
Constructing test_set in device  2.
Total number of atoms = 19200.
Number of atoms in the largest configuration = 192.
Number of configurations having virial = 0.
Radial descriptor with a cutoff of 8 A:
    Minimum number of neighbors for one atom = 169.
    Maximum number of neighbors for one atom = 228.
Angular descriptor with a cutoff of 6 A:
    Minimum number of neighbors for one atom = 67.
    Maximum number of neighbors for one atom = 102.
---------------------------------------------------------------


---------------------------------------------------------------
Constructing test_set in device  3.
Total number of atoms = 19200.
Number of atoms in the largest configuration = 192.
Number of configurations having virial = 0.
Radial descriptor with a cutoff of 8 A:
    Minimum number of neighbors for one atom = 169.
    Maximum number of neighbors for one atom = 228.
Angular descriptor with a cutoff of 6 A:
    Minimum number of neighbors for one atom = 67.
    Maximum number of neighbors for one atom = 102.
---------------------------------------------------------------


---------------------------------------------------------------
Time used for initialization = 1.303383 s.
---------------------------------------------------------------


---------------------------------------------------------------
Started training.
---------------------------------------------------------------

Step    Total-Loss L1Reg-Loss L2Reg-Loss RMSE-E-Train RMSE-F-Train RMSE-V-Train RMSE-E-Test  RMSE-F-Test  RMSE-V-Test  
100     0.75401    0.02681    0.03196    0.02712      0.66812      0.00000      0.01469      0.51222      0.00000      
200     0.51051    0.02814    0.03404    0.01081      0.43752      0.00000      0.01039      0.30219      0.00000      
300     0.47313    0.02919    0.03568    0.01736      0.39090      0.00000      0.00859      0.27686      0.00000      
400     0.45651    0.03022    0.03715    0.00954      0.37959      0.00000      0.00815      0.25183      0.00000      
500     0.45600    0.03098    0.03838    0.00935      0.37728      0.00000      0.00650      0.20853      0.00000      
600     0.36124    0.03170    0.03955    0.01369      0.27630      0.00000      0.01098      0.20674      0.00000      
700     0.46448    0.03271    0.04076    0.01497      0.37603      0.00000      0.01437      0.22433      0.00000      
800     0.39327    0.03384    0.04220    0.01726      0.29996      0.00000      0.01864      0.19703      0.00000      
900     0.36029    0.03469    0.04313    0.01524      0.26722      0.00000      0.01429      0.16561      0.00000      
1000    0.34022    0.03556    0.04442    0.01338      0.24686      0.00000      0.00729      0.18105      0.00000      
1100    0.33102    0.03600    0.04517    0.00831      0.24154      0.00000      0.00978      0.17465      0.00000      
1200    0.32327    0.03675    0.04623    0.00539      0.23490      0.00000      0.00447      0.18583      0.00000      
1300    0.31509    0.03739    0.04694    0.01227      0.21849      0.00000      0.01074      0.14225      0.00000      
1400    0.29267    0.03822    0.04793    0.01062      0.19589      0.00000      0.00660      0.14513      0.00000      
1500    0.31853    0.03893    0.04864    0.01845      0.21251      0.00000      0.01373      0.14014      0.00000      
1600    0.30593    0.03947    0.04957    0.00502      0.21188      0.00000      0.00568      0.13726      0.00000      
1700    0.30157    0.03999    0.05032    0.00690      0.20436      0.00000      0.00315      0.13069      0.00000      
1800    0.29661    0.04068    0.05127    0.01048      0.19418      0.00000      0.00855      0.14535      0.00000      
1900    0.28656    0.04154    0.05224    0.00552      0.18726      0.00000      0.00708      0.12893      0.00000      
2000    0.28948    0.04211    0.05290    0.00671      0.18776      0.00000      0.00634      0.14392      0.00000      
2100    0.29410    0.04290    0.05364    0.01020      0.18736      0.00000      0.00613      0.14639      0.00000      
2200    0.29361    0.04370    0.05454    0.00974      0.18562      0.00000      0.01093      0.13922      0.00000      
2300    0.29152    0.04429    0.05551    0.00358      0.18814      0.00000      0.00355      0.13213      0.00000      
2400    0.29014    0.04485    0.05621    0.00366      0.18542      0.00000      0.00312      0.14973      0.00000      
2500    0.29260    0.04524    0.05669    0.00677      0.18391      0.00000      0.00422      0.14556      0.00000      
2600    0.27577    0.04568    0.05717    0.00306      0.16985      0.00000      0.00225      0.11989      0.00000      
2700    0.26651    0.04582    0.05760    0.00516      0.15793      0.00000      0.00472      0.11760      0.00000      
2800    0.27717    0.04645    0.05842    0.00671      0.16559      0.00000      0.00503      0.12092      0.00000      
2900    0.26991    0.04673    0.05867    0.00375      0.16075      0.00000      0.00192      0.11831      0.00000      
3000    0.26782    0.04714    0.05925    0.00556      0.15586      0.00000      0.00451      0.10908      0.00000      
3100    0.26927    0.04740    0.05971    0.00553      0.15663      0.00000      0.00304      0.10980      0.00000      
3200    0.27062    0.04793    0.06038    0.00394      0.15837      0.00000      0.00540      0.11386      0.00000      
3300    0.26372    0.04823    0.06081    0.00386      0.15082      0.00000      0.00301      0.11021      0.00000      
3400    0.26268    0.04859    0.06123    0.00749      0.14537      0.00000      0.00521      0.10985      0.00000      
3500    0.26833    0.04908    0.06197    0.00512      0.15216      0.00000      0.00549      0.11835      0.00000      
3600    0.26628    0.04935    0.06238    0.00349      0.15107      0.00000      0.00264      0.10346      0.00000      
3700    0.26779    0.04971    0.06284    0.00304      0.15220      0.00000      0.00368      0.10499      0.00000      
3800    0.26848    0.04988    0.06319    0.00650      0.14891      0.00000      0.00548      0.10702      0.00000      
3900    0.26595    0.05005    0.06347    0.00306      0.14936      0.00000      0.00322      0.10150      0.00000      
4000    0.26409    0.05058    0.06410    0.00233      0.14709      0.00000      0.00214      0.10667      0.00000      
4100    0.26428    0.05079    0.06437    0.00740      0.14172      0.00000      0.00747      0.10561      0.00000      
4200    0.27449    0.05120    0.06496    0.00435      0.15398      0.00000      0.00479      0.10688      0.00000      
4300    0.25273    0.05154    0.06541    0.00245      0.13332      0.00000      0.00254      0.09436      0.00000      
4400    0.26131    0.05175    0.06581    0.00623      0.13752      0.00000      0.00371      0.10486      0.00000      
4500    0.26906    0.05214    0.06632    0.00170      0.14891      0.00000      0.00235      0.09526      0.00000      
4600    0.26456    0.05244    0.06653    0.00341      0.14217      0.00000      0.00234      0.09528      0.00000      
4700    0.25913    0.05245    0.06674    0.00261      0.13732      0.00000      0.00294      0.09272      0.00000      
4800    0.25739    0.05293    0.06719    0.00526      0.13201      0.00000      0.00534      0.09755      0.00000      
4900    0.26090    0.05329    0.06759    0.00455      0.13548      0.00000      0.00457      0.09501      0.00000      
5000    0.25287    0.05331    0.06768    0.00317      0.12870      0.00000      0.00326      0.09639      0.00000      
5100    0.25862    0.05354    0.06803    0.00336      0.13369      0.00000      0.00211      0.09217      0.00000      
5200    0.25969    0.05373    0.06834    0.00383      0.13379      0.00000      0.00330      0.08846      0.00000      
5300    0.25687    0.05371    0.06855    0.00499      0.12963      0.00000      0.00313      0.08940      0.00000      
5400    0.25240    0.05400    0.06885    0.00168      0.12786      0.00000      0.00208      0.09563      0.00000      
5500    0.25588    0.05409    0.06890    0.00537      0.12752      0.00000      0.00329      0.09059      0.00000      
5600    0.26050    0.05455    0.06956    0.00351      0.13287      0.00000      0.00270      0.09920      0.00000      
5700    0.26003    0.05488    0.07002    0.00284      0.13230      0.00000      0.00304      0.10023      0.00000      
5800    0.24983    0.05505    0.07039    0.00371      0.12069      0.00000      0.00174      0.08413      0.00000      
5900    0.25314    0.05543    0.07068    0.00451      0.12253      0.00000      0.00379      0.09235      0.00000      
6000    0.25472    0.05561    0.07091    0.00401      0.12418      0.00000      0.00467      0.08937      0.00000      
6100    0.25668    0.05584    0.07110    0.00418      0.12557      0.00000      0.00284      0.09032      0.00000      
6200    0.25484    0.05586    0.07116    0.00314      0.12468      0.00000      0.00145      0.09593      0.00000      
6300    0.25077    0.05592    0.07127    0.00230      0.12129      0.00000      0.00142      0.08858      0.00000      
6400    0.25528    0.05617    0.07165    0.00195      0.12551      0.00000      0.00272      0.09003      0.00000      
6500    0.25768    0.05638    0.07210    0.00189      0.12731      0.00000      0.00258      0.08896      0.00000      
6600    0.24851    0.05648    0.07225    0.00195      0.11784      0.00000      0.00211      0.08410      0.00000      
6700    0.25865    0.05664    0.07256    0.00298      0.12647      0.00000      0.00274      0.09017      0.00000      
6800    0.24736    0.05684    0.07289    0.00240      0.11522      0.00000      0.00229      0.08526      0.00000      
6900    0.25098    0.05720    0.07324    0.00203      0.11850      0.00000      0.00127      0.08385      0.00000      
7000    0.25032    0.05733    0.07350    0.00128      0.11822      0.00000      0.00175      0.08301      0.00000      
7100    0.25447    0.05746    0.07364    0.00203      0.12135      0.00000      0.00259      0.08632      0.00000      
7200    0.24982    0.05744    0.07366    0.00186      0.11686      0.00000      0.00149      0.08356      0.00000      
7300    0.25044    0.05762    0.07406    0.00359      0.11517      0.00000      0.00374      0.08238      0.00000      
7400    0.25802    0.05761    0.07414    0.00358      0.12270      0.00000      0.00330      0.08417      0.00000      
7500    0.24892    0.05759    0.07413    0.00202      0.11517      0.00000      0.00184      0.08709      0.00000      
7600    0.25782    0.05785    0.07439    0.00271      0.12286      0.00000      0.00284      0.08460      0.00000      
7700    0.25381    0.05789    0.07465    0.00198      0.11930      0.00000      0.00146      0.07799      0.00000      
7800    0.25189    0.05778    0.07472    0.00262      0.11676      0.00000      0.00250      0.08549      0.00000      
7900    0.24469    0.05813    0.07504    0.00195      0.10956      0.00000      0.00181      0.07689      0.00000      
8000    0.24845    0.05830    0.07539    0.00172      0.11305      0.00000      0.00112      0.08039      0.00000      
8100    0.24427    0.05846    0.07555    0.00173      0.10853      0.00000      0.00154      0.08112      0.00000      
8200    0.24783    0.05854    0.07572    0.00190      0.11167      0.00000      0.00128      0.07717      0.00000      
8300    0.24525    0.05863    0.07574    0.00148      0.10940      0.00000      0.00088      0.07747      0.00000      
8400    0.24599    0.05886    0.07597    0.00257      0.10860      0.00000      0.00125      0.07743      0.00000      
8500    0.24689    0.05914    0.07632    0.00220      0.10923      0.00000      0.00193      0.08118      0.00000      
8600    0.25408    0.05910    0.07640    0.00145      0.11713      0.00000      0.00091      0.07771      0.00000      
8700    0.26097    0.05912    0.07650    0.00362      0.12173      0.00000      0.00279      0.07863      0.00000      
8800    0.24255    0.05910    0.07647    0.00181      0.10517      0.00000      0.00188      0.07951      0.00000      
8900    0.24699    0.05941    0.07683    0.00158      0.10917      0.00000      0.00182      0.07286      0.00000      
9000    0.24892    0.05953    0.07697    0.00376      0.10866      0.00000      0.00292      0.07882      0.00000      
9100    0.24308    0.05974    0.07730    0.00345      0.10259      0.00000      0.00210      0.07606      0.00000      
9200    0.25101    0.05984    0.07738    0.00165      0.11213      0.00000      0.00162      0.07464      0.00000      
9300    0.25679    0.06001    0.07756    0.00592      0.11330      0.00000      0.00364      0.07232      0.00000      
9400    0.24402    0.06038    0.07807    0.00238      0.10320      0.00000      0.00183      0.07011      0.00000      
9500    0.24966    0.06053    0.07836    0.00336      0.10741      0.00000      0.00336      0.07430      0.00000      
9600    0.24594    0.06056    0.07839    0.00290      0.10409      0.00000      0.00160      0.07948      0.00000      
9700    0.24389    0.06078    0.07866    0.00203      0.10241      0.00000      0.00103      0.07482      0.00000      
9800    0.25400    0.06104    0.07893    0.00220      0.11182      0.00000      0.00134      0.07373      0.00000      
9900    0.25368    0.06108    0.07920    0.00240      0.11101      0.00000      0.00143      0.07643      0.00000      
10000   0.25208    0.06160    0.07957    0.00342      0.10750      0.00000      0.00240      0.07186      0.00000      
10100   0.24777    0.06172    0.07995    0.00117      0.10492      0.00000      0.00126      0.07723      0.00000      
10200   0.24823    0.06176    0.08003    0.00252      0.10391      0.00000      0.00297      0.07019      0.00000      
10300   0.24776    0.06170    0.08006    0.00227      0.10373      0.00000      0.00160      0.07550      0.00000      
10400   0.24638    0.06161    0.07997    0.00248      0.10232      0.00000      0.00130      0.06858      0.00000      
10500   0.24665    0.06193    0.08038    0.00241      0.10194      0.00000      0.00182      0.07252      0.00000      
10600   0.24582    0.06221    0.08065    0.00171      0.10125      0.00000      0.00231      0.07222      0.00000      
10700   0.24634    0.06242    0.08095    0.00244      0.10052      0.00000      0.00222      0.07105      0.00000      
10800   0.25011    0.06260    0.08122    0.00238      0.10391      0.00000      0.00138      0.07582      0.00000      
10900   0.24644    0.06266    0.08144    0.00259      0.09974      0.00000      0.00208      0.06978      0.00000      
11000   0.25440    0.06262    0.08131    0.00216      0.10831      0.00000      0.00168      0.06760      0.00000      
11100   0.24564    0.06275    0.08146    0.00182      0.09960      0.00000      0.00190      0.07316      0.00000      
11200   0.24786    0.06258    0.08139    0.00188      0.10202      0.00000      0.00188      0.06897      0.00000      
11300   0.25050    0.06285    0.08166    0.00214      0.10385      0.00000      0.00184      0.07170      0.00000      
11400   0.25402    0.06288    0.08179    0.00217      0.10718      0.00000      0.00211      0.06881      0.00000      
11500   0.25582    0.06299    0.08190    0.00270      0.10822      0.00000      0.00136      0.07079      0.00000      
11600   0.24871    0.06317    0.08209    0.00332      0.10013      0.00000      0.00166      0.07386      0.00000      
11700   0.24691    0.06341    0.08234    0.00202      0.09915      0.00000      0.00156      0.06860      0.00000      
11800   0.24843    0.06325    0.08224    0.00170      0.10125      0.00000      0.00228      0.06684      0.00000      
11900   0.24958    0.06319    0.08220    0.00158      0.10262      0.00000      0.00206      0.06747      0.00000      
12000   0.24999    0.06343    0.08229    0.00120      0.10306      0.00000      0.00106      0.06691      0.00000      
12100   0.24984    0.06352    0.08246    0.00345      0.10042      0.00000      0.00143      0.06652      0.00000      
12200   0.24319    0.06356    0.08242    0.00191      0.09530      0.00000      0.00166      0.06814      0.00000      
12300   0.24739    0.06344    0.08229    0.00157      0.10009      0.00000      0.00111      0.06605      0.00000      
12400   0.25029    0.06366    0.08246    0.00198      0.10218      0.00000      0.00151      0.06475      0.00000      
12500   0.24277    0.06386    0.08266    0.00149      0.09475      0.00000      0.00189      0.06779      0.00000      
12600   0.24699    0.06379    0.08259    0.00132      0.09930      0.00000      0.00119      0.06789      0.00000      
12700   0.24173    0.06389    0.08261    0.00112      0.09410      0.00000      0.00111      0.06630      0.00000      
12800   0.24561    0.06408    0.08290    0.00138      0.09725      0.00000      0.00149      0.06532      0.00000      
12900   0.23901    0.06392    0.08279    0.00162      0.09068      0.00000      0.00109      0.06527      0.00000      
13000   0.24002    0.06397    0.08281    0.00251      0.09072      0.00000      0.00243      0.06665      0.00000      
13100   0.24932    0.06407    0.08287    0.00216      0.10023      0.00000      0.00113      0.06765      0.00000      
13200   0.23883    0.06394    0.08272    0.00246      0.08972      0.00000      0.00160      0.06271      0.00000      
13300   0.24645    0.06410    0.08286    0.00196      0.09753      0.00000      0.00133      0.06831      0.00000      
13400   0.24596    0.06403    0.08280    0.00194      0.09719      0.00000      0.00133      0.06429      0.00000      
13500   0.24015    0.06402    0.08277    0.00213      0.09123      0.00000      0.00173      0.06184      0.00000      
13600   0.23993    0.06385    0.08259    0.00208      0.09142      0.00000      0.00162      0.06153      0.00000      
13700   0.23853    0.06384    0.08277    0.00153      0.09039      0.00000      0.00118      0.06517      0.00000      
13800   0.23974    0.06407    0.08305    0.00169      0.09092      0.00000      0.00173      0.06286      0.00000      
13900   0.24374    0.06416    0.08318    0.00170      0.09470      0.00000      0.00105      0.06152      0.00000      
14000   0.24616    0.06414    0.08313    0.00191      0.09698      0.00000      0.00174      0.06390      0.00000      
14100   0.24261    0.06415    0.08316    0.00205      0.09326      0.00000      0.00131      0.06575      0.00000      
14200   0.23971    0.06422    0.08329    0.00173      0.09047      0.00000      0.00144      0.06149      0.00000      
14300   0.24069    0.06430    0.08334    0.00236      0.09068      0.00000      0.00266      0.06358      0.00000      
14400   0.23820    0.06424    0.08323    0.00182      0.08892      0.00000      0.00174      0.06198      0.00000      
14500   0.25081    0.06432    0.08339    0.00203      0.10107      0.00000      0.00114      0.06325      0.00000      
14600   0.24070    0.06436    0.08332    0.00189      0.09112      0.00000      0.00134      0.06241      0.00000      
14700   0.23919    0.06399    0.08298    0.00152      0.09070      0.00000      0.00132      0.06382      0.00000      
14800   0.24619    0.06405    0.08302    0.00168      0.09744      0.00000      0.00200      0.06142      0.00000      
14900   0.24229    0.06408    0.08317    0.00235      0.09269      0.00000      0.00210      0.06158      0.00000      
15000   0.24048    0.06397    0.08295    0.00168      0.09188      0.00000      0.00158      0.06282      0.00000      
15100   0.23690    0.06416    0.08322    0.00139      0.08814      0.00000      0.00101      0.06166      0.00000      
15200   0.24043    0.06408    0.08311    0.00197      0.09127      0.00000      0.00165      0.06221      0.00000      
15300   0.23500    0.06407    0.08323    0.00230      0.08540      0.00000      0.00260      0.06304      0.00000      
15400   0.23670    0.06432    0.08326    0.00130      0.08782      0.00000      0.00127      0.05998      0.00000      
15500   0.24236    0.06430    0.08332    0.00176      0.09299      0.00000      0.00174      0.06306      0.00000      
15600   0.23754    0.06430    0.08331    0.00123      0.08870      0.00000      0.00085      0.05986      0.00000      
15700   0.23518    0.06451    0.08351    0.00158      0.08557      0.00000      0.00150      0.05964      0.00000      
15800   0.23906    0.06455    0.08354    0.00126      0.08972      0.00000      0.00189      0.06002      0.00000      
15900   0.24285    0.06452    0.08346    0.00189      0.09297      0.00000      0.00177      0.06091      0.00000      
16000   0.24209    0.06459    0.08351    0.00162      0.09238      0.00000      0.00094      0.06187      0.00000      
16100   0.23606    0.06445    0.08351    0.00141      0.08669      0.00000      0.00098      0.05981      0.00000      
16200   0.23596    0.06446    0.08350    0.00146      0.08655      0.00000      0.00165      0.06022      0.00000      
16300   0.23732    0.06455    0.08349    0.00162      0.08767      0.00000      0.00133      0.06279      0.00000      
16400   0.23907    0.06439    0.08334    0.00183      0.08952      0.00000      0.00168      0.06081      0.00000      
16500   0.23692    0.06433    0.08335    0.00161      0.08763      0.00000      0.00101      0.05925      0.00000      
16600   0.23524    0.06438    0.08344    0.00136      0.08606      0.00000      0.00113      0.05871      0.00000      
16700   0.23344    0.06440    0.08353    0.00137      0.08413      0.00000      0.00143      0.06063      0.00000      
16800   0.24051    0.06425    0.08336    0.00177      0.09114      0.00000      0.00150      0.05928      0.00000      
16900   0.23117    0.06412    0.08313    0.00147      0.08245      0.00000      0.00130      0.05853      0.00000      
17000   0.23983    0.06400    0.08306    0.00146      0.09131      0.00000      0.00122      0.05835      0.00000      
17100   0.23435    0.06413    0.08295    0.00197      0.08530      0.00000      0.00209      0.05875      0.00000      
17200   0.23266    0.06420    0.08315    0.00165      0.08367      0.00000      0.00220      0.05914      0.00000      
17300   0.23375    0.06423    0.08305    0.00101      0.08546      0.00000      0.00107      0.05780      0.00000      
17400   0.23526    0.06392    0.08291    0.00069      0.08774      0.00000      0.00094      0.05840      0.00000      
17500   0.23310    0.06394    0.08298    0.00205      0.08412      0.00000      0.00172      0.05827      0.00000      
17600   0.23445    0.06393    0.08291    0.00167      0.08593      0.00000      0.00101      0.06229      0.00000      
17700   0.23932    0.06388    0.08276    0.00141      0.09127      0.00000      0.00119      0.05692      0.00000      
17800   0.23077    0.06397    0.08293    0.00128      0.08260      0.00000      0.00163      0.05976      0.00000      
17900   0.24085    0.06409    0.08296    0.00120      0.09260      0.00000      0.00169      0.05635      0.00000      
18000   0.23696    0.06412    0.08309    0.00113      0.08862      0.00000      0.00140      0.05800      0.00000      
18100   0.23409    0.06409    0.08296    0.00163      0.08542      0.00000      0.00131      0.05752      0.00000      
18200   0.22900    0.06398    0.08286    0.00122      0.08095      0.00000      0.00126      0.05598      0.00000      
18300   0.23334    0.06379    0.08273    0.00175      0.08506      0.00000      0.00134      0.05709      0.00000      
18400   0.23105    0.06356    0.08255    0.00128      0.08366      0.00000      0.00137      0.05600      0.00000      
18500   0.23026    0.06347    0.08245    0.00157      0.08277      0.00000      0.00161      0.05619      0.00000      
18600   0.23004    0.06357    0.08260    0.00090      0.08297      0.00000      0.00101      0.05913      0.00000      
18700   0.23030    0.06346    0.08237    0.00193      0.08253      0.00000      0.00123      0.05445      0.00000      
18800   0.22999    0.06332    0.08218    0.00205      0.08243      0.00000      0.00194      0.05667      0.00000      
18900   0.23675    0.06337    0.08218    0.00080      0.09039      0.00000      0.00087      0.05524      0.00000      
19000   0.24248    0.06325    0.08201    0.00160      0.09561      0.00000      0.00178      0.05498      0.00000      
19100   0.22720    0.06311    0.08181    0.00147      0.08081      0.00000      0.00093      0.05473      0.00000      
19200   0.22900    0.06311    0.08175    0.00111      0.08303      0.00000      0.00118      0.05447      0.00000      
19300   0.22913    0.06322    0.08193    0.00151      0.08248      0.00000      0.00175      0.05505      0.00000      
19400   0.22583    0.06299    0.08171    0.00125      0.07988      0.00000      0.00130      0.05466      0.00000      
19500   0.23259    0.06292    0.08165    0.00075      0.08727      0.00000      0.00079      0.05641      0.00000      
19600   0.23403    0.06288    0.08165    0.00176      0.08774      0.00000      0.00112      0.05528      0.00000      
19700   0.22605    0.06285    0.08144    0.00149      0.08026      0.00000      0.00155      0.05513      0.00000      
19800   0.22907    0.06279    0.08150    0.00086      0.08391      0.00000      0.00079      0.05346      0.00000      
19900   0.22516    0.06260    0.08133    0.00280      0.07843      0.00000      0.00241      0.05319      0.00000      
20000   0.22483    0.06262    0.08122    0.00116      0.07983      0.00000      0.00114      0.05426      0.00000      
20100   0.23078    0.06259    0.08122    0.00114      0.08583      0.00000      0.00102      0.05489      0.00000      
20200   0.22831    0.06256    0.08118    0.00101      0.08356      0.00000      0.00069      0.05340      0.00000      
20300   0.22787    0.06239    0.08098    0.00170      0.08280      0.00000      0.00090      0.05348      0.00000      
20400   0.22604    0.06216    0.08073    0.00086      0.08229      0.00000      0.00099      0.05493      0.00000      
20500   0.22490    0.06211    0.08071    0.00096      0.08111      0.00000      0.00059      0.05385      0.00000      
20600   0.22463    0.06203    0.08063    0.00178      0.08019      0.00000      0.00140      0.05373      0.00000      
20700   0.22374    0.06186    0.08049    0.00108      0.08031      0.00000      0.00089      0.05444      0.00000      
20800   0.22471    0.06188    0.08054    0.00145      0.08083      0.00000      0.00148      0.05414      0.00000      
20900   0.22242    0.06186    0.08055    0.00107      0.07894      0.00000      0.00094      0.05314      0.00000      
21000   0.22227    0.06190    0.08058    0.00140      0.07838      0.00000      0.00147      0.05270      0.00000      
21100   0.22287    0.06185    0.08057    0.00079      0.07967      0.00000      0.00085      0.05359      0.00000      
21200   0.22118    0.06189    0.08066    0.00100      0.07763      0.00000      0.00118      0.05196      0.00000      
21300   0.22583    0.06184    0.08060    0.00091      0.08247      0.00000      0.00059      0.05289      0.00000      
21400   0.22193    0.06171    0.08036    0.00117      0.07869      0.00000      0.00087      0.05602      0.00000      
21500   0.22258    0.06162    0.08029    0.00114      0.07953      0.00000      0.00097      0.05282      0.00000      
21600   0.22521    0.06150    0.08021    0.00124      0.08225      0.00000      0.00154      0.05493      0.00000      
21700   0.22637    0.06153    0.08022    0.00109      0.08353      0.00000      0.00118      0.05226      0.00000      
21800   0.22737    0.06131    0.08007    0.00121      0.08479      0.00000      0.00138      0.05268      0.00000      
21900   0.21905    0.06139    0.08003    0.00110      0.07653      0.00000      0.00112      0.05284      0.00000      
22000   0.21918    0.06141    0.08000    0.00156      0.07620      0.00000      0.00139      0.05007      0.00000      
22100   0.21740    0.06113    0.07975    0.00061      0.07591      0.00000      0.00080      0.05079      0.00000      
22200   0.22095    0.06122    0.07990    0.00122      0.07861      0.00000      0.00132      0.05106      0.00000      
22300   0.22095    0.06118    0.07985    0.00087      0.07904      0.00000      0.00118      0.05282      0.00000      
22400   0.22220    0.06100    0.07987    0.00142      0.07990      0.00000      0.00128      0.05180      0.00000      
22500   0.21633    0.06084    0.07977    0.00079      0.07494      0.00000      0.00095      0.05146      0.00000      
22600   0.21970    0.06098    0.07999    0.00090      0.07783      0.00000      0.00080      0.05191      0.00000      
22700   0.22388    0.06083    0.07973    0.00090      0.08242      0.00000      0.00067      0.05100      0.00000      
22800   0.21709    0.06072    0.07961    0.00066      0.07610      0.00000      0.00065      0.05102      0.00000      
22900   0.22114    0.06068    0.07957    0.00108      0.07980      0.00000      0.00111      0.05103      0.00000      
23000   0.21535    0.06052    0.07937    0.00112      0.07434      0.00000      0.00101      0.05160      0.00000      
23100   0.21980    0.06054    0.07937    0.00084      0.07906      0.00000      0.00095      0.05112      0.00000      
23200   0.21527    0.06064    0.07928    0.00141      0.07395      0.00000      0.00124      0.04971      0.00000      
23300   0.21286    0.06052    0.07912    0.00064      0.07258      0.00000      0.00064      0.04952      0.00000      
23400   0.22112    0.06052    0.07914    0.00136      0.08011      0.00000      0.00110      0.05034      0.00000      
23500   0.21417    0.06047    0.07905    0.00114      0.07352      0.00000      0.00169      0.05062      0.00000      
23600   0.21909    0.06055    0.07914    0.00102      0.07838      0.00000      0.00118      0.05119      0.00000      
23700   0.22034    0.06034    0.07886    0.00110      0.08004      0.00000      0.00135      0.05018      0.00000      
23800   0.21469    0.06031    0.07887    0.00085      0.07467      0.00000      0.00110      0.04898      0.00000      
23900   0.21432    0.06008    0.07866    0.00127      0.07431      0.00000      0.00110      0.04997      0.00000      
24000   0.21335    0.06004    0.07873    0.00122      0.07336      0.00000      0.00105      0.04909      0.00000      
24100   0.21278    0.05988    0.07859    0.00100      0.07331      0.00000      0.00118      0.04942      0.00000      
24200   0.21661    0.05988    0.07859    0.00131      0.07684      0.00000      0.00127      0.04915      0.00000      
24300   0.21816    0.05981    0.07858    0.00071      0.07906      0.00000      0.00138      0.05015      0.00000      
24400   0.21504    0.05968    0.07836    0.00092      0.07608      0.00000      0.00065      0.04970      0.00000      
24500   0.21382    0.05964    0.07831    0.00177      0.07410      0.00000      0.00129      0.05032      0.00000      
24600   0.21351    0.05989    0.07843    0.00069      0.07450      0.00000      0.00050      0.04928      0.00000      
24700   0.21218    0.05962    0.07819    0.00136      0.07301      0.00000      0.00142      0.04921      0.00000      
24800   0.22236    0.05955    0.07813    0.00090      0.08378      0.00000      0.00067      0.04959      0.00000      
24900   0.21143    0.05943    0.07806    0.00082      0.07312      0.00000      0.00071      0.04810      0.00000      
25000   0.21191    0.05935    0.07789    0.00071      0.07397      0.00000      0.00077      0.04781      0.00000      
25100   0.21481    0.05904    0.07758    0.00155      0.07664      0.00000      0.00121      0.04790      0.00000      
25200   0.21242    0.05890    0.07742    0.00098      0.07512      0.00000      0.00125      0.04929      0.00000      
25300   0.21175    0.05861    0.07721    0.00085      0.07508      0.00000      0.00091      0.04921      0.00000      
25400   0.20766    0.05846    0.07705    0.00102      0.07113      0.00000      0.00109      0.04849      0.00000      
25500   0.21148    0.05856    0.07697    0.00133      0.07462      0.00000      0.00090      0.04762      0.00000      
25600   0.20770    0.05858    0.07702    0.00099      0.07110      0.00000      0.00071      0.04917      0.00000      
25700   0.20911    0.05856    0.07699    0.00091      0.07266      0.00000      0.00076      0.04911      0.00000      
25800   0.21094    0.05840    0.07665    0.00078      0.07510      0.00000      0.00098      0.04847      0.00000      
25900   0.20869    0.05838    0.07672    0.00106      0.07254      0.00000      0.00086      0.04739      0.00000      
26000   0.20708    0.05847    0.07671    0.00105      0.07086      0.00000      0.00052      0.04748      0.00000      
26100   0.20925    0.05829    0.07648    0.00078      0.07371      0.00000      0.00074      0.04844      0.00000      
26200   0.21053    0.05816    0.07641    0.00106      0.07490      0.00000      0.00106      0.04774      0.00000      
26300   0.21104    0.05800    0.07621    0.00075      0.07608      0.00000      0.00076      0.04751      0.00000      
26400   0.20677    0.05772    0.07597    0.00121      0.07188      0.00000      0.00090      0.04763      0.00000      
26500   0.20490    0.05754    0.07565    0.00065      0.07106      0.00000      0.00068      0.04785      0.00000      
26600   0.20552    0.05742    0.07555    0.00088      0.07168      0.00000      0.00080      0.04756      0.00000      
26700   0.20568    0.05730    0.07544    0.00118      0.07176      0.00000      0.00113      0.04753      0.00000      
26800   0.20487    0.05717    0.07530    0.00089      0.07151      0.00000      0.00071      0.04667      0.00000      
26900   0.20420    0.05715    0.07524    0.00099      0.07082      0.00000      0.00078      0.04664      0.00000      
27000   0.20416    0.05700    0.07513    0.00119      0.07084      0.00000      0.00095      0.04704      0.00000      
27100   0.20796    0.05686    0.07497    0.00087      0.07527      0.00000      0.00063      0.04656      0.00000      
27200   0.19984    0.05669    0.07480    0.00100      0.06736      0.00000      0.00091      0.04646      0.00000      
27300   0.20522    0.05644    0.07465    0.00092      0.07322      0.00000      0.00086      0.04652      0.00000      
27400   0.20205    0.05638    0.07458    0.00088      0.07020      0.00000      0.00066      0.04641      0.00000      
27500   0.20129    0.05630    0.07450    0.00085      0.06965      0.00000      0.00107      0.04713      0.00000      
27600   0.20241    0.05627    0.07443    0.00090      0.07081      0.00000      0.00085      0.04575      0.00000      
27700   0.20226    0.05613    0.07427    0.00070      0.07115      0.00000      0.00068      0.04639      0.00000      
27800   0.20043    0.05599    0.07410    0.00061      0.06973      0.00000      0.00150      0.04640      0.00000      
27900   0.20294    0.05596    0.07416    0.00060      0.07221      0.00000      0.00064      0.04611      0.00000      
28000   0.20696    0.05583    0.07401    0.00077      0.07635      0.00000      0.00069      0.04678      0.00000      
28100   0.19865    0.05566    0.07369    0.00099      0.06831      0.00000      0.00082      0.04625      0.00000      
28200   0.20556    0.05563    0.07371    0.00111      0.07510      0.00000      0.00090      0.04590      0.00000      
28300   0.20224    0.05557    0.07367    0.00100      0.07200      0.00000      0.00106      0.04680      0.00000      
28400   0.19976    0.05540    0.07347    0.00063      0.07026      0.00000      0.00093      0.04655      0.00000      
28500   0.19676    0.05516    0.07322    0.00076      0.06762      0.00000      0.00075      0.04648      0.00000      
28600   0.19931    0.05508    0.07315    0.00089      0.07019      0.00000      0.00073      0.04654      0.00000      
28700   0.19758    0.05489    0.07296    0.00119      0.06854      0.00000      0.00074      0.04624      0.00000      
28800   0.19635    0.05490    0.07280    0.00090      0.06774      0.00000      0.00090      0.04566      0.00000      
28900   0.19611    0.05463    0.07257    0.00081      0.06811      0.00000      0.00066      0.04518      0.00000      
29000   0.19688    0.05460    0.07256    0.00093      0.06879      0.00000      0.00082      0.04606      0.00000      
29100   0.19808    0.05445    0.07229    0.00082      0.07052      0.00000      0.00057      0.04629      0.00000      
29200   0.20333    0.05442    0.07223    0.00072      0.07596      0.00000      0.00081      0.04538      0.00000      
29300   0.20959    0.05429    0.07208    0.00143      0.08179      0.00000      0.00152      0.04863      0.00000      
29400   0.19536    0.05411    0.07185    0.00106      0.06834      0.00000      0.00090      0.04479      0.00000      
29500   0.19517    0.05387    0.07161    0.00095      0.06874      0.00000      0.00126      0.04554      0.00000      
29600   0.19531    0.05370    0.07145    0.00064      0.06952      0.00000      0.00072      0.04560      0.00000      
29700   0.19360    0.05360    0.07142    0.00063      0.06795      0.00000      0.00080      0.04601      0.00000      
29800   0.19841    0.05345    0.07131    0.00101      0.07265      0.00000      0.00085      0.04612      0.00000      
29900   0.19873    0.05329    0.07115    0.00077      0.07351      0.00000      0.00067      0.04616      0.00000      
30000   0.19199    0.05325    0.07109    0.00064      0.06702      0.00000      0.00096      0.04614      0.00000      
30100   0.19329    0.05306    0.07093    0.00062      0.06869      0.00000      0.00090      0.04501      0.00000      
30200   0.19036    0.05297    0.07082    0.00084      0.06572      0.00000      0.00050      0.04563      0.00000      
30300   0.19105    0.05267    0.07058    0.00067      0.06713      0.00000      0.00058      0.04557      0.00000      
30400   0.19413    0.05254    0.07041    0.00072      0.07045      0.00000      0.00074      0.04495      0.00000      
30500   0.19358    0.05223    0.07020    0.00063      0.07052      0.00000      0.00068      0.04514      0.00000      
30600   0.19324    0.05209    0.07002    0.00084      0.07029      0.00000      0.00055      0.04574      0.00000      
30700   0.19073    0.05180    0.06978    0.00054      0.06861      0.00000      0.00095      0.04506      0.00000      
30800   0.18925    0.05176    0.06961    0.00101      0.06687      0.00000      0.00114      0.04433      0.00000      
30900   0.19042    0.05175    0.06955    0.00065      0.06848      0.00000      0.00059      0.04526      0.00000      
31000   0.19088    0.05166    0.06948    0.00089      0.06885      0.00000      0.00111      0.04438      0.00000      
31100   0.19067    0.05157    0.06941    0.00098      0.06870      0.00000      0.00089      0.04489      0.00000      
31200   0.18785    0.05149    0.06924    0.00082      0.06630      0.00000      0.00089      0.04512      0.00000      
31300   0.18801    0.05137    0.06913    0.00098      0.06654      0.00000      0.00074      0.04449      0.00000      
31400   0.18797    0.05115    0.06886    0.00097      0.06700      0.00000      0.00051      0.04445      0.00000      
31500   0.18731    0.05106    0.06872    0.00061      0.06692      0.00000      0.00076      0.04446      0.00000      
31600   0.19038    0.05106    0.06860    0.00082      0.06989      0.00000      0.00057      0.04405      0.00000      
31700   0.18725    0.05094    0.06855    0.00065      0.06711      0.00000      0.00051      0.04429      0.00000      
31800   0.18742    0.05081    0.06846    0.00078      0.06738      0.00000      0.00086      0.04446      0.00000      
31900   0.19169    0.05062    0.06827    0.00094      0.07186      0.00000      0.00097      0.04430      0.00000      
32000   0.19091    0.05048    0.06815    0.00109      0.07118      0.00000      0.00086      0.04485      0.00000      
32100   0.19249    0.05043    0.06812    0.00077      0.07317      0.00000      0.00068      0.04478      0.00000      
32200   0.18338    0.05035    0.06796    0.00062      0.06445      0.00000      0.00075      0.04349      0.00000      
32300   0.18382    0.05010    0.06769    0.00096      0.06507      0.00000      0.00095      0.04375      0.00000      
32400   0.18167    0.05006    0.06761    0.00068      0.06332      0.00000      0.00099      0.04384      0.00000      
32500   0.18537    0.04981    0.06740    0.00066      0.06751      0.00000      0.00098      0.04418      0.00000      
32600   0.18480    0.04964    0.06721    0.00078      0.06717      0.00000      0.00124      0.04413      0.00000      
32700   0.18587    0.04965    0.06718    0.00064      0.06840      0.00000      0.00083      0.04401      0.00000      
32800   0.18222    0.04932    0.06683    0.00104      0.06503      0.00000      0.00063      0.04376      0.00000      
32900   0.18314    0.04910    0.06668    0.00064      0.06671      0.00000      0.00051      0.04359      0.00000      
33000   0.18687    0.04894    0.06646    0.00091      0.07056      0.00000      0.00082      0.04314      0.00000      
33100   0.18209    0.04884    0.06631    0.00060      0.06634      0.00000      0.00082      0.04312      0.00000      
33200   0.18430    0.04867    0.06611    0.00091      0.06861      0.00000      0.00092      0.04386      0.00000      
33300   0.17960    0.04840    0.06582    0.00080      0.06458      0.00000      0.00094      0.04331      0.00000      
33400   0.18329    0.04839    0.06576    0.00101      0.06814      0.00000      0.00099      0.04355      0.00000      
33500   0.17899    0.04822    0.06555    0.00064      0.06458      0.00000      0.00077      0.04396      0.00000      
33600   0.17697    0.04816    0.06542    0.00061      0.06278      0.00000      0.00056      0.04329      0.00000      
33700   0.18397    0.04807    0.06529    0.00111      0.06951      0.00000      0.00083      0.04307      0.00000      
33800   0.17867    0.04790    0.06518    0.00076      0.06483      0.00000      0.00075      0.04415      0.00000      
33900   0.18196    0.04787    0.06503    0.00073      0.06832      0.00000      0.00075      0.04354      0.00000      
34000   0.18256    0.04771    0.06485    0.00084      0.06917      0.00000      0.00080      0.04262      0.00000      
34100   0.17824    0.04771    0.06481    0.00062      0.06510      0.00000      0.00065      0.04334      0.00000      
34200   0.17700    0.04745    0.06468    0.00050      0.06437      0.00000      0.00041      0.04317      0.00000      
34300   0.17721    0.04741    0.06456    0.00077      0.06448      0.00000      0.00050      0.04292      0.00000      
34400   0.17646    0.04727    0.06452    0.00071      0.06397      0.00000      0.00055      0.04390      0.00000      
34500   0.17911    0.04712    0.06431    0.00065      0.06702      0.00000      0.00087      0.04306      0.00000      
34600   0.17981    0.04691    0.06408    0.00070      0.06811      0.00000      0.00054      0.04345      0.00000      
34700   0.17767    0.04682    0.06401    0.00081      0.06603      0.00000      0.00058      0.04347      0.00000      
34800   0.17647    0.04670    0.06389    0.00086      0.06502      0.00000      0.00073      0.04261      0.00000      
34900   0.17707    0.04666    0.06382    0.00039      0.06620      0.00000      0.00052      0.04387      0.00000      
35000   0.17450    0.04632    0.06353    0.00063      0.06402      0.00000      0.00063      0.04320      0.00000      
35100   0.18399    0.04632    0.06346    0.00066      0.07355      0.00000      0.00048      0.04359      0.00000      
35200   0.17446    0.04614    0.06333    0.00072      0.06427      0.00000      0.00062      0.04333      0.00000      
35300   0.17537    0.04603    0.06315    0.00053      0.06567      0.00000      0.00055      0.04415      0.00000      
35400   0.17737    0.04592    0.06305    0.00095      0.06745      0.00000      0.00052      0.04321      0.00000      
35500   0.17619    0.04564    0.06289    0.00105      0.06661      0.00000      0.00084      0.04380      0.00000      
35600   0.17534    0.04563    0.06279    0.00069      0.06623      0.00000      0.00074      0.04283      0.00000      
35700   0.17170    0.04543    0.06262    0.00071      0.06294      0.00000      0.00087      0.04290      0.00000      
35800   0.17487    0.04533    0.06253    0.00083      0.06618      0.00000      0.00061      0.04326      0.00000      
35900   0.17140    0.04537    0.06258    0.00091      0.06254      0.00000      0.00065      0.04297      0.00000      
36000   0.17179    0.04522    0.06237    0.00080      0.06340      0.00000      0.00051      0.04276      0.00000      
36100   0.17513    0.04513    0.06221    0.00048      0.06731      0.00000      0.00066      0.04236      0.00000      
36200   0.17318    0.04515    0.06221    0.00085      0.06498      0.00000      0.00105      0.04296      0.00000      
36300   0.17017    0.04518    0.06219    0.00057      0.06223      0.00000      0.00048      0.04272      0.00000      
36400   0.17354    0.04514    0.06208    0.00095      0.06537      0.00000      0.00065      0.04242      0.00000      
36500   0.17358    0.04499    0.06191    0.00053      0.06614      0.00000      0.00085      0.04241      0.00000      
36600   0.17449    0.04509    0.06192    0.00069      0.06679      0.00000      0.00064      0.04255      0.00000      
36700   0.17109    0.04498    0.06183    0.00050      0.06379      0.00000      0.00047      0.04236      0.00000      
36800   0.17067    0.04486    0.06168    0.00077      0.06336      0.00000      0.00074      0.04232      0.00000      
36900   0.17083    0.04482    0.06156    0.00075      0.06370      0.00000      0.00085      0.04263      0.00000      
37000   0.17051    0.04456    0.06133    0.00094      0.06368      0.00000      0.00092      0.04273      0.00000      
37100   0.17101    0.04453    0.06122    0.00092      0.06434      0.00000      0.00055      0.04285      0.00000      
37200   0.16964    0.04439    0.06105    0.00073      0.06347      0.00000      0.00040      0.04256      0.00000      
37300   0.16916    0.04416    0.06091    0.00075      0.06335      0.00000      0.00058      0.04297      0.00000      
37400   0.17152    0.04395    0.06073    0.00058      0.06625      0.00000      0.00078      0.04223      0.00000      
37500   0.16615    0.04396    0.06068    0.00066      0.06085      0.00000      0.00055      0.04205      0.00000      
37600   0.16911    0.04379    0.06046    0.00067      0.06419      0.00000      0.00091      0.04245      0.00000      
37700   0.16746    0.04375    0.06036    0.00085      0.06250      0.00000      0.00072      0.04173      0.00000      
37800   0.16776    0.04359    0.06031    0.00059      0.06327      0.00000      0.00083      0.04262      0.00000      
37900   0.16832    0.04354    0.06025    0.00049      0.06404      0.00000      0.00060      0.04194      0.00000      
38000   0.16802    0.04352    0.06018    0.00077      0.06356      0.00000      0.00093      0.04216      0.00000      
38100   0.16674    0.04342    0.06010    0.00072      0.06250      0.00000      0.00099      0.04175      0.00000      
38200   0.16839    0.04317    0.05990    0.00066      0.06466      0.00000      0.00068      0.04210      0.00000      
38300   0.17164    0.04307    0.05975    0.00069      0.06813      0.00000      0.00102      0.04186      0.00000      
38400   0.16477    0.04304    0.05972    0.00078      0.06124      0.00000      0.00081      0.04262      0.00000      
38500   0.17117    0.04290    0.05966    0.00057      0.06803      0.00000      0.00078      0.04258      0.00000      
38600   0.16739    0.04288    0.05966    0.00071      0.06414      0.00000      0.00055      0.04197      0.00000      
38700   0.16647    0.04279    0.05954    0.00067      0.06347      0.00000      0.00063      0.04175      0.00000      
38800   0.16351    0.04271    0.05945    0.00062      0.06072      0.00000      0.00051      0.04159      0.00000      
38900   0.16600    0.04257    0.05935    0.00079      0.06329      0.00000      0.00096      0.04174      0.00000      
39000   0.16353    0.04255    0.05929    0.00054      0.06115      0.00000      0.00052      0.04184      0.00000      
39100   0.16476    0.04238    0.05912    0.00080      0.06245      0.00000      0.00065      0.04173      0.00000      
39200   0.16292    0.04215    0.05884    0.00069      0.06124      0.00000      0.00074      0.04196      0.00000      
39300   0.16557    0.04211    0.05880    0.00106      0.06360      0.00000      0.00107      0.04201      0.00000      
39400   0.16507    0.04202    0.05875    0.00059      0.06372      0.00000      0.00059      0.04199      0.00000      
39500   0.16842    0.04184    0.05858    0.00064      0.06736      0.00000      0.00054      0.04178      0.00000      
39600   0.17476    0.04164    0.05837    0.00107      0.07369      0.00000      0.00081      0.04172      0.00000      
39700   0.16286    0.04157    0.05828    0.00059      0.06242      0.00000      0.00046      0.04124      0.00000      
39800   0.16220    0.04146    0.05807    0.00050      0.06217      0.00000      0.00049      0.04151      0.00000      
39900   0.16295    0.04121    0.05795    0.00080      0.06298      0.00000      0.00062      0.04147      0.00000      
40000   0.16176    0.04109    0.05788    0.00060      0.06220      0.00000      0.00096      0.04152      0.00000      
40100   0.16461    0.04103    0.05772    0.00075      0.06511      0.00000      0.00076      0.04158      0.00000      
40200   0.16604    0.04096    0.05762    0.00076      0.06670      0.00000      0.00048      0.04115      0.00000      
40300   0.16034    0.04086    0.05748    0.00071      0.06129      0.00000      0.00123      0.04124      0.00000      
40400   0.16171    0.04088    0.05738    0.00063      0.06281      0.00000      0.00068      0.04128      0.00000      
40500   0.15810    0.04070    0.05726    0.00073      0.05940      0.00000      0.00055      0.04123      0.00000      
40600   0.15970    0.04073    0.05727    0.00055      0.06116      0.00000      0.00071      0.04143      0.00000      
40700   0.16217    0.04054    0.05708    0.00075      0.06380      0.00000      0.00059      0.04104      0.00000      
40800   0.16190    0.04040    0.05698    0.00058      0.06394      0.00000      0.00096      0.04128      0.00000      
40900   0.16234    0.04041    0.05691    0.00084      0.06417      0.00000      0.00057      0.04047      0.00000      
41000   0.16027    0.04037    0.05678    0.00067      0.06244      0.00000      0.00059      0.04103      0.00000      
41100   0.15890    0.04031    0.05680    0.00073      0.06105      0.00000      0.00069      0.04104      0.00000      
41200   0.16007    0.04021    0.05668    0.00072      0.06246      0.00000      0.00068      0.04153      0.00000      
41300   0.16011    0.04020    0.05661    0.00048      0.06282      0.00000      0.00057      0.04119      0.00000      
41400   0.16016    0.04005    0.05651    0.00064      0.06296      0.00000      0.00069      0.04099      0.00000      
41500   0.15731    0.04001    0.05643    0.00067      0.06020      0.00000      0.00061      0.04124      0.00000      
41600   0.15836    0.03978    0.05629    0.00067      0.06161      0.00000      0.00068      0.04076      0.00000      
41700   0.15860    0.03980    0.05628    0.00089      0.06163      0.00000      0.00060      0.04100      0.00000      
41800   0.15714    0.03968    0.05617    0.00068      0.06062      0.00000      0.00076      0.04098      0.00000      
41900   0.15963    0.03960    0.05601    0.00054      0.06347      0.00000      0.00060      0.04116      0.00000      
42000   0.15807    0.03953    0.05596    0.00054      0.06203      0.00000      0.00068      0.04070      0.00000      
42100   0.15746    0.03941    0.05586    0.00068      0.06150      0.00000      0.00091      0.04060      0.00000      
42200   0.16177    0.03933    0.05573    0.00081      0.06590      0.00000      0.00102      0.04060      0.00000      
42300   0.16108    0.03928    0.05567    0.00084      0.06528      0.00000      0.00075      0.04068      0.00000      
42400   0.16262    0.03920    0.05559    0.00080      0.06703      0.00000      0.00060      0.04040      0.00000      
42500   0.15539    0.03919    0.05556    0.00060      0.06005      0.00000      0.00070      0.04094      0.00000      
42600   0.15532    0.03905    0.05539    0.00085      0.06002      0.00000      0.00051      0.04001      0.00000      
42700   0.15334    0.03897    0.05533    0.00069      0.05834      0.00000      0.00068      0.04028      0.00000      
42800   0.15656    0.03885    0.05527    0.00057      0.06186      0.00000      0.00069      0.04066      0.00000      
42900   0.15554    0.03858    0.05510    0.00048      0.06138      0.00000      0.00071      0.04054      0.00000      
43000   0.15713    0.03846    0.05502    0.00067      0.06298      0.00000      0.00087      0.04070      0.00000      
43100   0.15378    0.03836    0.05493    0.00084      0.05966      0.00000      0.00106      0.04037      0.00000      
43200   0.15544    0.03841    0.05488    0.00071      0.06143      0.00000      0.00073      0.04072      0.00000      
43300   0.15874    0.03831    0.05483    0.00073      0.06488      0.00000      0.00045      0.04097      0.00000      
43400   0.15510    0.03823    0.05473    0.00055      0.06159      0.00000      0.00049      0.04053      0.00000      
43500   0.15666    0.03800    0.05461    0.00064      0.06341      0.00000      0.00077      0.04026      0.00000      
43600   0.15239    0.03801    0.05454    0.00074      0.05910      0.00000      0.00064      0.04049      0.00000      
43700   0.15478    0.03768    0.05435    0.00081      0.06195      0.00000      0.00081      0.04036      0.00000      
43800   0.15192    0.03770    0.05427    0.00055      0.05941      0.00000      0.00066      0.04063      0.00000      
43900   0.15067    0.03773    0.05424    0.00060      0.05810      0.00000      0.00065      0.04014      0.00000      
44000   0.15717    0.03757    0.05408    0.00087      0.06465      0.00000      0.00054      0.04029      0.00000      
44100   0.15146    0.03757    0.05404    0.00063      0.05922      0.00000      0.00069      0.04012      0.00000      
44200   0.15493    0.03748    0.05395    0.00083      0.06267      0.00000      0.00088      0.03987      0.00000      
44300   0.15599    0.03743    0.05384    0.00066      0.06406      0.00000      0.00048      0.04001      0.00000      
44400   0.15189    0.03725    0.05373    0.00091      0.06000      0.00000      0.00099      0.03981      0.00000      
44500   0.15143    0.03725    0.05363    0.00084      0.05970      0.00000      0.00048      0.03947      0.00000      
44600   0.15096    0.03725    0.05363    0.00063      0.05945      0.00000      0.00047      0.03966      0.00000      
44700   0.15067    0.03717    0.05357    0.00058      0.05935      0.00000      0.00079      0.03992      0.00000      
44800   0.15272    0.03709    0.05346    0.00051      0.06165      0.00000      0.00078      0.03971      0.00000      
44900   0.15431    0.03698    0.05340    0.00062      0.06331      0.00000      0.00072      0.03995      0.00000      
45000   0.15158    0.03690    0.05331    0.00060      0.06076      0.00000      0.00050      0.04000      0.00000      
45100   0.15048    0.03688    0.05325    0.00060      0.05974      0.00000      0.00044      0.03981      0.00000      
45200   0.15117    0.03685    0.05319    0.00047      0.06066      0.00000      0.00057      0.03982      0.00000      
45300   0.14952    0.03680    0.05313    0.00043      0.05915      0.00000      0.00059      0.03960      0.00000      
45400   0.15753    0.03683    0.05312    0.00047      0.06710      0.00000      0.00055      0.03958      0.00000      
45500   0.14992    0.03676    0.05304    0.00063      0.05949      0.00000      0.00046      0.03958      0.00000      
45600   0.15030    0.03650    0.05284    0.00071      0.06025      0.00000      0.00063      0.03957      0.00000      
45700   0.15314    0.03656    0.05283    0.00088      0.06288      0.00000      0.00070      0.03937      0.00000      
45800   0.15198    0.03657    0.05278    0.00083      0.06181      0.00000      0.00066      0.03977      0.00000      
45900   0.15137    0.03653    0.05275    0.00072      0.06137      0.00000      0.00050      0.03955      0.00000      
46000   0.14855    0.03638    0.05270    0.00075      0.05872      0.00000      0.00060      0.03960      0.00000      
46100   0.15143    0.03639    0.05266    0.00082      0.06156      0.00000      0.00059      0.03942      0.00000      
46200   0.14702    0.03630    0.05254    0.00069      0.05749      0.00000      0.00057      0.03948      0.00000      
46300   0.14900    0.03619    0.05242    0.00067      0.05972      0.00000      0.00073      0.03991      0.00000      
46400   0.15152    0.03626    0.05237    0.00049      0.06240      0.00000      0.00071      0.03950      0.00000      
46500   0.14980    0.03615    0.05227    0.00076      0.06063      0.00000      0.00054      0.03939      0.00000      
46600   0.14695    0.03606    0.05217    0.00090      0.05782      0.00000      0.00066      0.03955      0.00000      
46700   0.15025    0.03585    0.05204    0.00081      0.06155      0.00000      0.00062      0.03925      0.00000      
46800   0.14970    0.03584    0.05203    0.00061      0.06122      0.00000      0.00075      0.03920      0.00000      
46900   0.15010    0.03573    0.05194    0.00058      0.06186      0.00000      0.00070      0.03942      0.00000      
47000   0.14808    0.03571    0.05190    0.00057      0.05991      0.00000      0.00065      0.03944      0.00000      
47100   0.14694    0.03560    0.05183    0.00075      0.05876      0.00000      0.00091      0.03944      0.00000      
47200   0.14752    0.03554    0.05174    0.00065      0.05958      0.00000      0.00070      0.03905      0.00000      
47300   0.14806    0.03544    0.05170    0.00060      0.06031      0.00000      0.00071      0.03940      0.00000      
47400   0.14782    0.03536    0.05164    0.00076      0.06007      0.00000      0.00064      0.03924      0.00000      
47500   0.14671    0.03520    0.05156    0.00069      0.05927      0.00000      0.00070      0.03975      0.00000      
47600   0.14760    0.03529    0.05158    0.00047      0.06026      0.00000      0.00067      0.03928      0.00000      
47700   0.14957    0.03521    0.05150    0.00058      0.06228      0.00000      0.00057      0.03945      0.00000      
47800   0.14326    0.03516    0.05142    0.00055      0.05613      0.00000      0.00055      0.03928      0.00000      
47900   0.14709    0.03506    0.05137    0.00056      0.06010      0.00000      0.00062      0.03917      0.00000      
48000   0.14597    0.03502    0.05134    0.00082      0.05878      0.00000      0.00065      0.03967      0.00000      
48100   0.14678    0.03495    0.05127    0.00047      0.06009      0.00000      0.00076      0.03981      0.00000      
48200   0.14634    0.03502    0.05127    0.00048      0.05958      0.00000      0.00061      0.03907      0.00000      
48300   0.14570    0.03491    0.05119    0.00060      0.05900      0.00000      0.00068      0.03933      0.00000      
48400   0.14502    0.03488    0.05114    0.00060      0.05841      0.00000      0.00076      0.03918      0.00000      
48500   0.14787    0.03483    0.05114    0.00058      0.06131      0.00000      0.00069      0.03932      0.00000      
48600   0.15088    0.03472    0.05102    0.00066      0.06449      0.00000      0.00094      0.03940      0.00000      
48700   0.14405    0.03461    0.05091    0.00052      0.05800      0.00000      0.00049      0.03897      0.00000      
48800   0.15053    0.03465    0.05090    0.00051      0.06446      0.00000      0.00066      0.03941      0.00000      
48900   0.14610    0.03461    0.05088    0.00043      0.06018      0.00000      0.00068      0.03968      0.00000      
49000   0.14548    0.03454    0.05079    0.00080      0.05935      0.00000      0.00068      0.03892      0.00000      
49100   0.14281    0.03439    0.05065    0.00048      0.05729      0.00000      0.00044      0.03921      0.00000      
49200   0.14570    0.03433    0.05063    0.00073      0.06000      0.00000      0.00047      0.03921      0.00000      
49300   0.14260    0.03430    0.05057    0.00066      0.05708      0.00000      0.00077      0.03896      0.00000      
49400   0.14405    0.03422    0.05051    0.00074      0.05858      0.00000      0.00088      0.03892      0.00000      
49500   0.14322    0.03416    0.05045    0.00082      0.05778      0.00000      0.00093      0.03896      0.00000      
49600   0.14509    0.03413    0.05043    0.00089      0.05964      0.00000      0.00114      0.03879      0.00000      
49700   0.14503    0.03405    0.05037    0.00086      0.05975      0.00000      0.00084      0.03897      0.00000      
49800   0.14844    0.03393    0.05029    0.00056      0.06366      0.00000      0.00075      0.03902      0.00000      
49900   0.15404    0.03401    0.05028    0.00055      0.06920      0.00000      0.00057      0.03954      0.00000      
50000   0.14376    0.03395    0.05021    0.00066      0.05893      0.00000      0.00064      0.03910      0.00000      
50100   0.14317    0.03384    0.05017    0.00059      0.05856      0.00000      0.00084      0.03881      0.00000      
50200   0.14381    0.03373    0.05017    0.00073      0.05918      0.00000      0.00063      0.03880      0.00000      
50300   0.14311    0.03380    0.05015    0.00056      0.05860      0.00000      0.00076      0.03895      0.00000      
50400   0.14614    0.03371    0.05008    0.00064      0.06170      0.00000      0.00067      0.03927      0.00000      
50500   0.14637    0.03365    0.04999    0.00072      0.06201      0.00000      0.00042      0.03918      0.00000      
50600   0.14218    0.03371    0.05004    0.00074      0.05769      0.00000      0.00087      0.03897      0.00000      
50700   0.14410    0.03356    0.04991    0.00044      0.06018      0.00000      0.00050      0.03903      0.00000      
50800   0.13943    0.03343    0.04982    0.00057      0.05561      0.00000      0.00052      0.03906      0.00000      
50900   0.14163    0.03336    0.04976    0.00060      0.05791      0.00000      0.00048      0.03880      0.00000      
51000   0.14428    0.03329    0.04972    0.00058      0.06068      0.00000      0.00071      0.03893      0.00000      
51100   0.14433    0.03331    0.04971    0.00049      0.06081      0.00000      0.00070      0.03879      0.00000      
51200   0.14492    0.03338    0.04973    0.00063      0.06118      0.00000      0.00072      0.03833      0.00000      
51300   0.14261    0.03332    0.04967    0.00087      0.05875      0.00000      0.00063      0.03836      0.00000      
51400   0.14140    0.03331    0.04964    0.00054      0.05790      0.00000      0.00071      0.03856      0.00000      
51500   0.14250    0.03326    0.04958    0.00058      0.05909      0.00000      0.00050      0.03893      0.00000      
51600   0.14248    0.03320    0.04951    0.00072      0.05905      0.00000      0.00061      0.03867      0.00000      
51700   0.14326    0.03319    0.04950    0.00085      0.05973      0.00000      0.00059      0.03818      0.00000      
51800   0.13993    0.03317    0.04947    0.00064      0.05665      0.00000      0.00063      0.03844      0.00000      
51900   0.14163    0.03309    0.04939    0.00066      0.05848      0.00000      0.00071      0.03837      0.00000      
52000   0.14091    0.03296    0.04932    0.00075      0.05787      0.00000      0.00050      0.03864      0.00000      
52100   0.14044    0.03295    0.04931    0.00062      0.05757      0.00000      0.00076      0.03832      0.00000      
52200   0.14344    0.03293    0.04928    0.00065      0.06058      0.00000      0.00052      0.03864      0.00000      
52300   0.14119    0.03286    0.04920    0.00074      0.05839      0.00000      0.00052      0.03842      0.00000      
52400   0.14153    0.03284    0.04916    0.00058      0.05896      0.00000      0.00046      0.03864      0.00000      
52500   0.14490    0.03274    0.04909    0.00081      0.06226      0.00000      0.00079      0.03849      0.00000      
52600   0.14502    0.03269    0.04905    0.00066      0.06262      0.00000      0.00074      0.03823      0.00000      
52700   0.14686    0.03256    0.04901    0.00083      0.06445      0.00000      0.00087      0.03819      0.00000      
52800   0.13953    0.03267    0.04906    0.00059      0.05720      0.00000      0.00061      0.03847      0.00000      
52900   0.13959    0.03252    0.04898    0.00082      0.05728      0.00000      0.00057      0.03832      0.00000      
53000   0.13783    0.03248    0.04894    0.00059      0.05581      0.00000      0.00067      0.03815      0.00000      
53100   0.14152    0.03243    0.04888    0.00044      0.05977      0.00000      0.00050      0.03846      0.00000      
53200   0.14125    0.03250    0.04885    0.00049      0.05940      0.00000      0.00066      0.03867      0.00000      
53300   0.14147    0.03243    0.04880    0.00050      0.05974      0.00000      0.00070      0.03877      0.00000      
53400   0.13914    0.03239    0.04877    0.00060      0.05739      0.00000      0.00064      0.03830      0.00000      
53500   0.14011    0.03234    0.04872    0.00061      0.05845      0.00000      0.00071      0.03807      0.00000      
53600   0.14291    0.03235    0.04870    0.00058      0.06128      0.00000      0.00062      0.03836      0.00000      
53700   0.14029    0.03220    0.04863    0.00058      0.05888      0.00000      0.00047      0.03821      0.00000      
53800   0.14280    0.03221    0.04860    0.00056      0.06143      0.00000      0.00052      0.03831      0.00000      
53900   0.13852    0.03214    0.04857    0.00049      0.05732      0.00000      0.00067      0.03854      0.00000      
54000   0.14105    0.03203    0.04850    0.00059      0.05993      0.00000      0.00106      0.03846      0.00000      
54100   0.13720    0.03197    0.04841    0.00041      0.05641      0.00000      0.00055      0.03837      0.00000      
54200   0.13595    0.03189    0.04837    0.00056      0.05514      0.00000      0.00046      0.03833      0.00000      
54300   0.14310    0.03191    0.04835    0.00079      0.06206      0.00000      0.00048      0.03809      0.00000      
54400   0.13750    0.03178    0.04829    0.00064      0.05679      0.00000      0.00066      0.03823      0.00000      
54500   0.14043    0.03164    0.04821    0.00062      0.05996      0.00000      0.00069      0.03814      0.00000      
54600   0.14167    0.03170    0.04823    0.00060      0.06113      0.00000      0.00054      0.03818      0.00000      
54700   0.13725    0.03166    0.04818    0.00060      0.05681      0.00000      0.00082      0.03826      0.00000      
54800   0.13786    0.03166    0.04820    0.00069      0.05731      0.00000      0.00074      0.03815      0.00000      
54900   0.13726    0.03161    0.04815    0.00066      0.05684      0.00000      0.00067      0.03819      0.00000      
55000   0.13729    0.03153    0.04809    0.00056      0.05712      0.00000      0.00064      0.03865      0.00000      
55100   0.13907    0.03160    0.04814    0.00042      0.05891      0.00000      0.00077      0.03825      0.00000      
55200   0.14065    0.03145    0.04805    0.00063      0.06053      0.00000      0.00073      0.03819      0.00000      
55300   0.13819    0.03132    0.04796    0.00070      0.05822      0.00000      0.00040      0.03832      0.00000      
55400   0.13705    0.03129    0.04794    0.00040      0.05741      0.00000      0.00038      0.03840      0.00000      
55500   0.13825    0.03128    0.04787    0.00050      0.05860      0.00000      0.00045      0.03806      0.00000      
55600   0.13671    0.03124    0.04783    0.00067      0.05697      0.00000      0.00045      0.03858      0.00000      
55700   0.14345    0.03125    0.04780    0.00048      0.06392      0.00000      0.00050      0.03776      0.00000      
55800   0.13706    0.03123    0.04776    0.00065      0.05742      0.00000      0.00044      0.03792      0.00000      
55900   0.13801    0.03125    0.04778    0.00059      0.05839      0.00000      0.00068      0.03787      0.00000      
56000   0.13971    0.03115    0.04775    0.00080      0.06001      0.00000      0.00063      0.03809      0.00000      
56100   0.13885    0.03116    0.04770    0.00064      0.05935      0.00000      0.00052      0.03803      0.00000      
56200   0.13798    0.03114    0.04767    0.00075      0.05842      0.00000      0.00048      0.03788      0.00000      
56300   0.13535    0.03110    0.04764    0.00070      0.05591      0.00000      0.00076      0.03787      0.00000      
56400   0.13809    0.03105    0.04761    0.00050      0.05893      0.00000      0.00085      0.03766      0.00000      
56500   0.13447    0.03104    0.04761    0.00062      0.05520      0.00000      0.00066      0.03784      0.00000      
56600   0.13664    0.03110    0.04765    0.00068      0.05721      0.00000      0.00050      0.03763      0.00000      
56700   0.13926    0.03110    0.04763    0.00047      0.06005      0.00000      0.00058      0.03790      0.00000      
56800   0.13736    0.03093    0.04756    0.00071      0.05816      0.00000      0.00051      0.03769      0.00000      
56900   0.13469    0.03094    0.04754    0.00071      0.05550      0.00000      0.00050      0.03774      0.00000      
57000   0.13809    0.03083    0.04750    0.00072      0.05904      0.00000      0.00059      0.03753      0.00000      
57100   0.13756    0.03077    0.04741    0.00050      0.05888      0.00000      0.00062      0.03781      0.00000      
57200   0.13844    0.03070    0.04735    0.00073      0.05966      0.00000      0.00053      0.03762      0.00000      
57300   0.13601    0.03073    0.04732    0.00045      0.05752      0.00000      0.00054      0.03743      0.00000      
57400   0.13519    0.03064    0.04730    0.00056      0.05669      0.00000      0.00070      0.03784      0.00000      
57500   0.13567    0.03062    0.04728    0.00062      0.05714      0.00000      0.00064      0.03774      0.00000      
57600   0.13597    0.03062    0.04724    0.00058      0.05753      0.00000      0.00061      0.03751      0.00000      
57700   0.13596    0.03064    0.04719    0.00077      0.05736      0.00000      0.00042      0.03753      0.00000      
57800   0.13516    0.03061    0.04716    0.00046      0.05694      0.00000      0.00054      0.03756      0.00000      
57900   0.13571    0.03054    0.04709    0.00049      0.05759      0.00000      0.00065      0.03760      0.00000      
58000   0.13787    0.03051    0.04704    0.00048      0.05985      0.00000      0.00065      0.03764      0.00000      
58100   0.13184    0.03047    0.04698    0.00069      0.05371      0.00000      0.00056      0.03754      0.00000      
58200   0.13547    0.03037    0.04693    0.00060      0.05757      0.00000      0.00068      0.03766      0.00000      
58300   0.13447    0.03032    0.04693    0.00069      0.05653      0.00000      0.00088      0.03761      0.00000      
58400   0.13515    0.03030    0.04689    0.00057      0.05739      0.00000      0.00056      0.03751      0.00000      
58500   0.13471    0.03036    0.04689    0.00041      0.05706      0.00000      0.00067      0.03779      0.00000      
58600   0.13452    0.03021    0.04680    0.00063      0.05687      0.00000      0.00081      0.03752      0.00000      
58700   0.13397    0.03021    0.04682    0.00051      0.05643      0.00000      0.00093      0.03760      0.00000      
58800   0.13607    0.03011    0.04676    0.00056      0.05864      0.00000      0.00058      0.03758      0.00000      
58900   0.13923    0.03004    0.04677    0.00049      0.06193      0.00000      0.00065      0.03745      0.00000      
59000   0.13294    0.03003    0.04675    0.00054      0.05561      0.00000      0.00044      0.03734      0.00000      
59100   0.13955    0.03013    0.04676    0.00054      0.06211      0.00000      0.00056      0.03738      0.00000      
59200   0.13497    0.03003    0.04672    0.00050      0.05773      0.00000      0.00063      0.03744      0.00000      
59300   0.13401    0.03004    0.04670    0.00050      0.05677      0.00000      0.00053      0.03746      0.00000      
59400   0.13237    0.03002    0.04665    0.00050      0.05520      0.00000      0.00057      0.03741      0.00000      
59500   0.13473    0.02996    0.04658    0.00059      0.05760      0.00000      0.00041      0.03740      0.00000      
59600   0.13202    0.02992    0.04657    0.00062      0.05492      0.00000      0.00050      0.03747      0.00000      
59700   0.13358    0.02991    0.04654    0.00058      0.05655      0.00000      0.00058      0.03746      0.00000      
59800   0.13249    0.02988    0.04654    0.00054      0.05552      0.00000      0.00063      0.03726      0.00000      
59900   0.13478    0.02987    0.04649    0.00073      0.05769      0.00000      0.00055      0.03725      0.00000      
60000   0.13429    0.02994    0.04651    0.00053      0.05731      0.00000      0.00042      0.03761      0.00000      
60100   0.13855    0.02997    0.04649    0.00053      0.06155      0.00000      0.00057      0.03744      0.00000      
60200   0.15012    0.02987    0.04643    0.00052      0.07328      0.00000      0.00058      0.03758      0.00000      
60300   0.13313    0.02981    0.04639    0.00063      0.05631      0.00000      0.00065      0.03722      0.00000      
60400   0.13282    0.02986    0.04639    0.00054      0.05604      0.00000      0.00053      0.03747      0.00000      
60500   0.13362    0.02989    0.04636    0.00060      0.05677      0.00000      0.00068      0.03728      0.00000      
60600   0.13237    0.02977    0.04633    0.00050      0.05577      0.00000      0.00074      0.03722      0.00000      
60700   0.13562    0.02975    0.04630    0.00049      0.05907      0.00000      0.00056      0.03717      0.00000      
60800   0.13661    0.02963    0.04626    0.00050      0.06021      0.00000      0.00052      0.03756      0.00000      
60900   0.13173    0.02954    0.04621    0.00057      0.05541      0.00000      0.00071      0.03730      0.00000      
61000   0.13404    0.02953    0.04618    0.00044      0.05790      0.00000      0.00057      0.03719      0.00000      
61100   0.12959    0.02941    0.04610    0.00060      0.05348      0.00000      0.00058      0.03724      0.00000      
61200   0.13135    0.02950    0.04613    0.00039      0.05534      0.00000      0.00054      0.03767      0.00000      
61300   0.13444    0.02940    0.04609    0.00049      0.05846      0.00000      0.00058      0.03758      0.00000      
61400   0.13477    0.02938    0.04607    0.00041      0.05890      0.00000      0.00067      0.03735      0.00000      
61500   0.13464    0.02940    0.04604    0.00052      0.05869      0.00000      0.00050      0.03736      0.00000      
61600   0.13275    0.02937    0.04599    0.00057      0.05681      0.00000      0.00072      0.03722      0.00000      
61700   0.13151    0.02938    0.04597    0.00046      0.05570      0.00000      0.00080      0.03694      0.00000      
61800   0.13317    0.02946    0.04598    0.00044      0.05728      0.00000      0.00055      0.03730      0.00000      
61900   0.13274    0.02934    0.04594    0.00054      0.05691      0.00000      0.00056      0.03732      0.00000      
62000   0.13325    0.02934    0.04593    0.00070      0.05728      0.00000      0.00049      0.03733      0.00000      
62100   0.13059    0.02921    0.04587    0.00054      0.05497      0.00000      0.00041      0.03738      0.00000      
62200   0.13203    0.02921    0.04584    0.00055      0.05643      0.00000      0.00060      0.03720      0.00000      
62300   0.13192    0.02919    0.04585    0.00072      0.05615      0.00000      0.00040      0.03733      0.00000      
62400   0.13110    0.02912    0.04579    0.00042      0.05578      0.00000      0.00057      0.03731      0.00000      
62500   0.13474    0.02910    0.04577    0.00052      0.05935      0.00000      0.00052      0.03746      0.00000      
62600   0.13161    0.02903    0.04573    0.00051      0.05634      0.00000      0.00052      0.03726      0.00000      
62700   0.13215    0.02912    0.04575    0.00047      0.05681      0.00000      0.00047      0.03733      0.00000      
62800   0.13520    0.02908    0.04572    0.00069      0.05970      0.00000      0.00061      0.03721      0.00000      
62900   0.13569    0.02907    0.04567    0.00070      0.06026      0.00000      0.00049      0.03721      0.00000      
63000   0.13776    0.02903    0.04564    0.00084      0.06226      0.00000      0.00063      0.03708      0.00000      
63100   0.13067    0.02899    0.04562    0.00047      0.05559      0.00000      0.00057      0.03767      0.00000      
63200   0.13051    0.02891    0.04555    0.00058      0.05546      0.00000      0.00044      0.03715      0.00000      
63300   0.12975    0.02887    0.04553    0.00043      0.05492      0.00000      0.00057      0.03742      0.00000      
63400   0.13268    0.02885    0.04549    0.00041      0.05792      0.00000      0.00049      0.03708      0.00000      
63500   0.13188    0.02880    0.04547    0.00052      0.05708      0.00000      0.00065      0.03708      0.00000      
63600   0.13249    0.02876    0.04543    0.00048      0.05782      0.00000      0.00059      0.03718      0.00000      
63700   0.12978    0.02879    0.04542    0.00041      0.05517      0.00000      0.00061      0.03731      0.00000      
63800   0.13106    0.02878    0.04542    0.00056      0.05631      0.00000      0.00058      0.03723      0.00000      
63900   0.13408    0.02876    0.04537    0.00063      0.05931      0.00000      0.00074      0.03702      0.00000      
64000   0.13171    0.02868    0.04533    0.00058      0.05712      0.00000      0.00041      0.03732      0.00000      
64100   0.13340    0.02861    0.04528    0.00046      0.05905      0.00000      0.00054      0.03723      0.00000      
64200   0.12985    0.02867    0.04530    0.00046      0.05542      0.00000      0.00072      0.03708      0.00000      
64300   0.13213    0.02869    0.04529    0.00048      0.05767      0.00000      0.00071      0.03713      0.00000      
64400   0.12880    0.02868    0.04525    0.00048      0.05439      0.00000      0.00072      0.03760      0.00000      
64500   0.12842    0.02864    0.04519    0.00048      0.05410      0.00000      0.00045      0.03697      0.00000      
64600   0.13474    0.02866    0.04517    0.00068      0.06023      0.00000      0.00064      0.03710      0.00000      
64700   0.12909    0.02856    0.04511    0.00056      0.05486      0.00000      0.00055      0.03693      0.00000      
64800   0.13203    0.02861    0.04511    0.00054      0.05777      0.00000      0.00071      0.03685      0.00000      
64900   0.13350    0.02847    0.04506    0.00063      0.05935      0.00000      0.00078      0.03710      0.00000      
65000   0.12908    0.02843    0.04502    0.00062      0.05501      0.00000      0.00065      0.03702      0.00000      
65100   0.12981    0.02843    0.04503    0.00060      0.05575      0.00000      0.00045      0.03686      0.00000      
65200   0.12915    0.02837    0.04496    0.00055      0.05526      0.00000      0.00048      0.03710      0.00000      
65300   0.12913    0.02838    0.04494    0.00063      0.05518      0.00000      0.00053      0.03698      0.00000      
65400   0.13111    0.02838    0.04493    0.00058      0.05722      0.00000      0.00069      0.03726      0.00000      
65500   0.13283    0.02826    0.04485    0.00054      0.05918      0.00000      0.00054      0.03702      0.00000      
65600   0.13030    0.02825    0.04483    0.00066      0.05656      0.00000      0.00053      0.03699      0.00000      
65700   0.12900    0.02816    0.04479    0.00043      0.05562      0.00000      0.00045      0.03688      0.00000      
65800   0.12970    0.02817    0.04478    0.00033      0.05642      0.00000      0.00055      0.03700      0.00000      
65900   0.12870    0.02817    0.04477    0.00048      0.05529      0.00000      0.00069      0.03691      0.00000      
66000   0.13551    0.02817    0.04477    0.00053      0.06205      0.00000      0.00053      0.03696      0.00000      
66100   0.12912    0.02811    0.04474    0.00051      0.05576      0.00000      0.00050      0.03714      0.00000      
66200   0.13005    0.02807    0.04468    0.00044      0.05687      0.00000      0.00048      0.03732      0.00000      
66300   0.13205    0.02800    0.04466    0.00069      0.05869      0.00000      0.00062      0.03737      0.00000      
66400   0.13109    0.02800    0.04466    0.00061      0.05782      0.00000      0.00061      0.03710      0.00000      
66500   0.13023    0.02789    0.04461    0.00059      0.05714      0.00000      0.00053      0.03720      0.00000      
66600   0.12778    0.02798    0.04461    0.00052      0.05467      0.00000      0.00056      0.03695      0.00000      
66700   0.13084    0.02796    0.04460    0.00046      0.05781      0.00000      0.00057      0.03713      0.00000      
66800   0.12691    0.02792    0.04456    0.00061      0.05382      0.00000      0.00061      0.03684      0.00000      
66900   0.12878    0.02784    0.04451    0.00065      0.05578      0.00000      0.00061      0.03701      0.00000      
67000   0.13171    0.02782    0.04449    0.00035      0.05906      0.00000      0.00070      0.03689      0.00000      
67100   0.13012    0.02780    0.04445    0.00066      0.05721      0.00000      0.00052      0.03694      0.00000      
67200   0.12698    0.02774    0.04444    0.00058      0.05421      0.00000      0.00046      0.03690      0.00000      
67300   0.13030    0.02771    0.04442    0.00060      0.05757      0.00000      0.00059      0.03689      0.00000      
67400   0.13027    0.02766    0.04439    0.00044      0.05779      0.00000      0.00063      0.03665      0.00000      
67500   0.13077    0.02756    0.04434    0.00063      0.05825      0.00000      0.00068      0.03668      0.00000      
67600   0.12868    0.02757    0.04431    0.00044      0.05636      0.00000      0.00054      0.03698      0.00000      
67700   0.12777    0.02745    0.04426    0.00049      0.05557      0.00000      0.00060      0.03698      0.00000      
67800   0.12782    0.02741    0.04423    0.00062      0.05555      0.00000      0.00064      0.03701      0.00000      
67900   0.12853    0.02747    0.04425    0.00056      0.05625      0.00000      0.00067      0.03665      0.00000      
68000   0.12859    0.02740    0.04420    0.00069      0.05630      0.00000      0.00049      0.03696      0.00000      
68100   0.12737    0.02735    0.04417    0.00048      0.05536      0.00000      0.00052      0.03690      0.00000      
68200   0.12899    0.02731    0.04413    0.00063      0.05691      0.00000      0.00062      0.03663      0.00000      
68300   0.13092    0.02725    0.04411    0.00052      0.05904      0.00000      0.00067      0.03696      0.00000      
68400   0.12457    0.02731    0.04412    0.00056      0.05258      0.00000      0.00070      0.03673      0.00000      
68500   0.12832    0.02725    0.04409    0.00040      0.05658      0.00000      0.00047      0.03686      0.00000      
68600   0.12738    0.02726    0.04411    0.00065      0.05536      0.00000      0.00060      0.03685      0.00000      
68700   0.12785    0.02730    0.04411    0.00056      0.05588      0.00000      0.00070      0.03688      0.00000      
68800   0.12730    0.02725    0.04408    0.00046      0.05551      0.00000      0.00046      0.03687      0.00000      
68900   0.12695    0.02717    0.04404    0.00061      0.05514      0.00000      0.00078      0.03689      0.00000      
69000   0.12708    0.02726    0.04406    0.00051      0.05526      0.00000      0.00075      0.03682      0.00000      
69100   0.12948    0.02721    0.04403    0.00050      0.05773      0.00000      0.00066      0.03661      0.00000      
69200   0.13203    0.02724    0.04402    0.00045      0.06033      0.00000      0.00073      0.03680      0.00000      
69300   0.12615    0.02720    0.04398    0.00050      0.05446      0.00000      0.00041      0.03672      0.00000      
69400   0.13265    0.02713    0.04398    0.00059      0.06095      0.00000      0.00055      0.03682      0.00000      
69500   0.12793    0.02718    0.04397    0.00039      0.05639      0.00000      0.00052      0.03703      0.00000      
69600   0.12683    0.02711    0.04395    0.00060      0.05518      0.00000      0.00051      0.03665      0.00000      
69700   0.12527    0.02706    0.04392    0.00044      0.05386      0.00000      0.00040      0.03667      0.00000      
69800   0.12759    0.02704    0.04390    0.00058      0.05606      0.00000      0.00055      0.03668      0.00000      
69900   0.12513    0.02703    0.04388    0.00062      0.05360      0.00000      0.00058      0.03662      0.00000      
70000   0.12710    0.02700    0.04386    0.00059      0.05565      0.00000      0.00064      0.03679      0.00000      
70100   0.12549    0.02701    0.04385    0.00050      0.05413      0.00000      0.00062      0.03689      0.00000      
70200   0.12781    0.02700    0.04386    0.00067      0.05629      0.00000      0.00052      0.03677      0.00000      
70300   0.12724    0.02698    0.04385    0.00050      0.05591      0.00000      0.00051      0.03681      0.00000      
70400   0.13156    0.02694    0.04383    0.00054      0.06024      0.00000      0.00059      0.03689      0.00000      
70500   0.14196    0.02693    0.04382    0.00046      0.07076      0.00000      0.00050      0.03683      0.00000      
70600   0.12682    0.02693    0.04381    0.00044      0.05564      0.00000      0.00044      0.03662      0.00000      
70700   0.12643    0.02695    0.04380    0.00052      0.05516      0.00000      0.00063      0.03675      0.00000      
70800   0.12680    0.02680    0.04375    0.00054      0.05571      0.00000      0.00065      0.03678      0.00000      
70900   0.12600    0.02676    0.04371    0.00057      0.05496      0.00000      0.00074      0.03692      0.00000      
71000   0.12923    0.02678    0.04370    0.00045      0.05830      0.00000      0.00070      0.03681      0.00000      
71100   0.13026    0.02674    0.04367    0.00053      0.05931      0.00000      0.00038      0.03665      0.00000      
71200   0.12519    0.02681    0.04371    0.00051      0.05416      0.00000      0.00057      0.03679      0.00000      
71300   0.12759    0.02678    0.04366    0.00045      0.05671      0.00000      0.00054      0.03654      0.00000      
71400   0.12346    0.02686    0.04369    0.00051      0.05240      0.00000      0.00054      0.03676      0.00000      
71500   0.12536    0.02678    0.04364    0.00048      0.05446      0.00000      0.00044      0.03653      0.00000      
71600   0.12851    0.02677    0.04360    0.00049      0.05765      0.00000      0.00056      0.03653      0.00000      
71700   0.12828    0.02667    0.04358    0.00047      0.05756      0.00000      0.00063      0.03668      0.00000      
71800   0.12840    0.02670    0.04356    0.00059      0.05754      0.00000      0.00048      0.03641      0.00000      
71900   0.12662    0.02671    0.04356    0.00050      0.05585      0.00000      0.00049      0.03647      0.00000      
72000   0.12536    0.02671    0.04354    0.00052      0.05459      0.00000      0.00069      0.03661      0.00000      
72100   0.12705    0.02672    0.04355    0.00046      0.05632      0.00000      0.00064      0.03674      0.00000      
72200   0.12639    0.02667    0.04353    0.00047      0.05572      0.00000      0.00045      0.03673      0.00000      
72300   0.12723    0.02661    0.04348    0.00059      0.05654      0.00000      0.00046      0.03671      0.00000      
72400   0.12467    0.02662    0.04348    0.00064      0.05393      0.00000      0.00051      0.03662      0.00000      
72500   0.12575    0.02649    0.04343    0.00058      0.05525      0.00000      0.00059      0.03650      0.00000      
72600   0.12602    0.02652    0.04343    0.00064      0.05543      0.00000      0.00042      0.03668      0.00000      
72700   0.12509    0.02642    0.04338    0.00050      0.05477      0.00000      0.00057      0.03660      0.00000      
72800   0.12859    0.02635    0.04336    0.00064      0.05824      0.00000      0.00056      0.03665      0.00000      
72900   0.12546    0.02634    0.04334    0.00065      0.05513      0.00000      0.00062      0.03659      0.00000      
73000   0.12542    0.02638    0.04332    0.00045      0.05527      0.00000      0.00049      0.03668      0.00000      
73100   0.12872    0.02630    0.04328    0.00066      0.05848      0.00000      0.00069      0.03674      0.00000      
73200   0.12936    0.02627    0.04328    0.00072      0.05909      0.00000      0.00062      0.03660      0.00000      
73300   0.13131    0.02628    0.04328    0.00081      0.06094      0.00000      0.00065      0.03657      0.00000      
73400   0.12454    0.02628    0.04326    0.00051      0.05449      0.00000      0.00054      0.03655      0.00000      
73500   0.12468    0.02625    0.04327    0.00064      0.05452      0.00000      0.00053      0.03657      0.00000      
73600   0.12397    0.02627    0.04324    0.00033      0.05412      0.00000      0.00063      0.03670      0.00000      
73700   0.12669    0.02629    0.04324    0.00046      0.05670      0.00000      0.00061      0.03644      0.00000      
73800   0.12572    0.02622    0.04321    0.00045      0.05584      0.00000      0.00053      0.03644      0.00000      
73900   0.12656    0.02627    0.04320    0.00052      0.05656      0.00000      0.00062      0.03660      0.00000      
74000   0.12385    0.02622    0.04318    0.00045      0.05401      0.00000      0.00064      0.03672      0.00000      
74100   0.12531    0.02613    0.04316    0.00047      0.05555      0.00000      0.00061      0.03670      0.00000      
74200   0.12821    0.02610    0.04312    0.00061      0.05838      0.00000      0.00080      0.03663      0.00000      
74300   0.12637    0.02610    0.04310    0.00062      0.05655      0.00000      0.00049      0.03655      0.00000      
74400   0.12762    0.02613    0.04310    0.00045      0.05794      0.00000      0.00049      0.03649      0.00000      
74500   0.12389    0.02615    0.04310    0.00041      0.05423      0.00000      0.00068      0.03646      0.00000      
74600   0.12626    0.02621    0.04311    0.00046      0.05649      0.00000      0.00077      0.03667      0.00000      
74700   0.12328    0.02616    0.04308    0.00046      0.05358      0.00000      0.00062      0.03654      0.00000      
74800   0.12278    0.02613    0.04306    0.00045      0.05314      0.00000      0.00046      0.03636      0.00000      
74900   0.12877    0.02611    0.04306    0.00070      0.05890      0.00000      0.00056      0.03632      0.00000      
75000   0.12373    0.02609    0.04306    0.00061      0.05397      0.00000      0.00062      0.03637      0.00000      
75100   0.12616    0.02596    0.04300    0.00065      0.05656      0.00000      0.00075      0.03646      0.00000      
75200   0.12771    0.02595    0.04302    0.00057      0.05817      0.00000      0.00047      0.03646      0.00000      
75300   0.12345    0.02602    0.04300    0.00063      0.05380      0.00000      0.00093      0.03643      0.00000      
75400   0.12454    0.02599    0.04302    0.00051      0.05502      0.00000      0.00054      0.03632      0.00000      
75500   0.12343    0.02601    0.04300    0.00057      0.05384      0.00000      0.00047      0.03639      0.00000      
75600   0.12387    0.02598    0.04300    0.00057      0.05433      0.00000      0.00057      0.03646      0.00000      
75700   0.12567    0.02593    0.04299    0.00049      0.05626      0.00000      0.00065      0.03644      0.00000      
75800   0.12736    0.02592    0.04299    0.00049      0.05795      0.00000      0.00069      0.03663      0.00000      
75900   0.12492    0.02598    0.04300    0.00060      0.05533      0.00000      0.00056      0.03654      0.00000      
76000   0.12413    0.02596    0.04298    0.00046      0.05473      0.00000      0.00059      0.03653      0.00000      
76100   0.12463    0.02594    0.04297    0.00038      0.05534      0.00000      0.00061      0.03631      0.00000      
76200   0.12338    0.02592    0.04296    0.00039      0.05411      0.00000      0.00048      0.03636      0.00000      
76300   0.13005    0.02596    0.04298    0.00050      0.06061      0.00000      0.00057      0.03619      0.00000      
76400   0.12374    0.02592    0.04295    0.00051      0.05437      0.00000      0.00036      0.03638      0.00000      
76500   0.12463    0.02585    0.04293    0.00045      0.05540      0.00000      0.00049      0.03642      0.00000      
76600   0.12684    0.02587    0.04292    0.00067      0.05738      0.00000      0.00065      0.03633      0.00000      
76700   0.12593    0.02589    0.04292    0.00061      0.05651      0.00000      0.00052      0.03624      0.00000      
76800   0.12541    0.02592    0.04293    0.00059      0.05597      0.00000      0.00045      0.03623      0.00000      
76900   0.12300    0.02594    0.04294    0.00053      0.05359      0.00000      0.00056      0.03630      0.00000      
77000   0.12616    0.02593    0.04292    0.00048      0.05683      0.00000      0.00054      0.03623      0.00000      
77100   0.12215    0.02594    0.04290    0.00060      0.05271      0.00000      0.00060      0.03623      0.00000      
77200   0.12416    0.02594    0.04288    0.00058      0.05476      0.00000      0.00053      0.03630      0.00000      
77300   0.12690    0.02593    0.04287    0.00045      0.05765      0.00000      0.00055      0.03629      0.00000      
77400   0.12507    0.02586    0.04284    0.00066      0.05571      0.00000      0.00051      0.03629      0.00000      
77500   0.12229    0.02575    0.04280    0.00047      0.05328      0.00000      0.00042      0.03623      0.00000      
77600   0.12572    0.02575    0.04280    0.00055      0.05661      0.00000      0.00062      0.03627      0.00000      
77700   0.12556    0.02571    0.04278    0.00040      0.05667      0.00000      0.00056      0.03614      0.00000      
77800   0.12634    0.02573    0.04278    0.00051      0.05732      0.00000      0.00051      0.03609      0.00000      
77900   0.12416    0.02571    0.04275    0.00040      0.05530      0.00000      0.00040      0.03614      0.00000      
78000   0.12342    0.02571    0.04274    0.00053      0.05444      0.00000      0.00072      0.03623      0.00000      
78100   0.12367    0.02564    0.04272    0.00055      0.05476      0.00000      0.00063      0.03622      0.00000      
78200   0.12398    0.02565    0.04270    0.00057      0.05506      0.00000      0.00059      0.03619      0.00000      
78300   0.12423    0.02558    0.04268    0.00066      0.05531      0.00000      0.00040      0.03625      0.00000      
78400   0.12285    0.02560    0.04268    0.00045      0.05412      0.00000      0.00049      0.03630      0.00000      
78500   0.12520    0.02562    0.04268    0.00040      0.05649      0.00000      0.00056      0.03641      0.00000      
78600   0.12669    0.02565    0.04267    0.00053      0.05784      0.00000      0.00061      0.03641      0.00000      
78700   0.12043    0.02556    0.04265    0.00050      0.05172      0.00000      0.00061      0.03626      0.00000      
78800   0.12435    0.02558    0.04263    0.00045      0.05568      0.00000      0.00050      0.03617      0.00000      
78900   0.12270    0.02552    0.04262    0.00056      0.05400      0.00000      0.00050      0.03602      0.00000      
79000   0.12386    0.02558    0.04262    0.00042      0.05524      0.00000      0.00068      0.03605      0.00000      
79100   0.12300    0.02551    0.04259    0.00057      0.05433      0.00000      0.00048      0.03619      0.00000      
79200   0.12277    0.02549    0.04258    0.00058      0.05412      0.00000      0.00077      0.03613      0.00000      
79300   0.12297    0.02548    0.04258    0.00051      0.05440      0.00000      0.00066      0.03608      0.00000      
79400   0.12487    0.02543    0.04255    0.00049      0.05641      0.00000      0.00044      0.03610      0.00000      
79500   0.12772    0.02541    0.04254    0.00052      0.05924      0.00000      0.00056      0.03598      0.00000      
79600   0.12184    0.02541    0.04255    0.00044      0.05343      0.00000      0.00040      0.03603      0.00000      
79700   0.12828    0.02535    0.04254    0.00047      0.05993      0.00000      0.00052      0.03622      0.00000      
79800   0.12380    0.02541    0.04255    0.00046      0.05538      0.00000      0.00047      0.03612      0.00000      
79900   0.12268    0.02540    0.04253    0.00055      0.05420      0.00000      0.00043      0.03623      0.00000      
80000   0.12159    0.02537    0.04252    0.00044      0.05326      0.00000      0.00042      0.03613      0.00000      
80100   0.12363    0.02534    0.04252    0.00057      0.05521      0.00000      0.00047      0.03620      0.00000      
80200   0.12112    0.02532    0.04251    0.00053      0.05275      0.00000      0.00053      0.03627      0.00000      
80300   0.12299    0.02533    0.04250    0.00061      0.05455      0.00000      0.00069      0.03609      0.00000      
80400   0.12183    0.02531    0.04247    0.00053      0.05351      0.00000      0.00062      0.03636      0.00000      
80500   0.12381    0.02532    0.04248    0.00065      0.05536      0.00000      0.00052      0.03615      0.00000      
80600   0.12300    0.02533    0.04249    0.00055      0.05464      0.00000      0.00057      0.03615      0.00000      
80700   0.12789    0.02533    0.04248    0.00054      0.05954      0.00000      0.00059      0.03600      0.00000      
80800   0.14018    0.02535    0.04249    0.00052      0.07182      0.00000      0.00060      0.03641      0.00000      
80900   0.12310    0.02532    0.04245    0.00044      0.05488      0.00000      0.00055      0.03627      0.00000      
81000   0.12278    0.02524    0.04241    0.00056      0.05457      0.00000      0.00056      0.03620      0.00000      
81100   0.12336    0.02524    0.04239    0.00053      0.05519      0.00000      0.00048      0.03621      0.00000      
81200   0.12246    0.02526    0.04240    0.00060      0.05420      0.00000      0.00058      0.03615      0.00000      
81300   0.12577    0.02517    0.04236    0.00041      0.05782      0.00000      0.00066      0.03619      0.00000      
81400   0.12640    0.02520    0.04237    0.00061      0.05822      0.00000      0.00055      0.03654      0.00000      
81500   0.12132    0.02513    0.04235    0.00050      0.05334      0.00000      0.00065      0.03633      0.00000      
81600   0.12423    0.02515    0.04234    0.00032      0.05641      0.00000      0.00050      0.03626      0.00000      
81700   0.11974    0.02514    0.04233    0.00049      0.05178      0.00000      0.00050      0.03607      0.00000      
81800   0.12147    0.02511    0.04232    0.00047      0.05357      0.00000      0.00053      0.03621      0.00000      
81900   0.12510    0.02520    0.04232    0.00051      0.05707      0.00000      0.00055      0.03615      0.00000      
82000   0.12479    0.02515    0.04232    0.00049      0.05682      0.00000      0.00058      0.03608      0.00000      
82100   0.12466    0.02510    0.04229    0.00053      0.05675      0.00000      0.00046      0.03600      0.00000      
82200   0.12320    0.02508    0.04228    0.00046      0.05538      0.00000      0.00057      0.03601      0.00000      
82300   0.12204    0.02506    0.04226    0.00043      0.05429      0.00000      0.00056      0.03598      0.00000      
82400   0.12316    0.02502    0.04224    0.00043      0.05548      0.00000      0.00045      0.03611      0.00000      
82500   0.12263    0.02495    0.04221    0.00050      0.05497      0.00000      0.00042      0.03602      0.00000      
82600   0.12362    0.02487    0.04218    0.00052      0.05605      0.00000      0.00047      0.03624      0.00000      
82700   0.12092    0.02490    0.04218    0.00056      0.05328      0.00000      0.00047      0.03602      0.00000      
82800   0.12268    0.02494    0.04218    0.00064      0.05492      0.00000      0.00061      0.03597      0.00000      
82900   0.12275    0.02492    0.04217    0.00060      0.05505      0.00000      0.00048      0.03605      0.00000      
83000   0.12149    0.02486    0.04214    0.00043      0.05406      0.00000      0.00060      0.03599      0.00000      
83100   0.12605    0.02484    0.04210    0.00052      0.05859      0.00000      0.00050      0.03637      0.00000      
83200   0.12189    0.02486    0.04212    0.00053      0.05438      0.00000      0.00044      0.03594      0.00000      
83300   0.12219    0.02478    0.04209    0.00045      0.05487      0.00000      0.00055      0.03624      0.00000      
83400   0.12501    0.02478    0.04210    0.00057      0.05756      0.00000      0.00062      0.03606      0.00000      
83500   0.12609    0.02474    0.04208    0.00066      0.05862      0.00000      0.00061      0.03591      0.00000      
83600   0.12815    0.02477    0.04209    0.00069      0.06060      0.00000      0.00066      0.03626      0.00000      
83700   0.12114    0.02478    0.04209    0.00046      0.05382      0.00000      0.00055      0.03609      0.00000      
83800   0.12148    0.02477    0.04209    0.00056      0.05405      0.00000      0.00048      0.03603      0.00000      
83900   0.12121    0.02481    0.04208    0.00040      0.05394      0.00000      0.00051      0.03604      0.00000      
84000   0.12335    0.02477    0.04205    0.00043      0.05610      0.00000      0.00056      0.03596      0.00000      
84100   0.12281    0.02479    0.04207    0.00049      0.05546      0.00000      0.00058      0.03606      0.00000      
84200   0.12295    0.02471    0.04203    0.00049      0.05572      0.00000      0.00065      0.03589      0.00000      
84300   0.12052    0.02472    0.04203    0.00047      0.05330      0.00000      0.00048      0.03589      0.00000      
84400   0.12169    0.02468    0.04200    0.00045      0.05456      0.00000      0.00057      0.03607      0.00000      
84500   0.12461    0.02475    0.04202    0.00061      0.05723      0.00000      0.00066      0.03594      0.00000      
84600   0.12294    0.02470    0.04200    0.00057      0.05566      0.00000      0.00050      0.03589      0.00000      
84700   0.12457    0.02469    0.04200    0.00043      0.05745      0.00000      0.00056      0.03602      0.00000      
84800   0.12058    0.02478    0.04201    0.00044      0.05336      0.00000      0.00067      0.03589      0.00000      
84900   0.12285    0.02473    0.04200    0.00040      0.05572      0.00000      0.00061      0.03593      0.00000      
85000   0.11996    0.02468    0.04199    0.00044      0.05286      0.00000      0.00059      0.03595      0.00000      
85100   0.11987    0.02467    0.04199    0.00042      0.05280      0.00000      0.00045      0.03598      0.00000      
85200   0.12574    0.02463    0.04197    0.00071      0.05843      0.00000      0.00058      0.03585      0.00000      
85300   0.12069    0.02465    0.04199    0.00058      0.05346      0.00000      0.00046      0.03591      0.00000      
85400   0.12326    0.02460    0.04196    0.00055      0.05615      0.00000      0.00061      0.03632      0.00000      
85500   0.12480    0.02463    0.04196    0.00056      0.05765      0.00000      0.00044      0.03597      0.00000      
85600   0.12035    0.02468    0.04197    0.00058      0.05311      0.00000      0.00070      0.03599      0.00000      
85700   0.12147    0.02470    0.04198    0.00048      0.05431      0.00000      0.00042      0.03614      0.00000      
85800   0.12039    0.02470    0.04196    0.00052      0.05320      0.00000      0.00052      0.03598      0.00000      
85900   0.12061    0.02468    0.04194    0.00050      0.05349      0.00000      0.00061      0.03587      0.00000      
86000   0.12230    0.02464    0.04194    0.00050      0.05522      0.00000      0.00066      0.03581      0.00000      
86100   0.12458    0.02461    0.04192    0.00049      0.05755      0.00000      0.00048      0.03582      0.00000      
86200   0.12174    0.02454    0.04189    0.00057      0.05474      0.00000      0.00054      0.03593      0.00000      
86300   0.12104    0.02454    0.04189    0.00040      0.05420      0.00000      0.00043      0.03607      0.00000      
86400   0.12125    0.02453    0.04188    0.00041      0.05442      0.00000      0.00054      0.03591      0.00000      
86500   0.12006    0.02455    0.04186    0.00037      0.05328      0.00000      0.00070      0.03580      0.00000      
86600   0.12700    0.02457    0.04188    0.00047      0.06008      0.00000      0.00054      0.03591      0.00000      
86700   0.12101    0.02457    0.04187    0.00055      0.05402      0.00000      0.00041      0.03588      0.00000      
86800   0.12191    0.02455    0.04187    0.00042      0.05507      0.00000      0.00053      0.03612      0.00000      
86900   0.12468    0.02451    0.04185    0.00063      0.05770      0.00000      0.00060      0.03581      0.00000      
87000   0.12306    0.02449    0.04183    0.00057      0.05617      0.00000      0.00044      0.03586      0.00000      
87100   0.12227    0.02447    0.04182    0.00057      0.05541      0.00000      0.00047      0.03579      0.00000      
87200   0.11971    0.02445    0.04181    0.00048      0.05298      0.00000      0.00056      0.03581      0.00000      
87300   0.12311    0.02447    0.04181    0.00047      0.05636      0.00000      0.00050      0.03579      0.00000      
87400   0.11892    0.02442    0.04180    0.00053      0.05217      0.00000      0.00059      0.03578      0.00000      
87500   0.12104    0.02442    0.04177    0.00059      0.05426      0.00000      0.00051      0.03587      0.00000      
87600   0.12375    0.02444    0.04177    0.00039      0.05716      0.00000      0.00055      0.03594      0.00000      
87700   0.12222    0.02440    0.04176    0.00067      0.05537      0.00000      0.00050      0.03587      0.00000      
87800   0.11945    0.02441    0.04176    0.00041      0.05287      0.00000      0.00037      0.03596      0.00000      
87900   0.12271    0.02442    0.04173    0.00053      0.05602      0.00000      0.00047      0.03583      0.00000      
88000   0.12259    0.02437    0.04173    0.00039      0.05610      0.00000      0.00052      0.03572      0.00000      
88100   0.12350    0.02438    0.04173    0.00054      0.05686      0.00000      0.00053      0.03568      0.00000      
88200   0.12102    0.02437    0.04172    0.00040      0.05452      0.00000      0.00047      0.03581      0.00000      
88300   0.12028    0.02437    0.04171    0.00046      0.05373      0.00000      0.00072      0.03589      0.00000      
88400   0.12076    0.02437    0.04170    0.00055      0.05414      0.00000      0.00074      0.03570      0.00000      
88500   0.12118    0.02438    0.04171    0.00061      0.05448      0.00000      0.00071      0.03580      0.00000      
88600   0.12144    0.02440    0.04171    0.00061      0.05473      0.00000      0.00049      0.03572      0.00000      
88700   0.12028    0.02435    0.04171    0.00046      0.05376      0.00000      0.00049      0.03570      0.00000      
88800   0.12258    0.02435    0.04171    0.00046      0.05606      0.00000      0.00051      0.03596      0.00000      
88900   0.12376    0.02433    0.04169    0.00053      0.05721      0.00000      0.00051      0.03583      0.00000      
89000   0.11768    0.02438    0.04168    0.00050      0.05112      0.00000      0.00057      0.03589      0.00000      
89100   0.12139    0.02431    0.04166    0.00051      0.05492      0.00000      0.00059      0.03583      0.00000      
89200   0.11997    0.02432    0.04165    0.00052      0.05348      0.00000      0.00057      0.03594      0.00000      
89300   0.12104    0.02436    0.04166    0.00045      0.05457      0.00000      0.00059      0.03590      0.00000      
89400   0.12049    0.02435    0.04166    0.00041      0.05408      0.00000      0.00053      0.03579      0.00000      
89500   0.12015    0.02429    0.04164    0.00061      0.05361      0.00000      0.00068      0.03594      0.00000      
89600   0.12034    0.02433    0.04164    0.00047      0.05391      0.00000      0.00073      0.03605      0.00000      
89700   0.12258    0.02429    0.04162    0.00051      0.05616      0.00000      0.00053      0.03573      0.00000      
89800   0.12513    0.02428    0.04162    0.00050      0.05873      0.00000      0.00062      0.03581      0.00000      
89900   0.11930    0.02426    0.04161    0.00044      0.05299      0.00000      0.00040      0.03575      0.00000      
90000   0.12554    0.02422    0.04159    0.00049      0.05924      0.00000      0.00061      0.03581      0.00000      
90100   0.12109    0.02420    0.04159    0.00046      0.05484      0.00000      0.00044      0.03583      0.00000      
90200   0.11995    0.02420    0.04159    0.00054      0.05363      0.00000      0.00048      0.03564      0.00000      
90300   0.11871    0.02415    0.04157    0.00042      0.05257      0.00000      0.00046      0.03568      0.00000      
90400   0.12092    0.02416    0.04157    0.00046      0.05474      0.00000      0.00049      0.03574      0.00000      
90500   0.11850    0.02419    0.04158    0.00048      0.05225      0.00000      0.00055      0.03572      0.00000      
90600   0.12037    0.02419    0.04157    0.00049      0.05412      0.00000      0.00072      0.03585      0.00000      
90700   0.11882    0.02419    0.04158    0.00046      0.05259      0.00000      0.00055      0.03567      0.00000      
90800   0.12088    0.02415    0.04157    0.00057      0.05460      0.00000      0.00047      0.03560      0.00000      
90900   0.12048    0.02415    0.04156    0.00053      0.05424      0.00000      0.00054      0.03578      0.00000      
91000   0.12508    0.02415    0.04156    0.00054      0.05884      0.00000      0.00046      0.03579      0.00000      
91100   0.13834    0.02415    0.04156    0.00051      0.07212      0.00000      0.00049      0.03567      0.00000      
91200   0.12041    0.02417    0.04157    0.00042      0.05426      0.00000      0.00046      0.03577      0.00000      
91300   0.12002    0.02416    0.04156    0.00050      0.05380      0.00000      0.00058      0.03573      0.00000      
91400   0.12068    0.02411    0.04154    0.00055      0.05448      0.00000      0.00046      0.03569      0.00000      
91500   0.11969    0.02414    0.04154    0.00052      0.05349      0.00000      0.00065      0.03558      0.00000      
91600   0.12285    0.02410    0.04154    0.00046      0.05675      0.00000      0.00065      0.03580      0.00000      
91700   0.12441    0.02410    0.04153    0.00060      0.05819      0.00000      0.00054      0.03575      0.00000      
91800   0.11887    0.02402    0.04148    0.00051      0.05286      0.00000      0.00053      0.03566      0.00000      
91900   0.12169    0.02403    0.04148    0.00033      0.05584      0.00000      0.00048      0.03584      0.00000      
92000   0.11692    0.02408    0.04149    0.00044      0.05090      0.00000      0.00046      0.03568      0.00000      
92100   0.11904    0.02403    0.04147    0.00046      0.05308      0.00000      0.00058      0.03564      0.00000      
92200   0.12233    0.02408    0.04147    0.00047      0.05630      0.00000      0.00056      0.03577      0.00000      
92300   0.12186    0.02402    0.04145    0.00034      0.05606      0.00000      0.00070      0.03581      0.00000      
92400   0.12197    0.02405    0.04144    0.00046      0.05601      0.00000      0.00046      0.03580      0.00000      
92500   0.12075    0.02401    0.04144    0.00045      0.05486      0.00000      0.00053      0.03579      0.00000      
92600   0.11936    0.02401    0.04143    0.00043      0.05349      0.00000      0.00068      0.03564      0.00000      
92700   0.12064    0.02403    0.04143    0.00039      0.05479      0.00000      0.00050      0.03597      0.00000      
92800   0.12050    0.02401    0.04142    0.00049      0.05459      0.00000      0.00043      0.03577      0.00000      
92900   0.12131    0.02400    0.04141    0.00056      0.05534      0.00000      0.00051      0.03560      0.00000      
93000   0.11873    0.02401    0.04141    0.00049      0.05281      0.00000      0.00050      0.03562      0.00000      
93100   0.12034    0.02400    0.04141    0.00055      0.05438      0.00000      0.00056      0.03570      0.00000      
93200   0.12129    0.02400    0.04141    0.00065      0.05523      0.00000      0.00050      0.03567      0.00000      
93300   0.11926    0.02401    0.04140    0.00043      0.05342      0.00000      0.00075      0.03571      0.00000      
93400   0.12384    0.02400    0.04140    0.00045      0.05800      0.00000      0.00048      0.03564      0.00000      
93500   0.11996    0.02394    0.04138    0.00058      0.05406      0.00000      0.00062      0.03563      0.00000      
93600   0.12003    0.02395    0.04138    0.00044      0.05427      0.00000      0.00050      0.03554      0.00000      
93700   0.12263    0.02394    0.04136    0.00055      0.05678      0.00000      0.00049      0.03560      0.00000      
93800   0.12393    0.02395    0.04136    0.00063      0.05799      0.00000      0.00047      0.03543      0.00000      
93900   0.12574    0.02388    0.04134    0.00068      0.05984      0.00000      0.00050      0.03579      0.00000      
94000   0.11908    0.02387    0.04135    0.00049      0.05337      0.00000      0.00060      0.03560      0.00000      
94100   0.11914    0.02387    0.04134    0.00059      0.05334      0.00000      0.00056      0.03561      0.00000      
94200   0.11966    0.02386    0.04133    0.00048      0.05399      0.00000      0.00069      0.03559      0.00000      
94300   0.12101    0.02383    0.04133    0.00044      0.05541      0.00000      0.00065      0.03555      0.00000      
94400   0.12089    0.02384    0.04133    0.00052      0.05520      0.00000      0.00048      0.03557      0.00000      
94500   0.12067    0.02384    0.04134    0.00051      0.05498      0.00000      0.00067      0.03561      0.00000      
94600   0.11842    0.02378    0.04133    0.00043      0.05288      0.00000      0.00060      0.03548      0.00000      
94700   0.11934    0.02375    0.04130    0.00045      0.05384      0.00000      0.00047      0.03543      0.00000      
94800   0.12224    0.02375    0.04129    0.00055      0.05666      0.00000      0.00063      0.03552      0.00000      
94900   0.12076    0.02379    0.04130    0.00055      0.05511      0.00000      0.00046      0.03565      0.00000      
95000   0.12246    0.02379    0.04130    0.00041      0.05696      0.00000      0.00060      0.03565      0.00000      
95100   0.11829    0.02374    0.04127    0.00044      0.05284      0.00000      0.00052      0.03560      0.00000      
95200   0.12045    0.02374    0.04127    0.00052      0.05493      0.00000      0.00062      0.03564      0.00000      
95300   0.11770    0.02373    0.04124    0.00043      0.05229      0.00000      0.00076      0.03547      0.00000      
95400   0.11746    0.02377    0.04125    0.00034      0.05209      0.00000      0.00052      0.03547      0.00000      
95500   0.12349    0.02376    0.04124    0.00062      0.05786      0.00000      0.00049      0.03540      0.00000      
95600   0.11845    0.02378    0.04124    0.00048      0.05295      0.00000      0.00046      0.03546      0.00000      
95700   0.12092    0.02379    0.04124    0.00051      0.05537      0.00000      0.00062      0.03546      0.00000      
95800   0.12258    0.02380    0.04124    0.00056      0.05698      0.00000      0.00045      0.03539      0.00000      
95900   0.11809    0.02377    0.04123    0.00055      0.05255      0.00000      0.00077      0.03537      0.00000      
96000   0.11919    0.02372    0.04120    0.00053      0.05375      0.00000      0.00042      0.03534      0.00000      
96100   0.11797    0.02369    0.04119    0.00047      0.05261      0.00000      0.00043      0.03562      0.00000      
96200   0.11849    0.02373    0.04119    0.00045      0.05312      0.00000      0.00063      0.03551      0.00000      
96300   0.11998    0.02371    0.04120    0.00045      0.05462      0.00000      0.00066      0.03543      0.00000      
96400   0.12244    0.02371    0.04120    0.00054      0.05698      0.00000      0.00052      0.03552      0.00000      
96500   0.11966    0.02368    0.04120    0.00055      0.05423      0.00000      0.00057      0.03536      0.00000      
96600   0.11888    0.02370    0.04119    0.00042      0.05357      0.00000      0.00050      0.03537      0.00000      
96700   0.11904    0.02361    0.04116    0.00039      0.05388      0.00000      0.00060      0.03531      0.00000      
96800   0.11793    0.02363    0.04117    0.00033      0.05281      0.00000      0.00058      0.03535      0.00000      
96900   0.12449    0.02369    0.04118    0.00042      0.05920      0.00000      0.00050      0.03535      0.00000      
97000   0.11904    0.02361    0.04116    0.00049      0.05378      0.00000      0.00038      0.03546      0.00000      
97100   0.11990    0.02365    0.04116    0.00045      0.05464      0.00000      0.00051      0.03547      0.00000      
97200   0.12215    0.02363    0.04116    0.00072      0.05664      0.00000      0.00062      0.03543      0.00000      
97300   0.12108    0.02363    0.04115    0.00053      0.05577      0.00000      0.00060      0.03546      0.00000      
97400   0.11997    0.02361    0.04115    0.00059      0.05462      0.00000      0.00048      0.03540      0.00000      
97500   0.11748    0.02354    0.04112    0.00052      0.05230      0.00000      0.00058      0.03537      0.00000      
97600   0.12088    0.02353    0.04111    0.00039      0.05585      0.00000      0.00055      0.03541      0.00000      
97700   0.11655    0.02359    0.04111    0.00057      0.05128      0.00000      0.00051      0.03529      0.00000      
97800   0.11871    0.02353    0.04110    0.00054      0.05354      0.00000      0.00048      0.03533      0.00000      
97900   0.12144    0.02353    0.04110    0.00036      0.05645      0.00000      0.00050      0.03527      0.00000      
98000   0.11997    0.02351    0.04110    0.00060      0.05475      0.00000      0.00043      0.03540      0.00000      
98100   0.11718    0.02352    0.04108    0.00049      0.05210      0.00000      0.00043      0.03543      0.00000      
98200   0.12053    0.02352    0.04109    0.00049      0.05543      0.00000      0.00041      0.03544      0.00000      
98300   0.12059    0.02348    0.04108    0.00038      0.05565      0.00000      0.00067      0.03535      0.00000      
98400   0.12118    0.02351    0.04108    0.00049      0.05611      0.00000      0.00050      0.03529      0.00000      
98500   0.11875    0.02347    0.04107    0.00035      0.05386      0.00000      0.00048      0.03540      0.00000      
98600   0.11814    0.02348    0.04108    0.00048      0.05309      0.00000      0.00068      0.03526      0.00000      
98700   0.11852    0.02348    0.04108    0.00053      0.05344      0.00000      0.00059      0.03535      0.00000      
98800   0.11892    0.02347    0.04107    0.00048      0.05390      0.00000      0.00045      0.03537      0.00000      
98900   0.11903    0.02342    0.04106    0.00061      0.05394      0.00000      0.00047      0.03538      0.00000      
99000   0.11796    0.02345    0.04105    0.00041      0.05304      0.00000      0.00051      0.03545      0.00000      
99100   0.12124    0.02347    0.04106    0.00052      0.05618      0.00000      0.00053      0.03564      0.00000      
99200   0.12169    0.02348    0.04106    0.00053      0.05662      0.00000      0.00063      0.03547      0.00000      
99300   0.11543    0.02349    0.04105    0.00051      0.05039      0.00000      0.00047      0.03545      0.00000      
99400   0.11940    0.02350    0.04104    0.00045      0.05442      0.00000      0.00053      0.03538      0.00000      
99500   0.11778    0.02349    0.04103    0.00055      0.05271      0.00000      0.00061      0.03551      0.00000      
99600   0.11869    0.02341    0.04100    0.00043      0.05385      0.00000      0.00081      0.03544      0.00000      
99700   0.11836    0.02341    0.04100    0.00041      0.05353      0.00000      0.00050      0.03546      0.00000      
99800   0.11788    0.02344    0.04100    0.00057      0.05287      0.00000      0.00066      0.03537      0.00000      
99900   0.11810    0.02340    0.04100    0.00046      0.05323      0.00000      0.00060      0.03552      0.00000      
100000  0.12023    0.02338    0.04100    0.00044      0.05541      0.00000      0.00042      0.03545      0.00000      
100100  0.12255    0.02342    0.04099    0.00041      0.05774      0.00000      0.00051      0.03540      0.00000      
100200  0.11715    0.02343    0.04099    0.00052      0.05220      0.00000      0.00054      0.03526      0.00000      
100300  0.12351    0.02343    0.04098    0.00055      0.05856      0.00000      0.00063      0.03530      0.00000      
100400  0.11902    0.02344    0.04098    0.00047      0.05413      0.00000      0.00049      0.03545      0.00000      
100500  0.11771    0.02338    0.04097    0.00050      0.05287      0.00000      0.00051      0.03531      0.00000      
100600  0.11688    0.02338    0.04097    0.00045      0.05209      0.00000      0.00043      0.03529      0.00000      
100700  0.11886    0.02332    0.04095    0.00047      0.05412      0.00000      0.00049      0.03547      0.00000      
100800  0.11653    0.02332    0.04094    0.00047      0.05180      0.00000      0.00060      0.03535      0.00000      
100900  0.11824    0.02336    0.04095    0.00042      0.05351      0.00000      0.00049      0.03539      0.00000      
101000  0.11684    0.02336    0.04094    0.00051      0.05203      0.00000      0.00053      0.03529      0.00000      
101100  0.11894    0.02336    0.04094    0.00058      0.05407      0.00000      0.00060      0.03534      0.00000      
101200  0.11845    0.02333    0.04093    0.00049      0.05371      0.00000      0.00047      0.03541      0.00000      
101300  0.12301    0.02331    0.04091    0.00051      0.05827      0.00000      0.00054      0.03534      0.00000      
101400  0.13627    0.02333    0.04092    0.00049      0.07153      0.00000      0.00051      0.03542      0.00000      
101500  0.11831    0.02329    0.04091    0.00038      0.05373      0.00000      0.00043      0.03537      0.00000      
101600  0.11789    0.02330    0.04091    0.00046      0.05323      0.00000      0.00056      0.03538      0.00000      
101700  0.11860    0.02326    0.04090    0.00050      0.05394      0.00000      0.00052      0.03540      0.00000      
101800  0.11770    0.02330    0.04090    0.00053      0.05297      0.00000      0.00062      0.03542      0.00000      
101900  0.12079    0.02336    0.04091    0.00044      0.05608      0.00000      0.00058      0.03524      0.00000      
102000  0.12256    0.02334    0.04090    0.00048      0.05784      0.00000      0.00037      0.03582      0.00000      
102100  0.11701    0.02330    0.04088    0.00054      0.05229      0.00000      0.00057      0.03537      0.00000      
102200  0.11972    0.02328    0.04088    0.00038      0.05518      0.00000      0.00048      0.03523      0.00000      
102300  0.11513    0.02326    0.04087    0.00051      0.05049      0.00000      0.00052      0.03545      0.00000      
102400  0.11706    0.02324    0.04086    0.00043      0.05253      0.00000      0.00057      0.03539      0.00000      
102500  0.12024    0.02326    0.04087    0.00045      0.05567      0.00000      0.00062      0.03535      0.00000      
102600  0.12004    0.02326    0.04087    0.00035      0.05556      0.00000      0.00068      0.03534      0.00000      
102700  0.12011    0.02322    0.04086    0.00050      0.05553      0.00000      0.00037      0.03539      0.00000      
102800  0.11859    0.02326    0.04086    0.00046      0.05401      0.00000      0.00052      0.03531      0.00000      
102900  0.11747    0.02329    0.04086    0.00045      0.05287      0.00000      0.00057      0.03541      0.00000      
103000  0.11867    0.02328    0.04085    0.00039      0.05415      0.00000      0.00054      0.03529      0.00000      
103100  0.11843    0.02325    0.04085    0.00039      0.05393      0.00000      0.00048      0.03519      0.00000      
103200  0.11930    0.02327    0.04086    0.00055      0.05462      0.00000      0.00058      0.03525      0.00000      
103300  0.11682    0.02319    0.04084    0.00052      0.05226      0.00000      0.00045      0.03529      0.00000      
103400  0.11830    0.02322    0.04084    0.00055      0.05369      0.00000      0.00049      0.03529      0.00000      
103500  0.11967    0.02327    0.04085    0.00056      0.05498      0.00000      0.00039      0.03525      0.00000      
103600  0.11729    0.02324    0.04084    0.00035      0.05285      0.00000      0.00054      0.03518      0.00000      
103700  0.12307    0.02322    0.04083    0.00051      0.05851      0.00000      0.00039      0.03522      0.00000      
103800  0.11786    0.02323    0.04083    0.00046      0.05334      0.00000      0.00045      0.03504      0.00000      
103900  0.11811    0.02321    0.04082    0.00038      0.05370      0.00000      0.00047      0.03522      0.00000      
104000  0.12088    0.02319    0.04080    0.00054      0.05635      0.00000      0.00049      0.03535      0.00000      
104100  0.12186    0.02319    0.04079    0.00063      0.05725      0.00000      0.00050      0.03524      0.00000      
104200  0.12383    0.02319    0.04080    0.00070      0.05913      0.00000      0.00061      0.03531      0.00000      
104300  0.11719    0.02320    0.04080    0.00040      0.05280      0.00000      0.00046      0.03542      0.00000      
104400  0.11727    0.02317    0.04079    0.00053      0.05277      0.00000      0.00047      0.03532      0.00000      
104500  0.11814    0.02319    0.04079    0.00037      0.05379      0.00000      0.00053      0.03529      0.00000      
104600  0.11933    0.02318    0.04078    0.00039      0.05498      0.00000      0.00049      0.03527      0.00000      
104700  0.11891    0.02316    0.04079    0.00047      0.05449      0.00000      0.00055      0.03529      0.00000      
104800  0.11870    0.02312    0.04078    0.00047      0.05433      0.00000      0.00057      0.03525      0.00000      
104900  0.11683    0.02314    0.04077    0.00041      0.05252      0.00000      0.00051      0.03530      0.00000      
105000  0.11772    0.02318    0.04079    0.00042      0.05333      0.00000      0.00049      0.03534      0.00000      
105100  0.12050    0.02319    0.04078    0.00061      0.05591      0.00000      0.00055      0.03532      0.00000      
105200  0.11909    0.02318    0.04078    0.00057      0.05456      0.00000      0.00036      0.03527      0.00000      
105300  0.12043    0.02319    0.04078    0.00040      0.05606      0.00000      0.00043      0.03522      0.00000      
105400  0.11670    0.02316    0.04077    0.00039      0.05238      0.00000      0.00049      0.03521      0.00000      
105500  0.11864    0.02310    0.04075    0.00039      0.05440      0.00000      0.00063      0.03531      0.00000      
105600  0.11607    0.02310    0.04076    0.00041      0.05181      0.00000      0.00066      0.03523      0.00000      
105700  0.11609    0.02312    0.04076    0.00040      0.05180      0.00000      0.00042      0.03525      0.00000      
105800  0.12171    0.02314    0.04075    0.00063      0.05718      0.00000      0.00049      0.03528      0.00000      
105900  0.11706    0.02310    0.04074    0.00060      0.05262      0.00000      0.00046      0.03524      0.00000      
106000  0.11902    0.02308    0.04074    0.00056      0.05464      0.00000      0.00062      0.03519      0.00000      
106100  0.12106    0.02313    0.04074    0.00054      0.05665      0.00000      0.00047      0.03527      0.00000      
106200  0.11652    0.02318    0.04075    0.00056      0.05203      0.00000      0.00068      0.03530      0.00000      
106300  0.11779    0.02318    0.04075    0.00046      0.05340      0.00000      0.00037      0.03523      0.00000      
106400  0.11640    0.02314    0.04073    0.00050      0.05204      0.00000      0.00044      0.03530      0.00000      
106500  0.11683    0.02313    0.04072    0.00049      0.05249      0.00000      0.00051      0.03521      0.00000      
106600  0.11831    0.02313    0.04075    0.00041      0.05402      0.00000      0.00055      0.03526      0.00000      
106700  0.12071    0.02311    0.04074    0.00059      0.05627      0.00000      0.00048      0.03530      0.00000      
106800  0.11808    0.02309    0.04072    0.00055      0.05371      0.00000      0.00051      0.03520      0.00000      
106900  0.11736    0.02309    0.04072    0.00037      0.05318      0.00000      0.00048      0.03522      0.00000      
107000  0.11753    0.02309    0.04072    0.00041      0.05331      0.00000      0.00050      0.03525      0.00000      
107100  0.11653    0.02308    0.04072    0.00041      0.05231      0.00000      0.00039      0.03531      0.00000      
107200  0.12249    0.02306    0.04071    0.00042      0.05829      0.00000      0.00048      0.03528      0.00000      
107300  0.11785    0.02304    0.04070    0.00053      0.05358      0.00000      0.00041      0.03526      0.00000      
107400  0.11907    0.02305    0.04070    0.00056      0.05476      0.00000      0.00049      0.03518      0.00000      
107500  0.12118    0.02301    0.04070    0.00062      0.05686      0.00000      0.00058      0.03522      0.00000      
107600  0.11968    0.02303    0.04069    0.00050      0.05547      0.00000      0.00054      0.03517      0.00000      
107700  0.11831    0.02307    0.04070    0.00057      0.05398      0.00000      0.00040      0.03529      0.00000      
107800  0.11620    0.02302    0.04068    0.00050      0.05199      0.00000      0.00060      0.03506      0.00000      
107900  0.11953    0.02299    0.04067    0.00045      0.05542      0.00000      0.00047      0.03523      0.00000      
108000  0.11501    0.02300    0.04066    0.00053      0.05082      0.00000      0.00050      0.03502      0.00000      
108100  0.11728    0.02301    0.04066    0.00057      0.05304      0.00000      0.00050      0.03526      0.00000      
108200  0.11966    0.02302    0.04066    0.00040      0.05557      0.00000      0.00056      0.03506      0.00000      
108300  0.11857    0.02299    0.04066    0.00061      0.05431      0.00000      0.00051      0.03519      0.00000      
108400  0.11570    0.02298    0.04066    0.00042      0.05164      0.00000      0.00041      0.03507      0.00000      
108500  0.11895    0.02299    0.04065    0.00049      0.05482      0.00000      0.00043      0.03509      0.00000      
108600  0.11882    0.02298    0.04066    0.00037      0.05481      0.00000      0.00051      0.03513      0.00000      
108700  0.11963    0.02301    0.04066    0.00048      0.05548      0.00000      0.00051      0.03512      0.00000      
108800  0.11723    0.02297    0.04065    0.00040      0.05321      0.00000      0.00043      0.03515      0.00000      
108900  0.11670    0.02293    0.04063    0.00044      0.05270      0.00000      0.00071      0.03511      0.00000      
109000  0.11706    0.02290    0.04063    0.00053      0.05301      0.00000      0.00071      0.03511      0.00000      
109100  0.11736    0.02291    0.04063    0.00047      0.05334      0.00000      0.00048      0.03508      0.00000      
109200  0.11765    0.02286    0.04060    0.00059      0.05360      0.00000      0.00045      0.03514      0.00000      
109300  0.11653    0.02288    0.04062    0.00039      0.05264      0.00000      0.00049      0.03532      0.00000      
109400  0.11957    0.02281    0.04060    0.00045      0.05571      0.00000      0.00049      0.03532      0.00000      
109500  0.11988    0.02284    0.04060    0.00052      0.05592      0.00000      0.00050      0.03521      0.00000      
109600  0.11401    0.02277    0.04057    0.00052      0.05015      0.00000      0.00041      0.03514      0.00000      
109700  0.11756    0.02281    0.04058    0.00044      0.05372      0.00000      0.00048      0.03534      0.00000      
109800  0.11644    0.02281    0.04058    0.00054      0.05251      0.00000      0.00049      0.03520      0.00000      
109900  0.11736    0.02284    0.04058    0.00044      0.05350      0.00000      0.00070      0.03506      0.00000      
110000  0.11708    0.02283    0.04058    0.00054      0.05314      0.00000      0.00051      0.03502      0.00000      
110100  0.11640    0.02282    0.04057    0.00058      0.05243      0.00000      0.00060      0.03509      0.00000      
110200  0.11670    0.02281    0.04057    0.00043      0.05289      0.00000      0.00058      0.03523      0.00000      
110300  0.11883    0.02279    0.04056    0.00048      0.05500      0.00000      0.00056      0.03507      0.00000      
110400  0.12114    0.02278    0.04056    0.00040      0.05741      0.00000      0.00050      0.03515      0.00000      
110500  0.11556    0.02274    0.04055    0.00043      0.05184      0.00000      0.00043      0.03505      0.00000      
110600  0.12169    0.02271    0.04054    0.00047      0.05797      0.00000      0.00057      0.03513      0.00000      
110700  0.11725    0.02271    0.04053    0.00039      0.05362      0.00000      0.00053      0.03513      0.00000      
110800  0.11631    0.02272    0.04055    0.00052      0.05252      0.00000      0.00049      0.03511      0.00000      
110900  0.11542    0.02271    0.04055    0.00049      0.05168      0.00000      0.00047      0.03505      0.00000      
111000  0.11711    0.02269    0.04054    0.00048      0.05340      0.00000      0.00052      0.03509      0.00000      
111100  0.11524    0.02271    0.04055    0.00049      0.05148      0.00000      0.00053      0.03511      0.00000      
111200  0.11685    0.02277    0.04054    0.00045      0.05309      0.00000      0.00046      0.03509      0.00000      
111300  0.11525    0.02275    0.04053    0.00046      0.05151      0.00000      0.00054      0.03517      0.00000      
111400  0.11740    0.02274    0.04053    0.00057      0.05356      0.00000      0.00045      0.03507      0.00000      
111500  0.11707    0.02277    0.04056    0.00047      0.05327      0.00000      0.00052      0.03512      0.00000      
111600  0.12166    0.02279    0.04056    0.00049      0.05783      0.00000      0.00047      0.03496      0.00000      
111700  0.13586    0.02277    0.04056    0.00049      0.07203      0.00000      0.00044      0.03503      0.00000      
111800  0.11691    0.02277    0.04054    0.00039      0.05320      0.00000      0.00035      0.03520      0.00000      
111900  0.11641    0.02273    0.04052    0.00046      0.05271      0.00000      0.00051      0.03510      0.00000      
112000  0.11708    0.02271    0.04052    0.00052      0.05334      0.00000      0.00044      0.03510      0.00000      
112100  0.11634    0.02270    0.04051    0.00055      0.05257      0.00000      0.00060      0.03512      0.00000      
112200  0.11907    0.02274    0.04052    0.00041      0.05539      0.00000      0.00063      0.03510      0.00000      
112300  0.12101    0.02272    0.04052    0.00047      0.05731      0.00000      0.00038      0.03516      0.00000      
112400  0.11554    0.02269    0.04050    0.00057      0.05179      0.00000      0.00065      0.03511      0.00000      
112500  0.11829    0.02270    0.04050    0.00034      0.05475      0.00000      0.00047      0.03504      0.00000      
112600  0.11352    0.02269    0.04050    0.00041      0.04991      0.00000      0.00050      0.03508      0.00000      
112700  0.11567    0.02271    0.04051    0.00046      0.05200      0.00000      0.00049      0.03521      0.00000      
112800  0.11886    0.02264    0.04049    0.00042      0.05531      0.00000      0.00059      0.03502      0.00000      
112900  0.11824    0.02263    0.04049    0.00034      0.05478      0.00000      0.00064      0.03494      0.00000      
113000  0.11859    0.02262    0.04047    0.00048      0.05502      0.00000      0.00048      0.03494      0.00000      
113100  0.11734    0.02263    0.04047    0.00044      0.05381      0.00000      0.00058      0.03502      0.00000      
113200  0.11601    0.02259    0.04046    0.00042      0.05253      0.00000      0.00063      0.03499      0.00000      
113300  0.11720    0.02262    0.04046    0.00036      0.05377      0.00000      0.00053      0.03503      0.00000      
113400  0.11712    0.02264    0.04046    0.00036      0.05366      0.00000      0.00053      0.03493      0.00000      
113500  0.11787    0.02265    0.04047    0.00050      0.05426      0.00000      0.00043      0.03498      0.00000      
113600  0.11536    0.02266    0.04047    0.00046      0.05177      0.00000      0.00044      0.03497      0.00000      
113700  0.11684    0.02263    0.04047    0.00051      0.05323      0.00000      0.00047      0.03496      0.00000      
113800  0.11807    0.02262    0.04046    0.00051      0.05449      0.00000      0.00042      0.03500      0.00000      
113900  0.11597    0.02263    0.04046    0.00038      0.05251      0.00000      0.00045      0.03505      0.00000      
114000  0.12139    0.02260    0.04045    0.00048      0.05786      0.00000      0.00047      0.03503      0.00000      
114100  0.11645    0.02259    0.04044    0.00049      0.05293      0.00000      0.00045      0.03505      0.00000      
114200  0.11667    0.02256    0.04043    0.00040      0.05329      0.00000      0.00051      0.03504      0.00000      
114300  0.11951    0.02253    0.04043    0.00053      0.05602      0.00000      0.00057      0.03511      0.00000      
114400  0.12030    0.02251    0.04041    0.00061      0.05676      0.00000      0.00069      0.03511      0.00000      
114500  0.12243    0.02252    0.04041    0.00071      0.05879      0.00000      0.00060      0.03520      0.00000      
114600  0.11575    0.02252    0.04042    0.00042      0.05239      0.00000      0.00055      0.03518      0.00000      
114700  0.11591    0.02254    0.04043    0.00048      0.05245      0.00000      0.00056      0.03507      0.00000      
114800  0.11610    0.02255    0.04041    0.00035      0.05278      0.00000      0.00054      0.03516      0.00000      
114900  0.11781    0.02253    0.04041    0.00042      0.05445      0.00000      0.00052      0.03498      0.00000      
115000  0.11755    0.02252    0.04041    0.00043      0.05418      0.00000      0.00047      0.03509      0.00000      
115100  0.11752    0.02251    0.04040    0.00045      0.05417      0.00000      0.00057      0.03502      0.00000      
115200  0.11546    0.02249    0.04040    0.00041      0.05215      0.00000      0.00053      0.03507      0.00000      
115300  0.11629    0.02247    0.04038    0.00040      0.05305      0.00000      0.00055      0.03501      0.00000      
115400  0.11907    0.02246    0.04037    0.00061      0.05563      0.00000      0.00063      0.03518      0.00000      
115500  0.11775    0.02249    0.04038    0.00059      0.05430      0.00000      0.00048      0.03502      0.00000      
115600  0.11890    0.02248    0.04038    0.00038      0.05566      0.00000      0.00052      0.03504      0.00000      
115700  0.11540    0.02251    0.04038    0.00041      0.05209      0.00000      0.00053      0.03506      0.00000      
115800  0.11731    0.02247    0.04037    0.00047      0.05400      0.00000      0.00071      0.03506      0.00000      
115900  0.11463    0.02245    0.04037    0.00042      0.05139      0.00000      0.00069      0.03517      0.00000      
116000  0.11465    0.02248    0.04037    0.00036      0.05144      0.00000      0.00055      0.03515      0.00000      
116100  0.12020    0.02246    0.04036    0.00060      0.05678      0.00000      0.00050      0.03507      0.00000      
116200  0.11540    0.02245    0.04036    0.00054      0.05205      0.00000      0.00049      0.03507      0.00000      
116300  0.11760    0.02245    0.04036    0.00048      0.05431      0.00000      0.00058      0.03504      0.00000      
116400  0.11932    0.02245    0.04036    0.00055      0.05596      0.00000      0.00045      0.03521      0.00000      
116500  0.11511    0.02242    0.04034    0.00053      0.05182      0.00000      0.00074      0.03498      0.00000      
116600  0.11626    0.02244    0.04034    0.00045      0.05303      0.00000      0.00042      0.03501      0.00000      
116700  0.11495    0.02239    0.04033    0.00049      0.05175      0.00000      0.00045      0.03502      0.00000      
116800  0.11522    0.02241    0.04033    0.00044      0.05202      0.00000      0.00059      0.03501      0.00000      
116900  0.11665    0.02243    0.04034    0.00039      0.05350      0.00000      0.00056      0.03523      0.00000      
117000  0.11884    0.02240    0.04033    0.00049      0.05563      0.00000      0.00051      0.03502      0.00000      
117100  0.11663    0.02238    0.04032    0.00053      0.05340      0.00000      0.00050      0.03503      0.00000      
117200  0.11590    0.02238    0.04032    0.00039      0.05281      0.00000      0.00043      0.03505      0.00000      
117300  0.11628    0.02236    0.04031    0.00037      0.05324      0.00000      0.00051      0.03507      0.00000      
117400  0.11504    0.02239    0.04032    0.00033      0.05201      0.00000      0.00054      0.03504      0.00000      
117500  0.12127    0.02240    0.04032    0.00048      0.05808      0.00000      0.00058      0.03514      0.00000      
117600  0.11624    0.02238    0.04031    0.00053      0.05302      0.00000      0.00037      0.03523      0.00000      
117700  0.11742    0.02237    0.04030    0.00045      0.05430      0.00000      0.00055      0.03505      0.00000      
117800  0.11967    0.02233    0.04029    0.00059      0.05646      0.00000      0.00058      0.03504      0.00000      
117900  0.11805    0.02233    0.04028    0.00054      0.05489      0.00000      0.00053      0.03511      0.00000      
118000  0.11691    0.02234    0.04028    0.00055      0.05373      0.00000      0.00057      0.03489      0.00000      
118100  0.11485    0.02232    0.04026    0.00050      0.05176      0.00000      0.00051      0.03493      0.00000      
118200  0.11792    0.02230    0.04026    0.00041      0.05495      0.00000      0.00056      0.03493      0.00000      
118300  0.11366    0.02232    0.04026    0.00054      0.05054      0.00000      0.00053      0.03498      0.00000      
118400  0.11589    0.02229    0.04026    0.00054      0.05280      0.00000      0.00050      0.03496      0.00000      
118500  0.11832    0.02226    0.04023    0.00039      0.05544      0.00000      0.00049      0.03501      0.00000      
118600  0.11689    0.02226    0.04023    0.00052      0.05388      0.00000      0.00050      0.03502      0.00000      
118700  0.11438    0.02229    0.04024    0.00044      0.05142      0.00000      0.00044      0.03495      0.00000      
118800  0.11758    0.02227    0.04023    0.00053      0.05454      0.00000      0.00045      0.03496      0.00000      
118900  0.11738    0.02222    0.04022    0.00040      0.05454      0.00000      0.00054      0.03503      0.00000      
119000  0.11836    0.02225    0.04022    0.00052      0.05538      0.00000      0.00052      0.03494      0.00000      
119100  0.11565    0.02226    0.04022    0.00037      0.05280      0.00000      0.00046      0.03501      0.00000      
119200  0.11540    0.02228    0.04023    0.00043      0.05246      0.00000      0.00071      0.03497      0.00000      
119300  0.11582    0.02228    0.04021    0.00056      0.05277      0.00000      0.00058      0.03496      0.00000      
119400  0.11604    0.02223    0.04021    0.00053      0.05307      0.00000      0.00052      0.03504      0.00000      
119500  0.11635    0.02224    0.04021    0.00059      0.05331      0.00000      0.00043      0.03517      0.00000      
119600  0.11515    0.02219    0.04019    0.00042      0.05235      0.00000      0.00053      0.03505      0.00000      
119700  0.11869    0.02225    0.04020    0.00052      0.05571      0.00000      0.00052      0.03513      0.00000      
119800  0.11833    0.02223    0.04020    0.00052      0.05539      0.00000      0.00056      0.03504      0.00000      
119900  0.11289    0.02227    0.04020    0.00050      0.04992      0.00000      0.00042      0.03502      0.00000      
120000  0.11624    0.02222    0.04019    0.00042      0.05341      0.00000      0.00049      0.03505      0.00000      
120100  0.11518    0.02217    0.04018    0.00056      0.05226      0.00000      0.00048      0.03507      0.00000      
120200  0.11600    0.02224    0.04019    0.00045      0.05311      0.00000      0.00063      0.03499      0.00000      
120300  0.11551    0.02222    0.04020    0.00040      0.05269      0.00000      0.00044      0.03511      0.00000      
120400  0.11511    0.02219    0.04018    0.00055      0.05219      0.00000      0.00063      0.03503      0.00000      
120500  0.11537    0.02220    0.04018    0.00039      0.05260      0.00000      0.00061      0.03515      0.00000      
120600  0.11745    0.02217    0.04016    0.00045      0.05467      0.00000      0.00053      0.03497      0.00000      
120700  0.11976    0.02219    0.04016    0.00038      0.05703      0.00000      0.00056      0.03505      0.00000      
120800  0.11425    0.02219    0.04016    0.00039      0.05151      0.00000      0.00042      0.03502      0.00000      
120900  0.12049    0.02220    0.04015    0.00050      0.05764      0.00000      0.00054      0.03508      0.00000      
121000  0.11619    0.02220    0.04016    0.00044      0.05339      0.00000      0.00048      0.03503      0.00000      
121100  0.11505    0.02217    0.04015    0.00048      0.05225      0.00000      0.00045      0.03494      0.00000      
121200  0.11418    0.02218    0.04015    0.00043      0.05142      0.00000      0.00040      0.03507      0.00000      
121300  0.11594    0.02219    0.04014    0.00046      0.05316      0.00000      0.00042      0.03500      0.00000      
121400  0.11396    0.02219    0.04015    0.00047      0.05114      0.00000      0.00041      0.03492      0.00000      
121500  0.11576    0.02220    0.04015    0.00047      0.05294      0.00000      0.00052      0.03488      0.00000      
121600  0.11405    0.02218    0.04015    0.00046      0.05127      0.00000      0.00055      0.03496      0.00000      
121700  0.11612    0.02217    0.04014    0.00058      0.05322      0.00000      0.00047      0.03494      0.00000      
121800  0.11578    0.02220    0.04014    0.00049      0.05294      0.00000      0.00049      0.03493      0.00000      
121900  0.12009    0.02218    0.04014    0.00045      0.05732      0.00000      0.00055      0.03492      0.00000      
122000  0.13412    0.02218    0.04014    0.00043      0.07138      0.00000      0.00046      0.03499      0.00000      
122100  0.11558    0.02212    0.04013    0.00039      0.05294      0.00000      0.00041      0.03503      0.00000      
122200  0.11503    0.02216    0.04012    0.00050      0.05225      0.00000      0.00047      0.03510      0.00000      
122300  0.11575    0.02215    0.04012    0.00051      0.05297      0.00000      0.00049      0.03494      0.00000      
122400  0.11507    0.02213    0.04012    0.00052      0.05230      0.00000      0.00052      0.03498      0.00000      
122500  0.11772    0.02213    0.04011    0.00040      0.05507      0.00000      0.00068      0.03504      0.00000      
122600  0.12043    0.02214    0.04012    0.00060      0.05756      0.00000      0.00044      0.03503      0.00000      
122700  0.11438    0.02213    0.04012    0.00050      0.05164      0.00000      0.00061      0.03506      0.00000      
122800  0.11684    0.02210    0.04011    0.00036      0.05427      0.00000      0.00054      0.03494      0.00000      
122900  0.11229    0.02208    0.04010    0.00039      0.04972      0.00000      0.00049      0.03507      0.00000      
123000  0.11437    0.02206    0.04010    0.00048      0.05173      0.00000      0.00052      0.03502      0.00000      
123100  0.11775    0.02205    0.04009    0.00046      0.05514      0.00000      0.00070      0.03500      0.00000      
123200  0.11704    0.02210    0.04010    0.00034      0.05450      0.00000      0.00066      0.03507      0.00000      
123300  0.11736    0.02207    0.04008    0.00050      0.05471      0.00000      0.00043      0.03503      0.00000      
123400  0.11612    0.02208    0.04007    0.00044      0.05353      0.00000      0.00051      0.03509      0.00000      
123500  0.11466    0.02206    0.04006    0.00039      0.05214      0.00000      0.00067      0.03499      0.00000      
123600  0.11605    0.02207    0.04005    0.00038      0.05354      0.00000      0.00049      0.03498      0.00000      
123700  0.11576    0.02207    0.04006    0.00042      0.05321      0.00000      0.00042      0.03504      0.00000      
123800  0.11651    0.02207    0.04006    0.00047      0.05391      0.00000      0.00047      0.03504      0.00000      
123900  0.11429    0.02207    0.04006    0.00047      0.05169      0.00000      0.00044      0.03511      0.00000      
124000  0.11547    0.02204    0.04006    0.00050      0.05287      0.00000      0.00055      0.03502      0.00000      
124100  0.11686    0.02203    0.04004    0.00056      0.05422      0.00000      0.00042      0.03516      0.00000      
124200  0.11477    0.02206    0.04005    0.00039      0.05226      0.00000      0.00059      0.03509      0.00000      
124300  0.12164    0.02208    0.04005    0.00055      0.05896      0.00000      0.00049      0.03496      0.00000      
124400  0.11550    0.02208    0.04005    0.00048      0.05289      0.00000      0.00050      0.03492      0.00000      
124500  0.11543    0.02207    0.04004    0.00042      0.05289      0.00000      0.00053      0.03515      0.00000      
124600  0.11835    0.02207    0.04004    0.00052      0.05572      0.00000      0.00052      0.03495      0.00000      
124700  0.11894    0.02202    0.04002    0.00060      0.05629      0.00000      0.00075      0.03489      0.00000      
124800  0.12119    0.02202    0.04003    0.00063      0.05851      0.00000      0.00062      0.03492      0.00000      
124900  0.11474    0.02203    0.04002    0.00038      0.05229      0.00000      0.00049      0.03492      0.00000      
125000  0.11481    0.02204    0.04003    0.00050      0.05224      0.00000      0.00058      0.03482      0.00000      
125100  0.11542    0.02203    0.04003    0.00034      0.05302      0.00000      0.00052      0.03497      0.00000      
125200  0.11681    0.02203    0.04002    0.00041      0.05436      0.00000      0.00056      0.03489      0.00000      
125300  0.11644    0.02201    0.04002    0.00042      0.05400      0.00000      0.00050      0.03482      0.00000      
125400  0.11632    0.02204    0.04002    0.00045      0.05382      0.00000      0.00069      0.03494      0.00000      
125500  0.11429    0.02199    0.04001    0.00041      0.05189      0.00000      0.00055      0.03493      0.00000      
125600  0.11521    0.02198    0.04001    0.00041      0.05281      0.00000      0.00056      0.03494      0.00000      
125700  0.11789    0.02203    0.04001    0.00056      0.05528      0.00000      0.00051      0.03493      0.00000      
125800  0.11657    0.02204    0.04002    0.00056      0.05395      0.00000      0.00039      0.03490      0.00000      
125900  0.11774    0.02205    0.04002    0.00037      0.05530      0.00000      0.00051      0.03487      0.00000      
126000  0.11435    0.02203    0.04002    0.00036      0.05195      0.00000      0.00052      0.03486      0.00000      
126100  0.11623    0.02201    0.04001    0.00040      0.05382      0.00000      0.00071      0.03486      0.00000      
126200  0.11360    0.02204    0.04001    0.00036      0.05118      0.00000      0.00066      0.03493      0.00000      
126300  0.11367    0.02204    0.04002    0.00037      0.05123      0.00000      0.00052      0.03484      0.00000      
126400  0.11911    0.02204    0.04003    0.00057      0.05648      0.00000      0.00043      0.03491      0.00000      
126500  0.11445    0.02204    0.04002    0.00054      0.05185      0.00000      0.00046      0.03485      0.00000      
126600  0.11668    0.02205    0.04001    0.00055      0.05407      0.00000      0.00072      0.03505      0.00000      
126700  0.11833    0.02206    0.04001    0.00053      0.05573      0.00000      0.00043      0.03488      0.00000      
126800  0.11413    0.02204    0.04000    0.00050      0.05159      0.00000      0.00070      0.03487      0.00000      
126900  0.11537    0.02202    0.03999    0.00048      0.05288      0.00000      0.00041      0.03492      0.00000      
127000  0.11387    0.02200    0.03999    0.00043      0.05145      0.00000      0.00046      0.03493      0.00000      
127100  0.11421    0.02198    0.03999    0.00048      0.05177      0.00000      0.00053      0.03490      0.00000      
127200  0.11553    0.02197    0.03999    0.00039      0.05319      0.00000      0.00053      0.03490      0.00000      
127300  0.11781    0.02197    0.03998    0.00045      0.05541      0.00000      0.00053      0.03491      0.00000      
127400  0.11558    0.02196    0.03998    0.00052      0.05312      0.00000      0.00050      0.03499      0.00000      
127500  0.11494    0.02200    0.03998    0.00040      0.05256      0.00000      0.00044      0.03490      0.00000      
127600  0.11528    0.02202    0.03998    0.00042      0.05286      0.00000      0.00051      0.03486      0.00000      
127700  0.11420    0.02205    0.03998    0.00042      0.05175      0.00000      0.00058      0.03483      0.00000      
127800  0.12025    0.02202    0.03997    0.00039      0.05788      0.00000      0.00048      0.03488      0.00000      
127900  0.11544    0.02203    0.03999    0.00046      0.05296      0.00000      0.00041      0.03499      0.00000      
128000  0.11677    0.02206    0.03999    0.00052      0.05419      0.00000      0.00047      0.03499      0.00000      
128100  0.11896    0.02205    0.03999    0.00059      0.05633      0.00000      0.00061      0.03501      0.00000      
128200  0.11734    0.02203    0.03998    0.00051      0.05482      0.00000      0.00057      0.03494      0.00000      
128300  0.11589    0.02196    0.03996    0.00060      0.05337      0.00000      0.00045      0.03492      0.00000      
128400  0.11403    0.02197    0.03996    0.00053      0.05157      0.00000      0.00063      0.03485      0.00000      
128500  0.11684    0.02198    0.03996    0.00042      0.05448      0.00000      0.00055      0.03491      0.00000      
128600  0.11273    0.02197    0.03995    0.00052      0.05028      0.00000      0.00052      0.03487      0.00000      
128700  0.11518    0.02199    0.03995    0.00056      0.05268      0.00000      0.00056      0.03494      0.00000      
128800  0.11731    0.02200    0.03995    0.00042      0.05495      0.00000      0.00051      0.03491      0.00000      
128900  0.11598    0.02195    0.03994    0.00057      0.05352      0.00000      0.00054      0.03488      0.00000      
129000  0.11349    0.02197    0.03995    0.00040      0.05116      0.00000      0.00041      0.03484      0.00000      
129100  0.11664    0.02199    0.03994    0.00051      0.05420      0.00000      0.00052      0.03503      0.00000      
129200  0.11657    0.02196    0.03994    0.00035      0.05432      0.00000      0.00055      0.03509      0.00000      
129300  0.11740    0.02197    0.03993    0.00050      0.05501      0.00000      0.00049      0.03492      0.00000      
129400  0.11495    0.02199    0.03993    0.00039      0.05264      0.00000      0.00043      0.03496      0.00000      
129500  0.11456    0.02196    0.03992    0.00042      0.05226      0.00000      0.00064      0.03498      0.00000      
129600  0.11500    0.02194    0.03992    0.00054      0.05261      0.00000      0.00069      0.03496      0.00000      
129700  0.11520    0.02193    0.03991    0.00055      0.05282      0.00000      0.00053      0.03494      0.00000      
129800  0.11532    0.02191    0.03991    0.00055      0.05295      0.00000      0.00043      0.03500      0.00000      
129900  0.11428    0.02193    0.03991    0.00040      0.05205      0.00000      0.00046      0.03497      0.00000      
130000  0.11808    0.02194    0.03990    0.00048      0.05576      0.00000      0.00048      0.03496      0.00000      
130100  0.11738    0.02191    0.03990    0.00051      0.05506      0.00000      0.00057      0.03491      0.00000      
130200  0.11220    0.02191    0.03990    0.00047      0.04992      0.00000      0.00042      0.03499      0.00000      
130300  0.11528    0.02191    0.03990    0.00038      0.05309      0.00000      0.00052      0.03491      0.00000      
130400  0.11432    0.02192    0.03989    0.00056      0.05196      0.00000      0.00046      0.03482      0.00000      
130500  0.11514    0.02194    0.03990    0.00043      0.05287      0.00000      0.00061      0.03500      0.00000      
130600  0.11473    0.02197    0.03991    0.00046      0.05238      0.00000      0.00041      0.03484      0.00000      
130700  0.11445    0.02193    0.03989    0.00054      0.05208      0.00000      0.00058      0.03478      0.00000      
130800  0.11465    0.02191    0.03989    0.00041      0.05243      0.00000      0.00062      0.03495      0.00000      
130900  0.11659    0.02189    0.03990    0.00045      0.05435      0.00000      0.00044      0.03494      0.00000      
131000  0.11895    0.02194    0.03991    0.00042      0.05669      0.00000      0.00052      0.03500      0.00000      
131100  0.11345    0.02189    0.03991    0.00043      0.05123      0.00000      0.00044      0.03493      0.00000      
131200  0.11960    0.02192    0.03991    0.00051      0.05726      0.00000      0.00067      0.03475      0.00000      
131300  0.11520    0.02191    0.03991    0.00041      0.05296      0.00000      0.00042      0.03488      0.00000      
131400  0.11432    0.02195    0.03992    0.00051      0.05195      0.00000      0.00047      0.03483      0.00000      
131500  0.11351    0.02195    0.03991    0.00044      0.05121      0.00000      0.00036      0.03475      0.00000      
131600  0.11514    0.02195    0.03991    0.00045      0.05282      0.00000      0.00046      0.03485      0.00000      
131700  0.11323    0.02194    0.03991    0.00050      0.05088      0.00000      0.00047      0.03493      0.00000      
131800  0.11490    0.02194    0.03990    0.00043      0.05262      0.00000      0.00053      0.03478      0.00000      
131900  0.11318    0.02191    0.03989    0.00043      0.05095      0.00000      0.00058      0.03474      0.00000      
132000  0.11542    0.02188    0.03987    0.00061      0.05305      0.00000      0.00042      0.03468      0.00000      
132100  0.11493    0.02188    0.03988    0.00047      0.05269      0.00000      0.00046      0.03473      0.00000      
132200  0.11944    0.02188    0.03989    0.00051      0.05717      0.00000      0.00049      0.03485      0.00000      
132300  0.13427    0.02188    0.03989    0.00043      0.07207      0.00000      0.00037      0.03489      0.00000      
132400  0.11481    0.02186    0.03988    0.00038      0.05269      0.00000      0.00038      0.03477      0.00000      
132500  0.11426    0.02190    0.03989    0.00048      0.05199      0.00000      0.00055      0.03471      0.00000      
132600  0.11503    0.02187    0.03988    0.00051      0.05278      0.00000      0.00050      0.03475      0.00000      
132700  0.11411    0.02188    0.03988    0.00051      0.05183      0.00000      0.00059      0.03469      0.00000      
132800  0.11694    0.02187    0.03987    0.00042      0.05477      0.00000      0.00057      0.03476      0.00000      
132900  0.11894    0.02189    0.03988    0.00064      0.05653      0.00000      0.00044      0.03464      0.00000      
133000  0.11342    0.02188    0.03987    0.00047      0.05120      0.00000      0.00067      0.03472      0.00000      
133100  0.11612    0.02185    0.03986    0.00041      0.05400      0.00000      0.00049      0.03462      0.00000      
133200  0.11152    0.02186    0.03987    0.00038      0.04942      0.00000      0.00037      0.03472      0.00000      
133300  0.11360    0.02184    0.03987    0.00041      0.05148      0.00000      0.00047      0.03469      0.00000      
133400  0.11668    0.02180    0.03985    0.00043      0.05459      0.00000      0.00058      0.03492      0.00000      
133500  0.11613    0.02179    0.03985    0.00033      0.05416      0.00000      0.00059      0.03479      0.00000      
133600  0.11650    0.02181    0.03985    0.00045      0.05439      0.00000      0.00043      0.03465      0.00000      
133700  0.11513    0.02182    0.03985    0.00042      0.05304      0.00000      0.00047      0.03475      0.00000      
133800  0.11393    0.02180    0.03984    0.00041      0.05188      0.00000      0.00061      0.03469      0.00000      
133900  0.11509    0.02182    0.03983    0.00034      0.05309      0.00000      0.00043      0.03480      0.00000      
134000  0.11497    0.02182    0.03983    0.00035      0.05296      0.00000      0.00039      0.03476      0.00000      
134100  0.11582    0.02183    0.03983    0.00050      0.05365      0.00000      0.00044      0.03478      0.00000      
134200  0.11364    0.02180    0.03982    0.00048      0.05153      0.00000      0.00045      0.03473      0.00000      
134300  0.11470    0.02182    0.03983    0.00047      0.05259      0.00000      0.00044      0.03471      0.00000      
134400  0.11702    0.02183    0.03982    0.00059      0.05478      0.00000      0.00041      0.03463      0.00000      
134500  0.11400    0.02183    0.03983    0.00037      0.05197      0.00000      0.00049      0.03470      0.00000      
134600  0.12097    0.02183    0.03983    0.00045      0.05886      0.00000      0.00037      0.03492      0.00000      
134700  0.11462    0.02183    0.03982    0.00050      0.05247      0.00000      0.00038      0.03474      0.00000      
134800  0.11453    0.02182    0.03981    0.00042      0.05249      0.00000      0.00041      0.03480      0.00000      
134900  0.11749    0.02179    0.03980    0.00055      0.05535      0.00000      0.00047      0.03483      0.00000      
135000  0.11821    0.02179    0.03980    0.00059      0.05603      0.00000      0.00050      0.03486      0.00000      
135100  0.12057    0.02178    0.03979    0.00063      0.05836      0.00000      0.00051      0.03478      0.00000      
135200  0.11394    0.02179    0.03980    0.00043      0.05191      0.00000      0.00055      0.03482      0.00000      
135300  0.11399    0.02179    0.03979    0.00045      0.05197      0.00000      0.00044      0.03490      0.00000      
135400  0.11532    0.02179    0.03980    0.00046      0.05327      0.00000      0.00061      0.03481      0.00000      
135500  0.11591    0.02178    0.03979    0.00039      0.05394      0.00000      0.00052      0.03479      0.00000      
135600  0.11613    0.02178    0.03980    0.00048      0.05407      0.00000      0.00051      0.03490      0.00000      
135700  0.11550    0.02178    0.03978    0.00043      0.05352      0.00000      0.00051      0.03477      0.00000      
135800  0.11361    0.02176    0.03978    0.00042      0.05165      0.00000      0.00066      0.03480      0.00000      
135900  0.11456    0.02177    0.03977    0.00040      0.05262      0.00000      0.00050      0.03479      0.00000      
136000  0.11704    0.02176    0.03978    0.00055      0.05495      0.00000      0.00055      0.03466      0.00000      
136100  0.11588    0.02175    0.03977    0.00053      0.05383      0.00000      0.00035      0.03471      0.00000      
136200  0.11678    0.02175    0.03978    0.00038      0.05489      0.00000      0.00043      0.03473      0.00000      
136300  0.11371    0.02175    0.03977    0.00036      0.05183      0.00000      0.00049      0.03474      0.00000      
136400  0.11540    0.02172    0.03976    0.00042      0.05350      0.00000      0.00065      0.03469      0.00000      
136500  0.11292    0.02176    0.03977    0.00040      0.05100      0.00000      0.00058      0.03470      0.00000      
136600  0.11303    0.02174    0.03976    0.00033      0.05119      0.00000      0.00045      0.03471      0.00000      
136700  0.11831    0.02177    0.03977    0.00058      0.05619      0.00000      0.00045      0.03469      0.00000      
136800  0.11348    0.02176    0.03977    0.00051      0.05144      0.00000      0.00050      0.03458      0.00000      
136900  0.11590    0.02177    0.03977    0.00047      0.05388      0.00000      0.00049      0.03467      0.00000      
137000  0.11749    0.02178    0.03977    0.00053      0.05541      0.00000      0.00046      0.03468      0.00000      
137100  0.11351    0.02179    0.03978    0.00054      0.05139      0.00000      0.00070      0.03464      0.00000      
137200  0.11476    0.02183    0.03979    0.00048      0.05265      0.00000      0.00036      0.03462      0.00000      
137300  0.11298    0.02182    0.03978    0.00046      0.05092      0.00000      0.00043      0.03458      0.00000      
137400  0.11347    0.02181    0.03979    0.00046      0.05142      0.00000      0.00054      0.03459      0.00000      
137500  0.11485    0.02181    0.03978    0.00039      0.05286      0.00000      0.00053      0.03451      0.00000      
137600  0.11721    0.02184    0.03979    0.00047      0.05511      0.00000      0.00048      0.03463      0.00000      
137700  0.11502    0.02182    0.03978    0.00056      0.05287      0.00000      0.00052      0.03454      0.00000      
137800  0.11423    0.02180    0.03977    0.00043      0.05223      0.00000      0.00042      0.03458      0.00000      
137900  0.11463    0.02182    0.03977    0.00034      0.05269      0.00000      0.00050      0.03469      0.00000      
138000  0.11335    0.02179    0.03977    0.00034      0.05145      0.00000      0.00053      0.03464      0.00000      
138100  0.11972    0.02178    0.03976    0.00041      0.05776      0.00000      0.00045      0.03465      0.00000      
138200  0.11544    0.02178    0.03976    0.00052      0.05338      0.00000      0.00045      0.03468      0.00000      
138300  0.11653    0.02179    0.03976    0.00047      0.05451      0.00000      0.00042      0.03460      0.00000      
138400  0.11867    0.02177    0.03976    0.00056      0.05658      0.00000      0.00046      0.03464      0.00000      
138500  0.11654    0.02174    0.03976    0.00049      0.05455      0.00000      0.00054      0.03469      0.00000      
138600  0.11520    0.02175    0.03975    0.00055      0.05315      0.00000      0.00045      0.03467      0.00000      
138700  0.11328    0.02169    0.03973    0.00051      0.05133      0.00000      0.00061      0.03464      0.00000      
138800  0.11610    0.02169    0.03974    0.00041      0.05426      0.00000      0.00065      0.03458      0.00000      
138900  0.11185    0.02167    0.03974    0.00053      0.04991      0.00000      0.00042      0.03465      0.00000      
139000  0.11420    0.02166    0.03972    0.00057      0.05225      0.00000      0.00046      0.03463      0.00000      
139100  0.11634    0.02168    0.03972    0.00032      0.05462      0.00000      0.00052      0.03466      0.00000      
139200  0.11525    0.02167    0.03972    0.00055      0.05331      0.00000      0.00044      0.03461      0.00000      
139300  0.11270    0.02169    0.03972    0.00042      0.05087      0.00000      0.00043      0.03466      0.00000      
139400  0.11586    0.02166    0.03972    0.00055      0.05393      0.00000      0.00048      0.03462      0.00000      
139500  0.11587    0.02166    0.03971    0.00036      0.05413      0.00000      0.00048      0.03474      0.00000      
139600  0.11669    0.02168    0.03972    0.00052      0.05477      0.00000      0.00050      0.03465      0.00000      
139700  0.11409    0.02168    0.03972    0.00042      0.05227      0.00000      0.00043      0.03471      0.00000      
139800  0.11367    0.02171    0.03972    0.00040      0.05184      0.00000      0.00061      0.03495      0.00000      
139900  0.11434    0.02168    0.03971    0.00048      0.05247      0.00000      0.00061      0.03469      0.00000      
140000  0.11429    0.02167    0.03970    0.00055      0.05236      0.00000      0.00056      0.03471      0.00000      
140100  0.11470    0.02168    0.03970    0.00060      0.05272      0.00000      0.00051      0.03471      0.00000      
140200  0.11348    0.02167    0.03971    0.00040      0.05170      0.00000      0.00053      0.03466      0.00000      
140300  0.11646    0.02168    0.03971    0.00046      0.05461      0.00000      0.00056      0.03494      0.00000      
140400  0.11662    0.02167    0.03969    0.00048      0.05478      0.00000      0.00053      0.03468      0.00000      
140500  0.11139    0.02171    0.03969    0.00046      0.04953      0.00000      0.00046      0.03464      0.00000      
140600  0.11472    0.02168    0.03968    0.00041      0.05295      0.00000      0.00042      0.03467      0.00000      
140700  0.11348    0.02168    0.03968    0.00053      0.05160      0.00000      0.00054      0.03470      0.00000      
140800  0.11431    0.02168    0.03967    0.00043      0.05252      0.00000      0.00058      0.03465      0.00000      
140900  0.11404    0.02168    0.03968    0.00042      0.05227      0.00000      0.00044      0.03466      0.00000      
141000  0.11372    0.02163    0.03967    0.00054      0.05188      0.00000      0.00054      0.03478      0.00000      
141100  0.11391    0.02163    0.03967    0.00043      0.05218      0.00000      0.00056      0.03480      0.00000      
141200  0.11567    0.02164    0.03967    0.00047      0.05389      0.00000      0.00051      0.03468      0.00000      
141300  0.11799    0.02159    0.03967    0.00039      0.05635      0.00000      0.00055      0.03467      0.00000      
141400  0.11272    0.02164    0.03967    0.00042      0.05099      0.00000      0.00044      0.03465      0.00000      
141500  0.11891    0.02164    0.03967    0.00048      0.05712      0.00000      0.00051      0.03466      0.00000      
141600  0.11449    0.02165    0.03967    0.00038      0.05279      0.00000      0.00044      0.03463      0.00000      
141700  0.11347    0.02163    0.03967    0.00049      0.05168      0.00000      0.00048      0.03467      0.00000      
141800  0.11273    0.02161    0.03967    0.00039      0.05106      0.00000      0.00033      0.03466      0.00000      
141900  0.11442    0.02163    0.03966    0.00047      0.05266      0.00000      0.00044      0.03465      0.00000      
142000  0.11242    0.02160    0.03966    0.00050      0.05066      0.00000      0.00040      0.03469      0.00000      
142100  0.11414    0.02161    0.03966    0.00049      0.05238      0.00000      0.00045      0.03473      0.00000      
142200  0.11257    0.02164    0.03966    0.00044      0.05083      0.00000      0.00053      0.03465      0.00000      
142300  0.11467    0.02162    0.03965    0.00061      0.05279      0.00000      0.00038      0.03463      0.00000      
142400  0.11424    0.02160    0.03965    0.00053      0.05246      0.00000      0.00041      0.03466      0.00000      
142500  0.11868    0.02161    0.03964    0.00048      0.05695      0.00000      0.00046      0.03480      0.00000      
142600  0.13522    0.02161    0.03965    0.00041      0.07355      0.00000      0.00044      0.03470      0.00000      
142700  0.11404    0.02163    0.03966    0.00037      0.05237      0.00000      0.00041      0.03456      0.00000      
142800  0.11339    0.02163    0.03965    0.00047      0.05164      0.00000      0.00052      0.03458      0.00000      
142900  0.11439    0.02162    0.03965    0.00052      0.05259      0.00000      0.00049      0.03456      0.00000      
143000  0.11331    0.02165    0.03966    0.00053      0.05148      0.00000      0.00053      0.03461      0.00000      
143100  0.11635    0.02165    0.03966    0.00038      0.05467      0.00000      0.00062      0.03466      0.00000      
143200  0.11860    0.02167    0.03967    0.00052      0.05673      0.00000      0.00050      0.03470      0.00000      
143300  0.11288    0.02164    0.03966    0.00050      0.05108      0.00000      0.00056      0.03460      0.00000      
143400  0.11547    0.02166    0.03967    0.00034      0.05379      0.00000      0.00048      0.03458      0.00000      
143500  0.11086    0.02166    0.03966    0.00045      0.04910      0.00000      0.00044      0.03454      0.00000      
143600  0.11295    0.02165    0.03966    0.00040      0.05124      0.00000      0.00050      0.03453      0.00000      
143700  0.11626    0.02166    0.03966    0.00048      0.05446      0.00000      0.00058      0.03450      0.00000      
143800  0.11576    0.02163    0.03966    0.00032      0.05415      0.00000      0.00063      0.03457      0.00000      
143900  0.11588    0.02163    0.03965    0.00045      0.05415      0.00000      0.00041      0.03461      0.00000      
144000  0.11453    0.02161    0.03965    0.00041      0.05286      0.00000      0.00055      0.03461      0.00000      
144100  0.11312    0.02160    0.03964    0.00038      0.05150      0.00000      0.00063      0.03453      0.00000      
144200  0.11441    0.02160    0.03965    0.00031      0.05285      0.00000      0.00046      0.03456      0.00000      
144300  0.11460    0.02161    0.03965    0.00039      0.05295      0.00000      0.00044      0.03450      0.00000      
144400  0.11512    0.02161    0.03965    0.00052      0.05334      0.00000      0.00040      0.03449      0.00000      
144500  0.11282    0.02161    0.03965    0.00047      0.05109      0.00000      0.00043      0.03459      0.00000      
144600  0.11422    0.02163    0.03964    0.00046      0.05248      0.00000      0.00040      0.03459      0.00000      
144700  0.11654    0.02162    0.03964    0.00056      0.05473      0.00000      0.00047      0.03456      0.00000      
144800  0.11337    0.02161    0.03964    0.00039      0.05173      0.00000      0.00056      0.03465      0.00000      
144900  0.12164    0.02162    0.03963    0.00048      0.05990      0.00000      0.00040      0.03462      0.00000      
145000  0.11381    0.02159    0.03963    0.00050      0.05208      0.00000      0.00047      0.03460      0.00000      
145100  0.11401    0.02159    0.03963    0.00042      0.05237      0.00000      0.00047      0.03463      0.00000      
145200  0.11703    0.02157    0.03962    0.00053      0.05530      0.00000      0.00057      0.03450      0.00000      
145300  0.11765    0.02157    0.03961    0.00061      0.05585      0.00000      0.00057      0.03454      0.00000      
145400  0.11993    0.02156    0.03962    0.00065      0.05811      0.00000      0.00064      0.03456      0.00000      
145500  0.11335    0.02159    0.03963    0.00039      0.05175      0.00000      0.00048      0.03458      0.00000      
145600  0.11338    0.02158    0.03963    0.00048      0.05169      0.00000      0.00049      0.03454      0.00000      
145700  0.11511    0.02159    0.03963    0.00032      0.05356      0.00000      0.00055      0.03457      0.00000      
145800  0.11538    0.02152    0.03962    0.00039      0.05384      0.00000      0.00044      0.03470      0.00000      
145900  0.11553    0.02155    0.03962    0.00045      0.05391      0.00000      0.00044      0.03463      0.00000      
146000  0.11507    0.02156    0.03963    0.00040      0.05349      0.00000      0.00050      0.03464      0.00000      
146100  0.11299    0.02158    0.03963    0.00039      0.05138      0.00000      0.00052      0.03455      0.00000      
146200  0.11402    0.02156    0.03962    0.00037      0.05247      0.00000      0.00046      0.03468      0.00000      
146300  0.11660    0.02156    0.03962    0.00052      0.05489      0.00000      0.00060      0.03466      0.00000      
146400  0.11519    0.02156    0.03962    0.00054      0.05348      0.00000      0.00042      0.03453      0.00000      
146500  0.11628    0.02159    0.03963    0.00038      0.05469      0.00000      0.00044      0.03456      0.00000      
146600  0.11310    0.02157    0.03962    0.00034      0.05158      0.00000      0.00057      0.03454      0.00000      
146700  0.11469    0.02153    0.03961    0.00043      0.05312      0.00000      0.00071      0.03458      0.00000      
146800  0.11237    0.02158    0.03963    0.00041      0.05076      0.00000      0.00058      0.03453      0.00000      
146900  0.11235    0.02158    0.03963    0.00035      0.05079      0.00000      0.00044      0.03447      0.00000      
147000  0.11786    0.02157    0.03962    0.00059      0.05608      0.00000      0.00054      0.03455      0.00000      
147100  0.11289    0.02158    0.03961    0.00049      0.05120      0.00000      0.00046      0.03457      0.00000      
147200  0.11530    0.02156    0.03960    0.00054      0.05360      0.00000      0.00044      0.03457      0.00000      
147300  0.11695    0.02155    0.03960    0.00056      0.05524      0.00000      0.00043      0.03458      0.00000      
147400  0.11282    0.02156    0.03959    0.00050      0.05118      0.00000      0.00069      0.03450      0.00000      
147500  0.11403    0.02159    0.03960    0.00046      0.05238      0.00000      0.00043      0.03453      0.00000      
147600  0.11245    0.02157    0.03960    0.00046      0.05082      0.00000      0.00042      0.03453      0.00000      
147700  0.11290    0.02160    0.03960    0.00046      0.05124      0.00000      0.00058      0.03450      0.00000      
147800  0.11443    0.02164    0.03962    0.00042      0.05275      0.00000      0.00057      0.03450      0.00000      
147900  0.11659    0.02165    0.03961    0.00048      0.05484      0.00000      0.00051      0.03443      0.00000      
148000  0.11446    0.02159    0.03960    0.00054      0.05273      0.00000      0.00041      0.03446      0.00000      
148100  0.11362    0.02157    0.03959    0.00037      0.05208      0.00000      0.00039      0.03449      0.00000      
148200  0.11403    0.02160    0.03960    0.00036      0.05247      0.00000      0.00052      0.03449      0.00000      
148300  0.11274    0.02160    0.03961    0.00036      0.05118      0.00000      0.00046      0.03445      0.00000      
148400  0.11911    0.02161    0.03961    0.00037      0.05752      0.00000      0.00044      0.03449      0.00000      
148500  0.11434    0.02159    0.03960    0.00051      0.05264      0.00000      0.00038      0.03443      0.00000      
148600  0.11546    0.02156    0.03959    0.00050      0.05381      0.00000      0.00052      0.03444      0.00000      
148700  0.11766    0.02153    0.03959    0.00056      0.05598      0.00000      0.00051      0.03453      0.00000      
148800  0.11585    0.02153    0.03959    0.00050      0.05423      0.00000      0.00041      0.03456      0.00000      
148900  0.11442    0.02155    0.03958    0.00050      0.05279      0.00000      0.00036      0.03452      0.00000      
149000  0.11253    0.02156    0.03958    0.00048      0.05090      0.00000      0.00044      0.03455      0.00000      
149100  0.11566    0.02154    0.03957    0.00045      0.05410      0.00000      0.00045      0.03448      0.00000      
149200  0.11144    0.02155    0.03957    0.00051      0.04980      0.00000      0.00043      0.03452      0.00000      
149300  0.11374    0.02155    0.03957    0.00058      0.05204      0.00000      0.00043      0.03451      0.00000      
149400  0.11588    0.02155    0.03957    0.00035      0.05440      0.00000      0.00057      0.03452      0.00000      
149500  0.11476    0.02159    0.03958    0.00052      0.05306      0.00000      0.00049      0.03456      0.00000      
149600  0.11215    0.02159    0.03958    0.00044      0.05054      0.00000      0.00039      0.03450      0.00000      
149700  0.11543    0.02158    0.03958    0.00052      0.05375      0.00000      0.00043      0.03460      0.00000      
149800  0.11548    0.02158    0.03958    0.00039      0.05394      0.00000      0.00047      0.03466      0.00000      
149900  0.11612    0.02158    0.03958    0.00049      0.05447      0.00000      0.00044      0.03464      0.00000      
150000  0.11353    0.02157    0.03958    0.00040      0.05199      0.00000      0.00041      0.03457      0.00000      
150100  0.11329    0.02156    0.03958    0.00045      0.05170      0.00000      0.00069      0.03456      0.00000      
150200  0.11382    0.02154    0.03957    0.00051      0.05220      0.00000      0.00055      0.03459      0.00000      
150300  0.11387    0.02153    0.03956    0.00051      0.05228      0.00000      0.00052      0.03463      0.00000      
150400  0.11428    0.02152    0.03957    0.00056      0.05264      0.00000      0.00045      0.03457      0.00000      
150500  0.11290    0.02150    0.03956    0.00043      0.05140      0.00000      0.00045      0.03467      0.00000      
150600  0.11650    0.02151    0.03957    0.00046      0.05496      0.00000      0.00054      0.03464      0.00000      
150700  0.11611    0.02152    0.03956    0.00051      0.05451      0.00000      0.00055      0.03463      0.00000      
150800  0.11099    0.02155    0.03956    0.00050      0.04938      0.00000      0.00040      0.03466      0.00000      
150900  0.11429    0.02153    0.03956    0.00040      0.05280      0.00000      0.00048      0.03463      0.00000      
151000  0.11308    0.02151    0.03956    0.00054      0.05146      0.00000      0.00054      0.03455      0.00000      
151100  0.11385    0.02153    0.03956    0.00045      0.05232      0.00000      0.00055      0.03460      0.00000      
151200  0.11348    0.02149    0.03955    0.00041      0.05202      0.00000      0.00044      0.03464      0.00000      
151300  0.11321    0.02151    0.03955    0.00051      0.05164      0.00000      0.00058      0.03468      0.00000      
151400  0.11353    0.02148    0.03954    0.00042      0.05208      0.00000      0.00061      0.03473      0.00000      
151500  0.11531    0.02145    0.03954    0.00045      0.05387      0.00000      0.00036      0.03463      0.00000      
151600  0.11759    0.02144    0.03953    0.00045      0.05617      0.00000      0.00051      0.03462      0.00000      
151700  0.11208    0.02141    0.03952    0.00042      0.05072      0.00000      0.00042      0.03456      0.00000      
151800  0.11831    0.02140    0.03951    0.00050      0.05689      0.00000      0.00060      0.03465      0.00000      
151900  0.11390    0.02141    0.03952    0.00037      0.05260      0.00000      0.00046      0.03468      0.00000      
152000  0.11291    0.02143    0.03953    0.00047      0.05148      0.00000      0.00044      0.03474      0.00000      
152100  0.11236    0.02142    0.03952    0.00040      0.05102      0.00000      0.00033      0.03463      0.00000      
152200  0.11393    0.02142    0.03952    0.00048      0.05251      0.00000      0.00041      0.03462      0.00000      
152300  0.11203    0.02143    0.03953    0.00049      0.05059      0.00000      0.00043      0.03467      0.00000      
152400  0.11363    0.02143    0.03952    0.00048      0.05220      0.00000      0.00053      0.03476      0.00000      
152500  0.11202    0.02145    0.03953    0.00043      0.05061      0.00000      0.00049      0.03469      0.00000      
152600  0.11417    0.02144    0.03952    0.00060      0.05262      0.00000      0.00045      0.03468      0.00000      
152700  0.11372    0.02142    0.03952    0.00048      0.05229      0.00000      0.00046      0.03467      0.00000      
152800  0.11814    0.02140    0.03952    0.00048      0.05674      0.00000      0.00045      0.03468      0.00000      
152900  0.13331    0.02142    0.03953    0.00042      0.07194      0.00000      0.00041      0.03476      0.00000      
153000  0.11363    0.02140    0.03952    0.00038      0.05233      0.00000      0.00036      0.03473      0.00000      
153100  0.11313    0.02141    0.03952    0.00052      0.05168      0.00000      0.00049      0.03468      0.00000      
153200  0.11385    0.02141    0.03953    0.00048      0.05242      0.00000      0.00047      0.03460      0.00000      
153300  0.11298    0.02144    0.03953    0.00055      0.05146      0.00000      0.00050      0.03462      0.00000      
153400  0.11596    0.02145    0.03953    0.00041      0.05456      0.00000      0.00064      0.03458      0.00000      
153500  0.11836    0.02146    0.03954    0.00056      0.05681      0.00000      0.00033      0.03465      0.00000      
153600  0.11232    0.02143    0.03952    0.00048      0.05088      0.00000      0.00056      0.03471      0.00000      
153700  0.11504    0.02144    0.03952    0.00035      0.05372      0.00000      0.00043      0.03457      0.00000      
153800  0.11040    0.02141    0.03952    0.00046      0.04901      0.00000      0.00042      0.03462      0.00000      
153900  0.11254    0.02143    0.03953    0.00038      0.05120      0.00000      0.00050      0.03471      0.00000      
154000  0.11567    0.02144    0.03952    0.00039      0.05432      0.00000      0.00048      0.03476      0.00000      
154100  0.11520    0.02144    0.03953    0.00032      0.05390      0.00000      0.00058      0.03471      0.00000      
154200  0.11541    0.02145    0.03952    0.00046      0.05398      0.00000      0.00037      0.03467      0.00000      
154300  0.11405    0.02144    0.03951    0.00042      0.05268      0.00000      0.00046      0.03463      0.00000      
154400  0.11286    0.02143    0.03950    0.00039      0.05154      0.00000      0.00055      0.03464      0.00000      
154500  0.11403    0.02141    0.03950    0.00034      0.05279      0.00000      0.00045      0.03473      0.00000      
154600  0.11400    0.02139    0.03950    0.00035      0.05276      0.00000      0.00050      0.03462      0.00000      
154700  0.11450    0.02138    0.03949    0.00045      0.05317      0.00000      0.00046      0.03467      0.00000      
154800  0.11235    0.02139    0.03949    0.00048      0.05099      0.00000      0.00038      0.03470      0.00000      
154900  0.11368    0.02139    0.03949    0.00047      0.05233      0.00000      0.00043      0.03469      0.00000      
155000  0.11585    0.02140    0.03949    0.00061      0.05435      0.00000      0.00043      0.03466      0.00000      
155100  0.11292    0.02143    0.03950    0.00037      0.05162      0.00000      0.00049      0.03470      0.00000      
155200  0.12135    0.02141    0.03950    0.00047      0.05997      0.00000      0.00036      0.03475      0.00000      
155300  0.11335    0.02140    0.03949    0.00048      0.05198      0.00000      0.00046      0.03470      0.00000      
155400  0.11337    0.02139    0.03949    0.00042      0.05206      0.00000      0.00039      0.03470      0.00000      
155500  0.11656    0.02139    0.03948    0.00054      0.05515      0.00000      0.00045      0.03450      0.00000      
155600  0.11700    0.02137    0.03948    0.00062      0.05553      0.00000      0.00048      0.03455      0.00000      
155700  0.11930    0.02138    0.03949    0.00064      0.05779      0.00000      0.00050      0.03461      0.00000      
155800  0.11301    0.02137    0.03948    0.00043      0.05173      0.00000      0.00048      0.03455      0.00000      
155900  0.11292    0.02138    0.03948    0.00050      0.05156      0.00000      0.00048      0.03456      0.00000      
156000  0.11498    0.02139    0.03949    0.00031      0.05378      0.00000      0.00047      0.03460      0.00000      
156100  0.11506    0.02139    0.03948    0.00047      0.05373      0.00000      0.00053      0.03459      0.00000      
156200  0.11542    0.02142    0.03949    0.00052      0.05399      0.00000      0.00050      0.03466      0.00000      
156300  0.11465    0.02139    0.03948    0.00041      0.05337      0.00000      0.00047      0.03462      0.00000      
156400  0.11267    0.02141    0.03949    0.00039      0.05139      0.00000      0.00049      0.03459      0.00000      
156500  0.11379    0.02141    0.03948    0.00036      0.05253      0.00000      0.00050      0.03463      0.00000      
156600  0.11611    0.02140    0.03948    0.00053      0.05471      0.00000      0.00055      0.03458      0.00000      
156700  0.11472    0.02140    0.03948    0.00054      0.05330      0.00000      0.00040      0.03455      0.00000      
156800  0.11574    0.02136    0.03947    0.00038      0.05452      0.00000      0.00042      0.03467      0.00000      
156900  0.11267    0.02137    0.03948    0.00036      0.05147      0.00000      0.00050      0.03461      0.00000      
157000  0.11416    0.02135    0.03947    0.00040      0.05294      0.00000      0.00057      0.03469      0.00000      
157100  0.11199    0.02138    0.03948    0.00036      0.05078      0.00000      0.00056      0.03466      0.00000      
157200  0.11204    0.02134    0.03947    0.00035      0.05088      0.00000      0.00039      0.03457      0.00000      
157300  0.11722    0.02134    0.03947    0.00055      0.05586      0.00000      0.00051      0.03460      0.00000      
157400  0.11261    0.02134    0.03946    0.00051      0.05129      0.00000      0.00045      0.03461      0.00000      
157500  0.11474    0.02134    0.03946    0.00047      0.05348      0.00000      0.00052      0.03463      0.00000      
157600  0.11648    0.02134    0.03946    0.00054      0.05514      0.00000      0.00048      0.03469      0.00000      
157700  0.11247    0.02133    0.03946    0.00052      0.05117      0.00000      0.00068      0.03462      0.00000      
157800  0.11357    0.02131    0.03945    0.00051      0.05229      0.00000      0.00044      0.03468      0.00000      
157900  0.11182    0.02131    0.03945    0.00043      0.05064      0.00000      0.00053      0.03462      0.00000      
158000  0.11243    0.02132    0.03945    0.00045      0.05121      0.00000      0.00052      0.03461      0.00000      
158100  0.11384    0.02132    0.03945    0.00036      0.05271      0.00000      0.00051      0.03458      0.00000      
158200  0.11595    0.02128    0.03944    0.00049      0.05474      0.00000      0.00046      0.03464      0.00000      
158300  0.11383    0.02129    0.03944    0.00055      0.05255      0.00000      0.00041      0.03474      0.00000      
158400  0.11320    0.02128    0.03944    0.00037      0.05211      0.00000      0.00041      0.03480      0.00000      
158500  0.11351    0.02130    0.03944    0.00041      0.05237      0.00000      0.00055      0.03470      0.00000      
158600  0.11230    0.02128    0.03944    0.00036      0.05122      0.00000      0.00049      0.03471      0.00000      
158700  0.11847    0.02127    0.03944    0.00037      0.05739      0.00000      0.00049      0.03475      0.00000      
158800  0.11386    0.02128    0.03944    0.00047      0.05268      0.00000      0.00034      0.03467      0.00000      
158900  0.11529    0.02124    0.03943    0.00053      0.05409      0.00000      0.00049      0.03465      0.00000      
159000  0.11781    0.02121    0.03943    0.00058      0.05659      0.00000      0.00049      0.03472      0.00000      
159100  0.11506    0.02122    0.03943    0.00051      0.05391      0.00000      0.00047      0.03474      0.00000      
159200  0.11393    0.02123    0.03942    0.00051      0.05277      0.00000      0.00043      0.03473      0.00000      
159300  0.11206    0.02121    0.03942    0.00053      0.05091      0.00000      0.00054      0.03464      0.00000      
159400  0.11494    0.02124    0.03942    0.00037      0.05391      0.00000      0.00051      0.03457      0.00000      
159500  0.11088    0.02124    0.03942    0.00051      0.04972      0.00000      0.00050      0.03455      0.00000      
159600  0.11335    0.02128    0.03942    0.00058      0.05208      0.00000      0.00043      0.03463      0.00000      
159700  0.11529    0.02128    0.03941    0.00040      0.05420      0.00000      0.00050      0.03456      0.00000      
159800  0.11419    0.02127    0.03942    0.00056      0.05294      0.00000      0.00049      0.03448      0.00000      
159900  0.11168    0.02125    0.03942    0.00039      0.05061      0.00000      0.00041      0.03452      0.00000      
160000  0.11490    0.02125    0.03942    0.00051      0.05371      0.00000      0.00044      0.03457      0.00000      
160100  0.11471    0.02122    0.03942    0.00036      0.05370      0.00000      0.00051      0.03455      0.00000      
160200  0.11556    0.02124    0.03942    0.00050      0.05440      0.00000      0.00053      0.03449      0.00000      
160300  0.11304    0.02124    0.03942    0.00036      0.05202      0.00000      0.00042      0.03452      0.00000      
160400  0.11269    0.02123    0.03942    0.00044      0.05159      0.00000      0.00072      0.03456      0.00000      
160500  0.11345    0.02127    0.03941    0.00051      0.05226      0.00000      0.00057      0.03456      0.00000      
160600  0.11342    0.02125    0.03941    0.00053      0.05222      0.00000      0.00058      0.03451      0.00000      
160700  0.11384    0.02125    0.03941    0.00052      0.05266      0.00000      0.00045      0.03458      0.00000      
160800  0.11244    0.02123    0.03940    0.00040      0.05141      0.00000      0.00047      0.03454      0.00000      
160900  0.11555    0.02126    0.03942    0.00049      0.05439      0.00000      0.00050      0.03452      0.00000      
161000  0.11568    0.02126    0.03941    0.00054      0.05446      0.00000      0.00062      0.03460      0.00000      
161100  0.11057    0.02126    0.03941    0.00052      0.04939      0.00000      0.00038      0.03460      0.00000      
161200  0.11369    0.02124    0.03941    0.00036      0.05268      0.00000      0.00050      0.03449      0.00000      
161300  0.11265    0.02126    0.03940    0.00053      0.05146      0.00000      0.00049      0.03469      0.00000      
161400  0.11338    0.02126    0.03941    0.00041      0.05230      0.00000      0.00058      0.03451      0.00000      
161500  0.11308    0.02127    0.03942    0.00044      0.05195      0.00000      0.00048      0.03448      0.00000      
161600  0.11274    0.02130    0.03941    0.00052      0.05152      0.00000      0.00062      0.03448      0.00000      
161700  0.11312    0.02130    0.03941    0.00043      0.05198      0.00000      0.00060      0.03452      0.00000      
161800  0.11493    0.02129    0.03941    0.00049      0.05375      0.00000      0.00048      0.03453      0.00000      
161900  0.11692    0.02125    0.03940    0.00048      0.05580      0.00000      0.00063      0.03449      0.00000      
162000  0.11163    0.02125    0.03940    0.00037      0.05060      0.00000      0.00043      0.03452      0.00000      
162100  0.11784    0.02126    0.03940    0.00047      0.05670      0.00000      0.00064      0.03460      0.00000      
162200  0.11358    0.02124    0.03940    0.00038      0.05256      0.00000      0.00047      0.03452      0.00000      
162300  0.11251    0.02126    0.03939    0.00045      0.05142      0.00000      0.00045      0.03454      0.00000      
162400  0.11197    0.02125    0.03939    0.00039      0.05093      0.00000      0.00034      0.03460      0.00000      
162500  0.11324    0.02123    0.03938    0.00047      0.05216      0.00000      0.00051      0.03452      0.00000      
162600  0.11160    0.02124    0.03939    0.00043      0.05054      0.00000      0.00047      0.03450      0.00000      
162700  0.11328    0.02123    0.03938    0.00044      0.05224      0.00000      0.00049      0.03454      0.00000      
162800  0.11138    0.02123    0.03938    0.00041      0.05037      0.00000      0.00054      0.03448      0.00000      
162900  0.11360    0.02123    0.03937    0.00053      0.05248      0.00000      0.00039      0.03455      0.00000      
163000  0.11330    0.02123    0.03938    0.00046      0.05222      0.00000      0.00049      0.03458      0.00000      
163100  0.11767    0.02123    0.03937    0.00049      0.05657      0.00000      0.00050      0.03452      0.00000      
163200  0.13298    0.02122    0.03938    0.00043      0.07194      0.00000      0.00050      0.03454      0.00000      
163300  0.11327    0.02121    0.03938    0.00038      0.05230      0.00000      0.00045      0.03456      0.00000      
163400  0.11257    0.02121    0.03938    0.00045      0.05153      0.00000      0.00053      0.03457      0.00000      
163500  0.11331    0.02120    0.03937    0.00051      0.05223      0.00000      0.00049      0.03456      0.00000      
163600  0.11247    0.02122    0.03937    0.00051      0.05138      0.00000      0.00053      0.03451      0.00000      
163700  0.11554    0.02118    0.03936    0.00042      0.05458      0.00000      0.00063      0.03449      0.00000      
163800  0.11823    0.02118    0.03935    0.00039      0.05730      0.00000      0.00036      0.03453      0.00000      
163900  0.11194    0.02117    0.03935    0.00050      0.05092      0.00000      0.00059      0.03466      0.00000      
164000  0.11446    0.02118    0.03935    0.00036      0.05357      0.00000      0.00049      0.03461      0.00000      
164100  0.10994    0.02119    0.03935    0.00040      0.04901      0.00000      0.00046      0.03453      0.00000      
164200  0.11224    0.02119    0.03935    0.00043      0.05128      0.00000      0.00056      0.03449      0.00000      
164300  0.11519    0.02119    0.03934    0.00042      0.05425      0.00000      0.00064      0.03462      0.00000      
164400  0.11465    0.02117    0.03934    0.00032      0.05383      0.00000      0.00063      0.03456      0.00000      
164500  0.11476    0.02119    0.03933    0.00044      0.05380      0.00000      0.00044      0.03446      0.00000      
164600  0.11361    0.02119    0.03933    0.00043      0.05266      0.00000      0.00055      0.03442      0.00000      
164700  0.11237    0.02118    0.03932    0.00039      0.05148      0.00000      0.00061      0.03450      0.00000      
164800  0.11361    0.02115    0.03932    0.00035      0.05278      0.00000      0.00049      0.03447      0.00000      
164900  0.11344    0.02116    0.03933    0.00035      0.05260      0.00000      0.00041      0.03449      0.00000      
165000  0.11403    0.02116    0.03932    0.00042      0.05313      0.00000      0.00052      0.03450      0.00000      
165100  0.11185    0.02115    0.03931    0.00045      0.05094      0.00000      0.00043      0.03462      0.00000      
165200  0.11324    0.02116    0.03932    0.00050      0.05226      0.00000      0.00048      0.03460      0.00000      
165300  0.11540    0.02121    0.03932    0.00055      0.05432      0.00000      0.00043      0.03461      0.00000      
165400  0.11236    0.02118    0.03931    0.00037      0.05151      0.00000      0.00055      0.03452      0.00000      
165500  0.12080    0.02114    0.03931    0.00049      0.05986      0.00000      0.00044      0.03454      0.00000      
165600  0.11290    0.02116    0.03931    0.00051      0.05192      0.00000      0.00042      0.03454      0.00000      
165700  0.11303    0.02116    0.03931    0.00041      0.05215      0.00000      0.00045      0.03451      0.00000      
165800  0.11593    0.02115    0.03931    0.00053      0.05494      0.00000      0.00049      0.03448      0.00000      
165900  0.11653    0.02116    0.03930    0.00061      0.05546      0.00000      0.00062      0.03446      0.00000      
166000  0.11884    0.02114    0.03930    0.00064      0.05777      0.00000      0.00049      0.03454      0.00000      
166100  0.11244    0.02115    0.03930    0.00040      0.05159      0.00000      0.00049      0.03452      0.00000      
166200  0.11256    0.02113    0.03929    0.00047      0.05167      0.00000      0.00044      0.03452      0.00000      
166300  0.11483    0.02113    0.03930    0.00030      0.05410      0.00000      0.00049      0.03463      0.00000      
166400  0.11451    0.02112    0.03929    0.00037      0.05373      0.00000      0.00043      0.03457      0.00000      
166500  0.11493    0.02112    0.03929    0.00042      0.05410      0.00000      0.00041      0.03449      0.00000      
166600  0.11394    0.02111    0.03929    0.00043      0.05312      0.00000      0.00049      0.03443      0.00000      
166700  0.11212    0.02114    0.03929    0.00041      0.05128      0.00000      0.00053      0.03449      0.00000      
166800  0.11314    0.02111    0.03928    0.00036      0.05239      0.00000      0.00051      0.03456      0.00000      
166900  0.11548    0.02109    0.03927    0.00056      0.05456      0.00000      0.00057      0.03447      0.00000      
167000  0.11414    0.02108    0.03928    0.00055      0.05323      0.00000      0.00039      0.03449      0.00000      
167100  0.11532    0.02109    0.03928    0.00039      0.05456      0.00000      0.00042      0.03450      0.00000      
167200  0.11225    0.02111    0.03929    0.00038      0.05147      0.00000      0.00050      0.03452      0.00000      
167300  0.11364    0.02111    0.03928    0.00038      0.05287      0.00000      0.00055      0.03443      0.00000      
167400  0.11145    0.02112    0.03928    0.00034      0.05071      0.00000      0.00067      0.03450      0.00000      
167500  0.11154    0.02109    0.03927    0.00036      0.05081      0.00000      0.00045      0.03450      0.00000      
167600  0.11668    0.02109    0.03928    0.00054      0.05577      0.00000      0.00041      0.03455      0.00000      
167700  0.11208    0.02108    0.03927    0.00056      0.05117      0.00000      0.00047      0.03448      0.00000      
167800  0.11430    0.02109    0.03927    0.00047      0.05346      0.00000      0.00049      0.03452      0.00000      
167900  0.11597    0.02109    0.03927    0.00052      0.05510      0.00000      0.00047      0.03454      0.00000      
168000  0.11168    0.02108    0.03927    0.00050      0.05083      0.00000      0.00065      0.03454      0.00000      
168100  0.11292    0.02108    0.03927    0.00047      0.05210      0.00000      0.00037      0.03461      0.00000      
168200  0.11145    0.02112    0.03927    0.00048      0.05058      0.00000      0.00045      0.03461      0.00000      
168300  0.11201    0.02110    0.03927    0.00046      0.05118      0.00000      0.00050      0.03454      0.00000      
168400  0.11338    0.02111    0.03927    0.00045      0.05255      0.00000      0.00050      0.03454      0.00000      
168500  0.11552    0.02109    0.03927    0.00050      0.05465      0.00000      0.00045      0.03456      0.00000      
168600  0.11349    0.02109    0.03927    0.00054      0.05259      0.00000      0.00043      0.03464      0.00000      
168700  0.11271    0.02108    0.03926    0.00040      0.05197      0.00000      0.00036      0.03455      0.00000      
168800  0.11302    0.02110    0.03926    0.00035      0.05231      0.00000      0.00053      0.03450      0.00000      
168900  0.11172    0.02108    0.03926    0.00041      0.05098      0.00000      0.00045      0.03454      0.00000      
169000  0.11809    0.02109    0.03926    0.00040      0.05734      0.00000      0.00048      0.03449      0.00000      
169100  0.11355    0.02109    0.03926    0.00048      0.05271      0.00000      0.00038      0.03456      0.00000      
169200  0.11487    0.02107    0.03926    0.00045      0.05410      0.00000      0.00040      0.03456      0.00000      
169300  0.11717    0.02108    0.03925    0.00053      0.05631      0.00000      0.00050      0.03460      0.00000      
169400  0.11507    0.02111    0.03924    0.00051      0.05421      0.00000      0.00054      0.03449      0.00000      
169500  0.11353    0.02110    0.03924    0.00052      0.05267      0.00000      0.00041      0.03453      0.00000      
169600  0.11162    0.02107    0.03923    0.00052      0.05080      0.00000      0.00054      0.03452      0.00000      
169700  0.11464    0.02107    0.03923    0.00044      0.05390      0.00000      0.00057      0.03450      0.00000      
169800  0.11055    0.02105    0.03922    0.00052      0.04976      0.00000      0.00048      0.03453      0.00000      
169900  0.11280    0.02107    0.03923    0.00059      0.05192      0.00000      0.00049      0.03449      0.00000      
170000  0.11499    0.02108    0.03922    0.00044      0.05425      0.00000      0.00046      0.03445      0.00000      
170100  0.11368    0.02106    0.03922    0.00053      0.05286      0.00000      0.00049      0.03452      0.00000      
170200  0.11111    0.02107    0.03922    0.00035      0.05048      0.00000      0.00037      0.03447      0.00000      
170300  0.11454    0.02108    0.03922    0.00053      0.05371      0.00000      0.00044      0.03456      0.00000      
170400  0.11442    0.02106    0.03922    0.00038      0.05376      0.00000      0.00054      0.03448      0.00000      
170500  0.11516    0.02106    0.03922    0.00048      0.05441      0.00000      0.00049      0.03448      0.00000      
170600  0.11249    0.02105    0.03921    0.00036      0.05187      0.00000      0.00041      0.03447      0.00000      
170700  0.11204    0.02103    0.03921    0.00041      0.05139      0.00000      0.00061      0.03440      0.00000      
170800  0.11290    0.02102    0.03921    0.00055      0.05212      0.00000      0.00057      0.03441      0.00000      
170900  0.11284    0.02103    0.03921    0.00054      0.05206      0.00000      0.00056      0.03448      0.00000      
171000  0.11316    0.02104    0.03922    0.00052      0.05238      0.00000      0.00041      0.03446      0.00000      
171100  0.11190    0.02105    0.03922    0.00039      0.05124      0.00000      0.00048      0.03441      0.00000      
171200  0.11519    0.02105    0.03922    0.00046      0.05446      0.00000      0.00053      0.03449      0.00000      
171300  0.11509    0.02103    0.03921    0.00052      0.05434      0.00000      0.00052      0.03449      0.00000      
171400  0.10994    0.02101    0.03920    0.00050      0.04922      0.00000      0.00042      0.03443      0.00000      
171500  0.11328    0.02101    0.03920    0.00041      0.05266      0.00000      0.00043      0.03453      0.00000      
171600  0.11201    0.02100    0.03919    0.00055      0.05128      0.00000      0.00051      0.03446      0.00000      
171700  0.11281    0.02101    0.03919    0.00045      0.05216      0.00000      0.00054      0.03444      0.00000      
171800  0.11248    0.02101    0.03920    0.00042      0.05186      0.00000      0.00045      0.03443      0.00000      
171900  0.11209    0.02101    0.03919    0.00050      0.05139      0.00000      0.00057      0.03447      0.00000      
172000  0.11243    0.02099    0.03918    0.00042      0.05183      0.00000      0.00058      0.03447      0.00000      
172100  0.11432    0.02098    0.03918    0.00048      0.05368      0.00000      0.00047      0.03447      0.00000      
172200  0.11638    0.02098    0.03918    0.00040      0.05582      0.00000      0.00050      0.03446      0.00000      
172300  0.11119    0.02098    0.03918    0.00040      0.05062      0.00000      0.00046      0.03450      0.00000      
172400  0.11724    0.02098    0.03918    0.00048      0.05661      0.00000      0.00060      0.03459      0.00000      
172500  0.11310    0.02100    0.03918    0.00036      0.05256      0.00000      0.00049      0.03447      0.00000      
172600  0.11188    0.02101    0.03918    0.00050      0.05120      0.00000      0.00043      0.03444      0.00000      
172700  0.11151    0.02097    0.03917    0.00039      0.05098      0.00000      0.00035      0.03461      0.00000      
172800  0.11269    0.02096    0.03917    0.00048      0.05208      0.00000      0.00045      0.03448      0.00000      
172900  0.11094    0.02096    0.03917    0.00045      0.05036      0.00000      0.00036      0.03449      0.00000      
173000  0.11270    0.02098    0.03918    0.00045      0.05209      0.00000      0.00052      0.03450      0.00000      
173100  0.11072    0.02098    0.03917    0.00042      0.05015      0.00000      0.00052      0.03443      0.00000      
173200  0.11296    0.02100    0.03917    0.00057      0.05221      0.00000      0.00041      0.03442      0.00000      
173300  0.11254    0.02098    0.03917    0.00045      0.05193      0.00000      0.00053      0.03442      0.00000      
173400  0.11733    0.02098    0.03917    0.00051      0.05667      0.00000      0.00046      0.03440      0.00000      
173500  0.13129    0.02099    0.03917    0.00044      0.07070      0.00000      0.00042      0.03438      0.00000      
173600  0.11255    0.02097    0.03916    0.00034      0.05207      0.00000      0.00047      0.03453      0.00000      
173700  0.11192    0.02095    0.03915    0.00045      0.05136      0.00000      0.00048      0.03440      0.00000      
173800  0.11274    0.02093    0.03915    0.00049      0.05216      0.00000      0.00049      0.03450      0.00000      
173900  0.11193    0.02094    0.03916    0.00049      0.05133      0.00000      0.00054      0.03450      0.00000      
174000  0.11492    0.02092    0.03915    0.00041      0.05443      0.00000      0.00061      0.03444      0.00000      
174100  0.11784    0.02093    0.03916    0.00042      0.05733      0.00000      0.00036      0.03444      0.00000      
174200  0.11134    0.02093    0.03915    0.00052      0.05075      0.00000      0.00057      0.03446      0.00000      
174300  0.11388    0.02094    0.03915    0.00036      0.05343      0.00000      0.00043      0.03440      0.00000      
174400  0.10942    0.02093    0.03915    0.00044      0.04890      0.00000      0.00043      0.03448      0.00000      
174500  0.11150    0.02095    0.03914    0.00041      0.05099      0.00000      0.00051      0.03448      0.00000      
174600  0.11458    0.02095    0.03914    0.00042      0.05407      0.00000      0.00054      0.03453      0.00000      
174700  0.11408    0.02097    0.03914    0.00032      0.05366      0.00000      0.00058      0.03455      0.00000      
174800  0.11428    0.02096    0.03913    0.00049      0.05370      0.00000      0.00035      0.03448      0.00000      
174900  0.11306    0.02098    0.03913    0.00045      0.05250      0.00000      0.00048      0.03449      0.00000      
175000  0.11187    0.02097    0.03913    0.00041      0.05136      0.00000      0.00059      0.03449      0.00000      
175100  0.11296    0.02096    0.03912    0.00033      0.05256      0.00000      0.00038      0.03449      0.00000      
175200  0.11294    0.02097    0.03913    0.00036      0.05249      0.00000      0.00037      0.03451      0.00000      
175300  0.11359    0.02097    0.03912    0.00044      0.05306      0.00000      0.00043      0.03457      0.00000      
175400  0.11151    0.02094    0.03912    0.00047      0.05098      0.00000      0.00041      0.03455      0.00000      
175500  0.11254    0.02094    0.03912    0.00049      0.05199      0.00000      0.00041      0.03446      0.00000      
175600  0.11414    0.02094    0.03912    0.00059      0.05350      0.00000      0.00044      0.03450      0.00000      
175700  0.11184    0.02094    0.03912    0.00038      0.05140      0.00000      0.00046      0.03444      0.00000      
175800  0.11955    0.02096    0.03912    0.00046      0.05900      0.00000      0.00038      0.03460      0.00000      
175900  0.11233    0.02094    0.03912    0.00051      0.05176      0.00000      0.00045      0.03441      0.00000      
176000  0.11250    0.02094    0.03912    0.00041      0.05204      0.00000      0.00041      0.03448      0.00000      
176100  0.11551    0.02094    0.03912    0.00054      0.05491      0.00000      0.00054      0.03441      0.00000      
176200  0.11609    0.02094    0.03911    0.00057      0.05546      0.00000      0.00054      0.03435      0.00000      
176300  0.11835    0.02093    0.03911    0.00064      0.05767      0.00000      0.00052      0.03438      0.00000      
176400  0.11185    0.02093    0.03911    0.00041      0.05139      0.00000      0.00051      0.03446      0.00000      
176500  0.11184    0.02091    0.03911    0.00046      0.05136      0.00000      0.00045      0.03435      0.00000      
176600  0.11393    0.02092    0.03912    0.00043      0.05346      0.00000      0.00056      0.03442      0.00000      
176700  0.11385    0.02094    0.03911    0.00037      0.05343      0.00000      0.00049      0.03443      0.00000      
176800  0.11420    0.02095    0.03912    0.00046      0.05368      0.00000      0.00045      0.03449      0.00000      
176900  0.11353    0.02095    0.03912    0.00043      0.05304      0.00000      0.00049      0.03444      0.00000      
177000  0.11153    0.02097    0.03912    0.00040      0.05105      0.00000      0.00052      0.03443      0.00000      
177100  0.11252    0.02096    0.03912    0.00034      0.05210      0.00000      0.00050      0.03446      0.00000      
177200  0.11512    0.02095    0.03912    0.00056      0.05449      0.00000      0.00059      0.03443      0.00000      
177300  0.11373    0.02096    0.03911    0.00053      0.05314      0.00000      0.00035      0.03439      0.00000      
177400  0.11492    0.02095    0.03911    0.00044      0.05442      0.00000      0.00044      0.03431      0.00000      
177500  0.11161    0.02094    0.03911    0.00039      0.05118      0.00000      0.00052      0.03447      0.00000      
177600  0.11321    0.02091    0.03910    0.00041      0.05279      0.00000      0.00062      0.03442      0.00000      
177700  0.11081    0.02092    0.03911    0.00036      0.05042      0.00000      0.00061      0.03443      0.00000      
177800  0.11091    0.02091    0.03910    0.00038      0.05051      0.00000      0.00045      0.03438      0.00000      
177900  0.11614    0.02092    0.03910    0.00058      0.05555      0.00000      0.00048      0.03441      0.00000      
178000  0.11160    0.02094    0.03910    0.00048      0.05107      0.00000      0.00051      0.03447      0.00000      
178100  0.11377    0.02093    0.03909    0.00047      0.05328      0.00000      0.00053      0.03449      0.00000      
178200  0.11532    0.02092    0.03910    0.00052      0.05477      0.00000      0.00046      0.03446      0.00000      
178300  0.11122    0.02092    0.03910    0.00052      0.05068      0.00000      0.00071      0.03431      0.00000      
178400  0.11245    0.02092    0.03910    0.00043      0.05201      0.00000      0.00038      0.03435      0.00000      
178500  0.11078    0.02096    0.03910    0.00042      0.05031      0.00000      0.00042      0.03436      0.00000      
178600  0.11150    0.02095    0.03910    0.00040      0.05105      0.00000      0.00053      0.03449      0.00000      
178700  0.11286    0.02097    0.03910    0.00037      0.05242      0.00000      0.00050      0.03439      0.00000      
178800  0.11509    0.02096    0.03910    0.00045      0.05459      0.00000      0.00053      0.03444      0.00000      
178900  0.11289    0.02095    0.03909    0.00056      0.05229      0.00000      0.00049      0.03445      0.00000      
179000  0.11225    0.02094    0.03909    0.00041      0.05180      0.00000      0.00041      0.03444      0.00000      
179100  0.11261    0.02097    0.03909    0.00036      0.05220      0.00000      0.00055      0.03443      0.00000      
179200  0.11132    0.02095    0.03909    0.00037      0.05091      0.00000      0.00049      0.03440      0.00000      
179300  0.11760    0.02094    0.03909    0.00036      0.05721      0.00000      0.00040      0.03446      0.00000      
179400  0.11281    0.02096    0.03910    0.00050      0.05224      0.00000      0.00036      0.03447      0.00000      
179500  0.11428    0.02097    0.03910    0.00045      0.05377      0.00000      0.00037      0.03443      0.00000      
179600  0.11699    0.02095    0.03909    0.00059      0.05637      0.00000      0.00053      0.03445      0.00000      
179700  0.11431    0.02092    0.03908    0.00052      0.05379      0.00000      0.00060      0.03451      0.00000      
179800  0.11296    0.02092    0.03908    0.00052      0.05244      0.00000      0.00048      0.03443      0.00000      
179900  0.11113    0.02093    0.03908    0.00052      0.05060      0.00000      0.00052      0.03443      0.00000      
180000  0.11416    0.02092    0.03908    0.00043      0.05372      0.00000      0.00055      0.03444      0.00000      
180100  0.10993    0.02092    0.03907    0.00049      0.04944      0.00000      0.00050      0.03437      0.00000      
180200  0.11237    0.02094    0.03908    0.00059      0.05176      0.00000      0.00045      0.03438      0.00000      
180300  0.11438    0.02092    0.03907    0.00039      0.05400      0.00000      0.00056      0.03435      0.00000      
180400  0.11321    0.02091    0.03907    0.00049      0.05274      0.00000      0.00047      0.03443      0.00000      
180500  0.11057    0.02091    0.03907    0.00033      0.05026      0.00000      0.00039      0.03440      0.00000      
180600  0.11391    0.02089    0.03906    0.00051      0.05345      0.00000      0.00045      0.03440      0.00000      
180700  0.11388    0.02091    0.03907    0.00038      0.05352      0.00000      0.00052      0.03438      0.00000      
180800  0.11468    0.02092    0.03907    0.00050      0.05419      0.00000      0.00045      0.03441      0.00000      
180900  0.11207    0.02094    0.03907    0.00032      0.05174      0.00000      0.00040      0.03440      0.00000      
181000  0.11178    0.02094    0.03907    0.00042      0.05134      0.00000      0.00065      0.03439      0.00000      
181100  0.11243    0.02093    0.03907    0.00053      0.05191      0.00000      0.00058      0.03447      0.00000      
181200  0.11235    0.02090    0.03906    0.00057      0.05182      0.00000      0.00063      0.03443      0.00000      
181300  0.11283    0.02090    0.03906    0.00052      0.05235      0.00000      0.00044      0.03438      0.00000      
181400  0.11157    0.02089    0.03906    0.00038      0.05125      0.00000      0.00048      0.03435      0.00000      
181500  0.11554    0.02087    0.03906    0.00051      0.05510      0.00000      0.00055      0.03447      0.00000      
181600  0.11458    0.02085    0.03905    0.00054      0.05414      0.00000      0.00060      0.03445      0.00000      
181700  0.10944    0.02084    0.03905    0.00052      0.04903      0.00000      0.00043      0.03440      0.00000      
181800  0.11275    0.02084    0.03904    0.00039      0.05247      0.00000      0.00051      0.03446      0.00000      
181900  0.11157    0.02083    0.03904    0.00057      0.05114      0.00000      0.00052      0.03443      0.00000      
182000  0.11260    0.02085    0.03904    0.00042      0.05229      0.00000      0.00070      0.03448      0.00000      
182100  0.11204    0.02084    0.03904    0.00041      0.05175      0.00000      0.00048      0.03439      0.00000      
182200  0.11167    0.02083    0.03904    0.00052      0.05127      0.00000      0.00052      0.03446      0.00000      
182300  0.11206    0.02082    0.03903    0.00043      0.05178      0.00000      0.00064      0.03446      0.00000      
182400  0.11385    0.02084    0.03903    0.00047      0.05351      0.00000      0.00049      0.03439      0.00000      
182500  0.11584    0.02084    0.03903    0.00039      0.05559      0.00000      0.00052      0.03435      0.00000      
182600  0.11075    0.02087    0.03903    0.00038      0.05047      0.00000      0.00041      0.03439      0.00000      
182700  0.11685    0.02089    0.03904    0.00042      0.05650      0.00000      0.00057      0.03442      0.00000      
182800  0.11260    0.02087    0.03904    0.00034      0.05234      0.00000      0.00049      0.03438      0.00000      
182900  0.11142    0.02086    0.03903    0.00047      0.05106      0.00000      0.00050      0.03438      0.00000      
183000  0.11090    0.02087    0.03904    0.00040      0.05058      0.00000      0.00034      0.03432      0.00000      
183100  0.11226    0.02087    0.03903    0.00045      0.05192      0.00000      0.00049      0.03435      0.00000      
183200  0.11051    0.02087    0.03904    0.00045      0.05015      0.00000      0.00052      0.03437      0.00000      
183300  0.11213    0.02083    0.03903    0.00041      0.05186      0.00000      0.00059      0.03444      0.00000      
183400  0.11043    0.02086    0.03904    0.00042      0.05011      0.00000      0.00059      0.03436      0.00000      
183500  0.11252    0.02085    0.03902    0.00053      0.05210      0.00000      0.00044      0.03437      0.00000      
183600  0.11219    0.02088    0.03903    0.00047      0.05181      0.00000      0.00046      0.03436      0.00000      
183700  0.11684    0.02086    0.03903    0.00051      0.05645      0.00000      0.00050      0.03433      0.00000      
183800  0.13125    0.02087    0.03903    0.00043      0.07092      0.00000      0.00045      0.03438      0.00000      
183900  0.11232    0.02089    0.03903    0.00036      0.05203      0.00000      0.00043      0.03439      0.00000      
184000  0.11181    0.02089    0.03903    0.00047      0.05141      0.00000      0.00049      0.03439      0.00000      
184100  0.11247    0.02088    0.03904    0.00052      0.05204      0.00000      0.00047      0.03434      0.00000      
184200  0.11148    0.02087    0.03904    0.00051      0.05106      0.00000      0.00056      0.03426      0.00000      
184300  0.11457    0.02087    0.03903    0.00039      0.05427      0.00000      0.00058      0.03431      0.00000      
184400  0.11694    0.02086    0.03903    0.00042      0.05662      0.00000      0.00038      0.03427      0.00000      
184500  0.11097    0.02087    0.03903    0.00052      0.05056      0.00000      0.00063      0.03427      0.00000      
184600  0.11348    0.02085    0.03903    0.00036      0.05324      0.00000      0.00052      0.03433      0.00000      
184700  0.10902    0.02083    0.03902    0.00046      0.04870      0.00000      0.00048      0.03430      0.00000      
184800  0.11125    0.02083    0.03902    0.00042      0.05097      0.00000      0.00051      0.03430      0.00000      
184900  0.11421    0.02084    0.03902    0.00040      0.05395      0.00000      0.00052      0.03433      0.00000      
185000  0.11379    0.02084    0.03903    0.00035      0.05357      0.00000      0.00062      0.03440      0.00000      
185100  0.11391    0.02083    0.03902    0.00046      0.05361      0.00000      0.00042      0.03434      0.00000      
185200  0.11262    0.02081    0.03901    0.00045      0.05236      0.00000      0.00049      0.03429      0.00000      
185300  0.11142    0.02082    0.03901    0.00039      0.05121      0.00000      0.00053      0.03433      0.00000      
185400  0.11255    0.02083    0.03901    0.00034      0.05238      0.00000      0.00045      0.03427      0.00000      
185500  0.11248    0.02082    0.03900    0.00038      0.05228      0.00000      0.00037      0.03432      0.00000      
185600  0.11316    0.02081    0.03900    0.00044      0.05291      0.00000      0.00039      0.03434      0.00000      
185700  0.11101    0.02083    0.03900    0.00047      0.05071      0.00000      0.00042      0.03431      0.00000      
185800  0.11220    0.02081    0.03900    0.00052      0.05188      0.00000      0.00046      0.03432      0.00000      
185900  0.11379    0.02082    0.03899    0.00059      0.05339      0.00000      0.00046      0.03435      0.00000      
186000  0.11147    0.02081    0.03899    0.00037      0.05130      0.00000      0.00050      0.03432      0.00000      
186100  0.11804    0.02081    0.03900    0.00043      0.05780      0.00000      0.00041      0.03429      0.00000      
186200  0.11191    0.02082    0.03900    0.00050      0.05160      0.00000      0.00041      0.03430      0.00000      
186300  0.11197    0.02080    0.03899    0.00041      0.05176      0.00000      0.00047      0.03432      0.00000      
186400  0.11496    0.02081    0.03900    0.00055      0.05461      0.00000      0.00055      0.03424      0.00000      
186500  0.11573    0.02080    0.03899    0.00059      0.05534      0.00000      0.00064      0.03433      0.00000      
186600  0.11797    0.02081    0.03900    0.00063      0.05753      0.00000      0.00060      0.03435      0.00000      
186700  0.11148    0.02082    0.03900    0.00040      0.05125      0.00000      0.00051      0.03425      0.00000      
186800  0.11141    0.02082    0.03900    0.00046      0.05113      0.00000      0.00047      0.03423      0.00000      
186900  0.11292    0.02082    0.03900    0.00034      0.05276      0.00000      0.00056      0.03425      0.00000      
187000  0.11343    0.02079    0.03900    0.00038      0.05326      0.00000      0.00051      0.03420      0.00000      
187100  0.11379    0.02080    0.03900    0.00049      0.05351      0.00000      0.00040      0.03421      0.00000      
187200  0.11316    0.02079    0.03899    0.00041      0.05296      0.00000      0.00053      0.03428      0.00000      
187300  0.11116    0.02080    0.03899    0.00041      0.05095      0.00000      0.00050      0.03426      0.00000      
187400  0.11219    0.02082    0.03899    0.00037      0.05201      0.00000      0.00059      0.03428      0.00000      
187500  0.11476    0.02080    0.03898    0.00055      0.05442      0.00000      0.00057      0.03432      0.00000      
187600  0.11338    0.02079    0.03898    0.00056      0.05304      0.00000      0.00040      0.03435      0.00000      
187700  0.11462    0.02079    0.03898    0.00049      0.05436      0.00000      0.00046      0.03433      0.00000      
187800  0.11124    0.02078    0.03898    0.00038      0.05110      0.00000      0.00056      0.03431      0.00000      
187900  0.11278    0.02078    0.03898    0.00038      0.05265      0.00000      0.00067      0.03433      0.00000      
188000  0.11040    0.02079    0.03898    0.00036      0.05027      0.00000      0.00059      0.03437      0.00000      
188100  0.11049    0.02077    0.03898    0.00034      0.05040      0.00000      0.00049      0.03440      0.00000      
188200  0.11565    0.02075    0.03897    0.00050      0.05543      0.00000      0.00054      0.03442      0.00000      
188300  0.11107    0.02075    0.03897    0.00050      0.05084      0.00000      0.00053      0.03435      0.00000      
188400  0.11344    0.02077    0.03898    0.00050      0.05319      0.00000      0.00054      0.03436      0.00000      
188500  0.11498    0.02075    0.03897    0.00054      0.05472      0.00000      0.00045      0.03436      0.00000      
188600  0.11094    0.02075    0.03897    0.00052      0.05070      0.00000      0.00073      0.03432      0.00000      
188700  0.11203    0.02076    0.03897    0.00043      0.05187      0.00000      0.00041      0.03441      0.00000      
188800  0.11042    0.02075    0.03897    0.00042      0.05028      0.00000      0.00050      0.03436      0.00000      
188900  0.11099    0.02075    0.03897    0.00047      0.05079      0.00000      0.00050      0.03429      0.00000      
189000  0.11250    0.02076    0.03897    0.00042      0.05235      0.00000      0.00060      0.03433      0.00000      
189100  0.11453    0.02075    0.03896    0.00046      0.05436      0.00000      0.00049      0.03438      0.00000      
189200  0.11245    0.02075    0.03896    0.00057      0.05216      0.00000      0.00046      0.03430      0.00000      
189300  0.11175    0.02074    0.03897    0.00037      0.05167      0.00000      0.00041      0.03424      0.00000      
189400  0.11205    0.02072    0.03896    0.00036      0.05202      0.00000      0.00048      0.03422      0.00000      
189500  0.11089    0.02072    0.03896    0.00040      0.05081      0.00000      0.00052      0.03429      0.00000      
189600  0.11706    0.02073    0.03896    0.00040      0.05696      0.00000      0.00045      0.03425      0.00000      
189700  0.11233    0.02073    0.03897    0.00047      0.05216      0.00000      0.00037      0.03420      0.00000      
189800  0.11353    0.02072    0.03897    0.00044      0.05340      0.00000      0.00041      0.03426      0.00000      
189900  0.11646    0.02072    0.03896    0.00053      0.05625      0.00000      0.00048      0.03428      0.00000      
190000  0.11394    0.02070    0.03896    0.00057      0.05371      0.00000      0.00069      0.03427      0.00000      
190100  0.11254    0.02069    0.03896    0.00050      0.05239      0.00000      0.00047      0.03429      0.00000      
190200  0.11051    0.02070    0.03895    0.00050      0.05036      0.00000      0.00051      0.03423      0.00000      
190300  0.11358    0.02072    0.03895    0.00039      0.05351      0.00000      0.00055      0.03424      0.00000      
190400  0.10955    0.02072    0.03896    0.00049      0.04938      0.00000      0.00057      0.03426      0.00000      
190500  0.11180    0.02070    0.03896    0.00058      0.05157      0.00000      0.00048      0.03424      0.00000      
190600  0.11408    0.02072    0.03895    0.00040      0.05401      0.00000      0.00056      0.03428      0.00000      
190700  0.11271    0.02070    0.03895    0.00050      0.05256      0.00000      0.00053      0.03430      0.00000      
190800  0.11014    0.02070    0.03895    0.00036      0.05013      0.00000      0.00043      0.03429      0.00000      
190900  0.11339    0.02068    0.03895    0.00053      0.05323      0.00000      0.00040      0.03435      0.00000      
191000  0.11340    0.02068    0.03895    0.00035      0.05341      0.00000      0.00047      0.03430      0.00000      
191100  0.11421    0.02068    0.03895    0.00048      0.05410      0.00000      0.00058      0.03423      0.00000      
191200  0.11154    0.02068    0.03895    0.00033      0.05158      0.00000      0.00041      0.03422      0.00000      
191300  0.11134    0.02069    0.03895    0.00045      0.05125      0.00000      0.00063      0.03426      0.00000      
191400  0.11188    0.02068    0.03894    0.00051      0.05176      0.00000      0.00062      0.03424      0.00000      
191500  0.11193    0.02068    0.03895    0.00053      0.05176      0.00000      0.00061      0.03423      0.00000      
191600  0.11252    0.02069    0.03895    0.00052      0.05236      0.00000      0.00045      0.03426      0.00000      
191700  0.11107    0.02068    0.03895    0.00040      0.05105      0.00000      0.00043      0.03430      0.00000      
191800  0.11418    0.02069    0.03896    0.00047      0.05406      0.00000      0.00058      0.03428      0.00000      
191900  0.11413    0.02069    0.03895    0.00054      0.05395      0.00000      0.00048      0.03428      0.00000      
192000  0.10909    0.02069    0.03894    0.00051      0.04895      0.00000      0.00042      0.03431      0.00000      
192100  0.11245    0.02070    0.03895    0.00042      0.05239      0.00000      0.00045      0.03424      0.00000      
192200  0.11118    0.02069    0.03894    0.00056      0.05098      0.00000      0.00047      0.03428      0.00000      
192300  0.11211    0.02071    0.03895    0.00044      0.05201      0.00000      0.00064      0.03427      0.00000      
192400  0.11162    0.02069    0.03895    0.00040      0.05158      0.00000      0.00052      0.03428      0.00000      
192500  0.11129    0.02068    0.03894    0.00049      0.05117      0.00000      0.00050      0.03432      0.00000      
192600  0.11170    0.02067    0.03894    0.00050      0.05159      0.00000      0.00056      0.03426      0.00000      
192700  0.11355    0.02066    0.03894    0.00047      0.05348      0.00000      0.00044      0.03434      0.00000      
192800  0.11554    0.02068    0.03893    0.00043      0.05550      0.00000      0.00042      0.03421      0.00000      
192900  0.11027    0.02067    0.03894    0.00040      0.05026      0.00000      0.00037      0.03419      0.00000      
193000  0.11653    0.02068    0.03894    0.00052      0.05640      0.00000      0.00058      0.03422      0.00000      
193100  0.11238    0.02066    0.03894    0.00037      0.05241      0.00000      0.00045      0.03426      0.00000      
193200  0.11091    0.02064    0.03894    0.00044      0.05089      0.00000      0.00044      0.03432      0.00000      
193300  0.11058    0.02067    0.03894    0.00043      0.05055      0.00000      0.00043      0.03427      0.00000      
193400  0.11186    0.02068    0.03894    0.00042      0.05182      0.00000      0.00041      0.03431      0.00000      
193500  0.11015    0.02068    0.03894    0.00048      0.05005      0.00000      0.00042      0.03428      0.00000      
193600  0.11180    0.02066    0.03893    0.00041      0.05179      0.00000      0.00048      0.03425      0.00000      
193700  0.11010    0.02068    0.03894    0.00043      0.05006      0.00000      0.00050      0.03417      0.00000      
193800  0.11222    0.02067    0.03893    0.00053      0.05209      0.00000      0.00043      0.03431      0.00000      
193900  0.11169    0.02069    0.03893    0.00047      0.05159      0.00000      0.00044      0.03419      0.00000      
194000  0.11637    0.02068    0.03893    0.00048      0.05629      0.00000      0.00052      0.03422      0.00000      
194100  0.13118    0.02067    0.03893    0.00041      0.07116      0.00000      0.00047      0.03432      0.00000      
194200  0.11183    0.02068    0.03893    0.00039      0.05184      0.00000      0.00040      0.03431      0.00000      
194300  0.11131    0.02067    0.03893    0.00043      0.05128      0.00000      0.00048      0.03427      0.00000      
194400  0.11210    0.02067    0.03893    0.00049      0.05201      0.00000      0.00046      0.03437      0.00000      
194500  0.11117    0.02067    0.03893    0.00052      0.05105      0.00000      0.00058      0.03436      0.00000      
194600  0.11415    0.02068    0.03893    0.00040      0.05414      0.00000      0.00057      0.03427      0.00000      
194700  0.11612    0.02070    0.03893    0.00045      0.05604      0.00000      0.00035      0.03434      0.00000      
194800  0.11062    0.02069    0.03893    0.00052      0.05048      0.00000      0.00053      0.03435      0.00000      
194900  0.11319    0.02067    0.03892    0.00037      0.05324      0.00000      0.00047      0.03426      0.00000      
195000  0.10870    0.02066    0.03892    0.00046      0.04866      0.00000      0.00041      0.03424      0.00000      
195100  0.11071    0.02064    0.03892    0.00041      0.05073      0.00000      0.00046      0.03426      0.00000      
195200  0.11383    0.02065    0.03892    0.00040      0.05386      0.00000      0.00053      0.03420      0.00000      
195300  0.11346    0.02066    0.03893    0.00034      0.05353      0.00000      0.00057      0.03421      0.00000      
195400  0.11351    0.02066    0.03892    0.00047      0.05346      0.00000      0.00048      0.03420      0.00000      
195500  0.11226    0.02066    0.03892    0.00044      0.05223      0.00000      0.00041      0.03425      0.00000      
195600  0.11104    0.02066    0.03892    0.00040      0.05106      0.00000      0.00064      0.03425      0.00000      
195700  0.11199    0.02067    0.03892    0.00031      0.05208      0.00000      0.00047      0.03422      0.00000      
195800  0.11212    0.02066    0.03892    0.00034      0.05221      0.00000      0.00041      0.03431      0.00000      
195900  0.11282    0.02066    0.03891    0.00045      0.05280      0.00000      0.00044      0.03424      0.00000      
196000  0.11071    0.02067    0.03892    0.00046      0.05066      0.00000      0.00040      0.03425      0.00000      
196100  0.11178    0.02069    0.03892    0.00049      0.05167      0.00000      0.00044      0.03428      0.00000      
196200  0.11289    0.02067    0.03892    0.00057      0.05273      0.00000      0.00042      0.03425      0.00000      
196300  0.11113    0.02068    0.03891    0.00038      0.05116      0.00000      0.00054      0.03422      0.00000      
196400  0.11862    0.02069    0.03892    0.00050      0.05851      0.00000      0.00039      0.03424      0.00000      
196500  0.11160    0.02066    0.03892    0.00045      0.05157      0.00000      0.00042      0.03424      0.00000      
196600  0.11178    0.02066    0.03891    0.00041      0.05180      0.00000      0.00044      0.03423      0.00000      
196700  0.11469    0.02066    0.03892    0.00056      0.05455      0.00000      0.00051      0.03418      0.00000      
196800  0.11532    0.02066    0.03891    0.00057      0.05518      0.00000      0.00055      0.03417      0.00000      
196900  0.11737    0.02069    0.03892    0.00060      0.05716      0.00000      0.00061      0.03417      0.00000      
197000  0.11104    0.02067    0.03891    0.00040      0.05106      0.00000      0.00046      0.03423      0.00000      
197100  0.11114    0.02068    0.03891    0.00049      0.05106      0.00000      0.00047      0.03420      0.00000      
197200  0.11327    0.02069    0.03891    0.00042      0.05325      0.00000      0.00048      0.03419      0.00000      
197300  0.11310    0.02068    0.03891    0.00040      0.05311      0.00000      0.00044      0.03416      0.00000      
197400  0.11318    0.02068    0.03892    0.00049      0.05309      0.00000      0.00043      0.03423      0.00000      
197500  0.11276    0.02066    0.03892    0.00041      0.05277      0.00000      0.00050      0.03419      0.00000      
197600  0.11061    0.02065    0.03891    0.00041      0.05064      0.00000      0.00053      0.03418      0.00000      
197700  0.11169    0.02065    0.03892    0.00038      0.05174      0.00000      0.00054      0.03414      0.00000      
197800  0.11426    0.02068    0.03892    0.00053      0.05412      0.00000      0.00056      0.03415      0.00000      
197900  0.11307    0.02067    0.03892    0.00058      0.05290      0.00000      0.00039      0.03417      0.00000      
198000  0.11408    0.02067    0.03891    0.00040      0.05409      0.00000      0.00042      0.03415      0.00000      
198100  0.11093    0.02068    0.03891    0.00040      0.05094      0.00000      0.00049      0.03412      0.00000      
198200  0.11240    0.02067    0.03891    0.00038      0.05243      0.00000      0.00058      0.03415      0.00000      
198300  0.11009    0.02066    0.03891    0.00035      0.05017      0.00000      0.00057      0.03407      0.00000      
198400  0.11014    0.02067    0.03891    0.00034      0.05022      0.00000      0.00046      0.03410      0.00000      
198500  0.11547    0.02066    0.03891    0.00050      0.05540      0.00000      0.00046      0.03419      0.00000      
198600  0.11091    0.02066    0.03891    0.00050      0.05084      0.00000      0.00047      0.03416      0.00000      
198700  0.11297    0.02066    0.03890    0.00050      0.05292      0.00000      0.00047      0.03413      0.00000      
198800  0.11461    0.02064    0.03890    0.00054      0.05453      0.00000      0.00044      0.03416      0.00000      
198900  0.11037    0.02064    0.03890    0.00051      0.05033      0.00000      0.00069      0.03408      0.00000      
199000  0.11175    0.02064    0.03890    0.00044      0.05176      0.00000      0.00036      0.03411      0.00000      
199100  0.11009    0.02065    0.03890    0.00043      0.05012      0.00000      0.00048      0.03415      0.00000      
199200  0.11080    0.02067    0.03890    0.00045      0.05078      0.00000      0.00049      0.03415      0.00000      
199300  0.11214    0.02067    0.03890    0.00038      0.05219      0.00000      0.00050      0.03422      0.00000      
199400  0.11418    0.02067    0.03890    0.00045      0.05415      0.00000      0.00048      0.03417      0.00000      
199500  0.11216    0.02066    0.03890    0.00054      0.05206      0.00000      0.00043      0.03416      0.00000      
199600  0.11154    0.02068    0.03891    0.00035      0.05160      0.00000      0.00038      0.03413      0.00000      
199700  0.11191    0.02067    0.03890    0.00041      0.05193      0.00000      0.00045      0.03416      0.00000      
199800  0.11065    0.02067    0.03891    0.00034      0.05073      0.00000      0.00050      0.03411      0.00000      
199900  0.11671    0.02067    0.03891    0.00040      0.05673      0.00000      0.00043      0.03415      0.00000      
200000  0.11245    0.02068    0.03892    0.00049      0.05236      0.00000      0.00035      0.03419      0.00000      
200100  0.11340    0.02069    0.03892    0.00050      0.05329      0.00000      0.00039      0.03412      0.00000      
200200  0.11590    0.02070    0.03892    0.00050      0.05579      0.00000      0.00051      0.03413      0.00000      
200300  0.11361    0.02072    0.03891    0.00050      0.05349      0.00000      0.00057      0.03415      0.00000      
200400  0.11231    0.02067    0.03890    0.00048      0.05226      0.00000      0.00037      0.03421      0.00000      
200500  0.11047    0.02068    0.03890    0.00051      0.05037      0.00000      0.00053      0.03415      0.00000      
200600  0.11355    0.02070    0.03890    0.00040      0.05355      0.00000      0.00051      0.03416      0.00000      
200700  0.10932    0.02069    0.03890    0.00049      0.04924      0.00000      0.00048      0.03414      0.00000      
200800  0.11163    0.02070    0.03890    0.00059      0.05144      0.00000      0.00039      0.03412      0.00000      
200900  0.11380    0.02068    0.03890    0.00038      0.05385      0.00000      0.00046      0.03421      0.00000      
201000  0.11251    0.02067    0.03890    0.00048      0.05245      0.00000      0.00051      0.03421      0.00000      
201100  0.10991    0.02070    0.03890    0.00034      0.04996      0.00000      0.00039      0.03422      0.00000      
201200  0.11324    0.02069    0.03891    0.00057      0.05307      0.00000      0.00040      0.03419      0.00000      
201300  0.11320    0.02070    0.03891    0.00035      0.05323      0.00000      0.00054      0.03421      0.00000      
201400  0.11410    0.02071    0.03890    0.00048      0.05401      0.00000      0.00048      0.03419      0.00000      
201500  0.11139    0.02070    0.03891    0.00036      0.05143      0.00000      0.00040      0.03425      0.00000      
201600  0.11120    0.02069    0.03890    0.00040      0.05121      0.00000      0.00058      0.03420      0.00000      
201700  0.11183    0.02068    0.03889    0.00048      0.05179      0.00000      0.00062      0.03422      0.00000      
201800  0.11171    0.02068    0.03888    0.00050      0.05164      0.00000      0.00048      0.03421      0.00000      
201900  0.11215    0.02068    0.03888    0.00047      0.05211      0.00000      0.00041      0.03422      0.00000      
202000  0.11097    0.02068    0.03888    0.00037      0.05104      0.00000      0.00045      0.03430      0.00000      
202100  0.11409    0.02067    0.03889    0.00047      0.05406      0.00000      0.00053      0.03423      0.00000      
202200  0.11382    0.02066    0.03889    0.00053      0.05375      0.00000      0.00050      0.03414      0.00000      
202300  0.10884    0.02066    0.03888    0.00049      0.04881      0.00000      0.00044      0.03418      0.00000      
202400  0.11233    0.02067    0.03889    0.00040      0.05238      0.00000      0.00050      0.03411      0.00000      
202500  0.11094    0.02064    0.03887    0.00054      0.05088      0.00000      0.00048      0.03420      0.00000      
202600  0.11195    0.02065    0.03887    0.00044      0.05199      0.00000      0.00059      0.03408      0.00000      
202700  0.11132    0.02064    0.03888    0.00045      0.05135      0.00000      0.00049      0.03411      0.00000      
202800  0.11108    0.02063    0.03888    0.00055      0.05102      0.00000      0.00059      0.03412      0.00000      
202900  0.11138    0.02063    0.03887    0.00043      0.05145      0.00000      0.00060      0.03414      0.00000      
203000  0.11334    0.02064    0.03887    0.00044      0.05338      0.00000      0.00050      0.03416      0.00000      
203100  0.11530    0.02062    0.03886    0.00043      0.05538      0.00000      0.00047      0.03415      0.00000      
203200  0.10998    0.02063    0.03887    0.00038      0.05010      0.00000      0.00038      0.03415      0.00000      
203300  0.11621    0.02065    0.03887    0.00049      0.05620      0.00000      0.00052      0.03420      0.00000      
203400  0.11203    0.02065    0.03887    0.00039      0.05213      0.00000      0.00047      0.03420      0.00000      
203500  0.11074    0.02065    0.03887    0.00047      0.05074      0.00000      0.00045      0.03422      0.00000      
203600  0.11019    0.02065    0.03887    0.00040      0.05027      0.00000      0.00034      0.03415      0.00000      
203700  0.11160    0.02064    0.03886    0.00042      0.05168      0.00000      0.00043      0.03412      0.00000      
203800  0.11002    0.02064    0.03886    0.00047      0.05005      0.00000      0.00047      0.03419      0.00000      
203900  0.11150    0.02064    0.03885    0.00041      0.05160      0.00000      0.00050      0.03417      0.00000      
204000  0.10985    0.02063    0.03885    0.00044      0.04993      0.00000      0.00056      0.03421      0.00000      
204100  0.11196    0.02063    0.03884    0.00060      0.05189      0.00000      0.00038      0.03420      0.00000      
204200  0.11153    0.02061    0.03885    0.00049      0.05158      0.00000      0.00044      0.03414      0.00000      
204300  0.11611    0.02060    0.03885    0.00049      0.05617      0.00000      0.00046      0.03422      0.00000      
204400  0.13248    0.02061    0.03885    0.00040      0.07262      0.00000      0.00040      0.03422      0.00000      
204500  0.11158    0.02060    0.03885    0.00040      0.05173      0.00000      0.00038      0.03424      0.00000      
204600  0.11090    0.02060    0.03885    0.00045      0.05101      0.00000      0.00043      0.03423      0.00000      
204700  0.11187    0.02061    0.03885    0.00049      0.05192      0.00000      0.00049      0.03421      0.00000      
204800  0.11083    0.02061    0.03885    0.00054      0.05083      0.00000      0.00053      0.03416      0.00000      
204900  0.11371    0.02062    0.03885    0.00038      0.05386      0.00000      0.00060      0.03418      0.00000      
205000  0.11622    0.02063    0.03885    0.00040      0.05634      0.00000      0.00037      0.03408      0.00000      
205100  0.11037    0.02063    0.03885    0.00051      0.05037      0.00000      0.00058      0.03418      0.00000      
205200  0.11289    0.02061    0.03885    0.00033      0.05310      0.00000      0.00050      0.03413      0.00000      
205300  0.10843    0.02060    0.03885    0.00043      0.04856      0.00000      0.00049      0.03414      0.00000      
205400  0.11032    0.02060    0.03885    0.00039      0.05047      0.00000      0.00050      0.03413      0.00000      
205500  0.11369    0.02061    0.03885    0.00040      0.05382      0.00000      0.00056      0.03419      0.00000      
205600  0.11320    0.02059    0.03886    0.00034      0.05341      0.00000      0.00058      0.03427      0.00000      
205700  0.11317    0.02059    0.03884    0.00043      0.05330      0.00000      0.00040      0.03418      0.00000      
205800  0.11202    0.02060    0.03884    0.00042      0.05216      0.00000      0.00048      0.03415      0.00000      
205900  0.11077    0.02058    0.03883    0.00039      0.05097      0.00000      0.00047      0.03412      0.00000      
206000  0.11184    0.02062    0.03883    0.00033      0.05206      0.00000      0.00040      0.03415      0.00000      
206100  0.11195    0.02064    0.03885    0.00036      0.05211      0.00000      0.00042      0.03419      0.00000      
206200  0.11246    0.02062    0.03884    0.00040      0.05260      0.00000      0.00045      0.03417      0.00000      
206300  0.11041    0.02061    0.03884    0.00048      0.05048      0.00000      0.00041      0.03422      0.00000      
206400  0.11161    0.02063    0.03884    0.00052      0.05162      0.00000      0.00044      0.03415      0.00000      
206500  0.11274    0.02062    0.03884    0.00060      0.05268      0.00000      0.00043      0.03418      0.00000      
206600  0.11088    0.02062    0.03884    0.00037      0.05105      0.00000      0.00048      0.03418      0.00000      
206700  0.11809    0.02065    0.03885    0.00058      0.05800      0.00000      0.00051      0.03419      0.00000      
206800  0.11142    0.02065    0.03884    0.00046      0.05146      0.00000      0.00043      0.03418      0.00000      
206900  0.11149    0.02067    0.03884    0.00046      0.05151      0.00000      0.00044      0.03420      0.00000      
207000  0.11430    0.02066    0.03884    0.00051      0.05429      0.00000      0.00047      0.03412      0.00000      
207100  0.11502    0.02066    0.03884    0.00057      0.05494      0.00000      0.00052      0.03410      0.00000      
207200  0.11715    0.02064    0.03883    0.00058      0.05710      0.00000      0.00054      0.03412      0.00000      
207300  0.11093    0.02062    0.03884    0.00043      0.05105      0.00000      0.00050      0.03411      0.00000      
207400  0.11093    0.02066    0.03885    0.00044      0.05099      0.00000      0.00044      0.03412      0.00000      
207500  0.11296    0.02066    0.03884    0.00038      0.05308      0.00000      0.00047      0.03408      0.00000      
207600  0.11285    0.02065    0.03883    0.00038      0.05299      0.00000      0.00047      0.03412      0.00000      
207700  0.11290    0.02066    0.03884    0.00044      0.05296      0.00000      0.00046      0.03412      0.00000      
207800  0.11255    0.02064    0.03884    0.00041      0.05266      0.00000      0.00048      0.03415      0.00000      
207900  0.11031    0.02065    0.03884    0.00039      0.05043      0.00000      0.00052      0.03409      0.00000      
208000  0.11155    0.02065    0.03884    0.00038      0.05168      0.00000      0.00052      0.03414      0.00000      
208100  0.11406    0.02064    0.03884    0.00054      0.05404      0.00000      0.00053      0.03408      0.00000      
208200  0.11269    0.02062    0.03883    0.00052      0.05273      0.00000      0.00039      0.03411      0.00000      
208300  0.11380    0.02062    0.03883    0.00041      0.05394      0.00000      0.00045      0.03413      0.00000      
208400  0.11071    0.02062    0.03883    0.00037      0.05090      0.00000      0.00050      0.03411      0.00000      
208500  0.11224    0.02062    0.03883    0.00038      0.05241      0.00000      0.00062      0.03418      0.00000      
208600  0.10991    0.02062    0.03883    0.00037      0.05009      0.00000      0.00056      0.03408      0.00000      
208700  0.11006    0.02064    0.03883    0.00033      0.05026      0.00000      0.00046      0.03411      0.00000      
208800  0.11527    0.02064    0.03882    0.00048      0.05533      0.00000      0.00044      0.03408      0.00000      
208900  0.11076    0.02063    0.03882    0.00048      0.05083      0.00000      0.00048      0.03421      0.00000      
209000  0.11288    0.02061    0.03881    0.00053      0.05293      0.00000      0.00047      0.03411      0.00000      
209100  0.11439    0.02060    0.03882    0.00053      0.05444      0.00000      0.00044      0.03416      0.00000      
209200  0.11027    0.02062    0.03881    0.00047      0.05037      0.00000      0.00060      0.03412      0.00000      
209300  0.11163    0.02060    0.03881    0.00045      0.05177      0.00000      0.00037      0.03410      0.00000      
209400  0.10980    0.02062    0.03881    0.00041      0.04996      0.00000      0.00046      0.03407      0.00000      
209500  0.11038    0.02062    0.03881    0.00042      0.05054      0.00000      0.00054      0.03417      0.00000      
209600  0.11183    0.02060    0.03881    0.00034      0.05208      0.00000      0.00050      0.03413      0.00000      
209700  0.11404    0.02061    0.03881    0.00049      0.05413      0.00000      0.00045      0.03419      0.00000      
209800  0.11183    0.02058    0.03880    0.00056      0.05189      0.00000      0.00046      0.03416      0.00000      
209900  0.11136    0.02059    0.03880    0.00037      0.05159      0.00000      0.00040      0.03415      0.00000      
210000  0.11159    0.02060    0.03879    0.00040      0.05180      0.00000      0.00058      0.03412      0.00000      
210100  0.11048    0.02062    0.03880    0.00037      0.05069      0.00000      0.00051      0.03405      0.00000      
210200  0.11641    0.02062    0.03880    0.00041      0.05657      0.00000      0.00048      0.03407      0.00000      
210300  0.11192    0.02061    0.03880    0.00049      0.05202      0.00000      0.00033      0.03416      0.00000      
210400  0.11337    0.02061    0.03880    0.00045      0.05351      0.00000      0.00043      0.03412      0.00000      
210500  0.11575    0.02061    0.03880    0.00052      0.05583      0.00000      0.00044      0.03409      0.00000      
210600  0.11343    0.02060    0.03880    0.00051      0.05352      0.00000      0.00049      0.03409      0.00000      
210700  0.11201    0.02060    0.03880    0.00050      0.05212      0.00000      0.00049      0.03413      0.00000      
210800  0.11003    0.02059    0.03879    0.00048      0.05017      0.00000      0.00047      0.03409      0.00000      
210900  0.11325    0.02059    0.03879    0.00044      0.05342      0.00000      0.00046      0.03406      0.00000      
211000  0.10904    0.02059    0.03879    0.00053      0.04914      0.00000      0.00046      0.03409      0.00000      
211100  0.11122    0.02058    0.03879    0.00055      0.05131      0.00000      0.00042      0.03414      0.00000      
211200  0.11342    0.02058    0.03878    0.00036      0.05370      0.00000      0.00054      0.03406      0.00000      
211300  0.11219    0.02060    0.03879    0.00047      0.05233      0.00000      0.00046      0.03410      0.00000      
211400  0.10963    0.02059    0.03879    0.00034      0.04991      0.00000      0.00040      0.03408      0.00000      
211500  0.11295    0.02060    0.03880    0.00054      0.05302      0.00000      0.00039      0.03405      0.00000      
211600  0.11292    0.02061    0.03880    0.00035      0.05316      0.00000      0.00044      0.03407      0.00000      
211700  0.11375    0.02059    0.03879    0.00049      0.05388      0.00000      0.00052      0.03406      0.00000      
211800  0.11113    0.02062    0.03880    0.00037      0.05134      0.00000      0.00040      0.03403      0.00000      
211900  0.11075    0.02061    0.03880    0.00040      0.05094      0.00000      0.00059      0.03402      0.00000      
212000  0.11152    0.02060    0.03879    0.00052      0.05161      0.00000      0.00060      0.03404      0.00000      
212100  0.11141    0.02059    0.03880    0.00049      0.05152      0.00000      0.00053      0.03411      0.00000      
212200  0.11187    0.02061    0.03880    0.00045      0.05201      0.00000      0.00042      0.03414      0.00000      
212300  0.11066    0.02062    0.03880    0.00037      0.05088      0.00000      0.00043      0.03411      0.00000      
212400  0.11419    0.02061    0.03879    0.00047      0.05431      0.00000      0.00055      0.03402      0.00000      
212500  0.11363    0.02062    0.03879    0.00052      0.05369      0.00000      0.00054      0.03406      0.00000      
212600  0.10863    0.02063    0.03879    0.00050      0.04872      0.00000      0.00043      0.03414      0.00000      
212700  0.11198    0.02061    0.03879    0.00038      0.05220      0.00000      0.00046      0.03408      0.00000      
212800  0.11073    0.02061    0.03878    0.00052      0.05082      0.00000      0.00043      0.03405      0.00000      
212900  0.11152    0.02061    0.03878    0.00041      0.05171      0.00000      0.00061      0.03407      0.00000      
213000  0.11101    0.02064    0.03879    0.00041      0.05117      0.00000      0.00040      0.03406      0.00000      
213100  0.11095    0.02065    0.03880    0.00052      0.05099      0.00000      0.00047      0.03404      0.00000      
213200  0.11131    0.02065    0.03880    0.00047      0.05138      0.00000      0.00054      0.03412      0.00000      
213300  0.11317    0.02066    0.03880    0.00045      0.05326      0.00000      0.00049      0.03405      0.00000      
213400  0.11491    0.02064    0.03879    0.00037      0.05511      0.00000      0.00053      0.03406      0.00000      
213500  0.10989    0.02064    0.03879    0.00043      0.05004      0.00000      0.00045      0.03397      0.00000      
213600  0.11603    0.02064    0.03879    0.00045      0.05615      0.00000      0.00058      0.03398      0.00000      
213700  0.11197    0.02062    0.03880    0.00037      0.05218      0.00000      0.00042      0.03404      0.00000      
213800  0.11049    0.02063    0.03879    0.00047      0.05059      0.00000      0.00050      0.03398      0.00000      
213900  0.10994    0.02062    0.03879    0.00040      0.05014      0.00000      0.00033      0.03399      0.00000      
214000  0.11143    0.02063    0.03878    0.00044      0.05158      0.00000      0.00045      0.03401      0.00000      
214100  0.10974    0.02061    0.03878    0.00046      0.04989      0.00000      0.00044      0.03404      0.00000      
214200  0.11129    0.02060    0.03877    0.00041      0.05150      0.00000      0.00050      0.03404      0.00000      
214300  0.10961    0.02061    0.03878    0.00043      0.04979      0.00000      0.00049      0.03404      0.00000      
214400  0.11169    0.02062    0.03878    0.00054      0.05175      0.00000      0.00040      0.03400      0.00000      
214500  0.11122    0.02063    0.03879    0.00045      0.05136      0.00000      0.00044      0.03399      0.00000      
214600  0.11593    0.02062    0.03878    0.00048      0.05604      0.00000      0.00046      0.03403      0.00000      
214700  0.13101    0.02060    0.03878    0.00047      0.07115      0.00000      0.00041      0.03410      0.00000      
214800  0.11134    0.02060    0.03878    0.00038      0.05157      0.00000      0.00040      0.03406      0.00000      
214900  0.11075    0.02060    0.03878    0.00044      0.05094      0.00000      0.00043      0.03403      0.00000      
215000  0.11170    0.02059    0.03877    0.00051      0.05182      0.00000      0.00047      0.03402      0.00000      
215100  0.11046    0.02059    0.03877    0.00053      0.05056      0.00000      0.00049      0.03410      0.00000      
215200  0.11355    0.02060    0.03877    0.00039      0.05379      0.00000      0.00053      0.03402      0.00000      
215300  0.11572    0.02060    0.03878    0.00039      0.05595      0.00000      0.00033      0.03403      0.00000      
215400  0.11001    0.02059    0.03877    0.00051      0.05014      0.00000      0.00058      0.03401      0.00000      
215500  0.11269    0.02060    0.03877    0.00034      0.05298      0.00000      0.00048      0.03401      0.00000      
215600  0.10813    0.02060    0.03877    0.00044      0.04831      0.00000      0.00045      0.03402      0.00000      
215700  0.11008    0.02060    0.03878    0.00040      0.05030      0.00000      0.00050      0.03406      0.00000      
215800  0.11340    0.02059    0.03877    0.00044      0.05360      0.00000      0.00050      0.03410      0.00000      
215900  0.11284    0.02058    0.03877    0.00033      0.05316      0.00000      0.00053      0.03405      0.00000      
216000  0.11304    0.02058    0.03876    0.00047      0.05323      0.00000      0.00042      0.03403      0.00000      
216100  0.11183    0.02059    0.03877    0.00045      0.05203      0.00000      0.00045      0.03403      0.00000      
216200  0.11060    0.02055    0.03876    0.00040      0.05088      0.00000      0.00060      0.03405      0.00000      
216300  0.11151    0.02053    0.03875    0.00033      0.05189      0.00000      0.00043      0.03412      0.00000      
216400  0.11159    0.02054    0.03875    0.00036      0.05193      0.00000      0.00038      0.03414      0.00000      
216500  0.11225    0.02055    0.03876    0.00043      0.05252      0.00000      0.00046      0.03411      0.00000      
216600  0.11018    0.02056    0.03876    0.00044      0.05043      0.00000      0.00040      0.03419      0.00000      
216700  0.11144    0.02057    0.03876    0.00052      0.05158      0.00000      0.00039      0.03418      0.00000      
216800  0.11247    0.02059    0.03876    0.00062      0.05250      0.00000      0.00045      0.03416      0.00000      
216900  0.11053    0.02059    0.03876    0.00037      0.05082      0.00000      0.00051      0.03411      0.00000      
217000  0.11813    0.02060    0.03876    0.00043      0.05833      0.00000      0.00046      0.03413      0.00000      
217100  0.11127    0.02063    0.03877    0.00049      0.05138      0.00000      0.00046      0.03415      0.00000      
217200  0.11136    0.02062    0.03877    0.00045      0.05152      0.00000      0.00042      0.03416      0.00000      
217300  0.11411    0.02060    0.03877    0.00054      0.05421      0.00000      0.00049      0.03410      0.00000      
217400  0.11480    0.02061    0.03876    0.00061      0.05481      0.00000      0.00055      0.03411      0.00000      
217500  0.11693    0.02061    0.03876    0.00060      0.05696      0.00000      0.00048      0.03413      0.00000      
217600  0.11058    0.02061    0.03877    0.00043      0.05077      0.00000      0.00049      0.03413      0.00000      
217700  0.11068    0.02060    0.03876    0.00049      0.05084      0.00000      0.00044      0.03410      0.00000      
217800  0.11279    0.02059    0.03876    0.00035      0.05308      0.00000      0.00045      0.03414      0.00000      
217900  0.11265    0.02057    0.03876    0.00039      0.05293      0.00000      0.00043      0.03410      0.00000      
218000  0.11261    0.02058    0.03876    0.00047      0.05280      0.00000      0.00042      0.03416      0.00000      
218100  0.11230    0.02058    0.03877    0.00042      0.05253      0.00000      0.00049      0.03407      0.00000      
218200  0.11010    0.02057    0.03876    0.00039      0.05037      0.00000      0.00057      0.03408      0.00000      
218300  0.11135    0.02057    0.03876    0.00036      0.05166      0.00000      0.00060      0.03412      0.00000      
218400  0.11380    0.02058    0.03876    0.00059      0.05387      0.00000      0.00057      0.03409      0.00000      
218500  0.11254    0.02059    0.03877    0.00053      0.05266      0.00000      0.00038      0.03409      0.00000      
218600  0.11353    0.02059    0.03877    0.00041      0.05375      0.00000      0.00037      0.03410      0.00000      
218700  0.11058    0.02058    0.03877    0.00039      0.05085      0.00000      0.00052      0.03415      0.00000      
218800  0.11192    0.02058    0.03877    0.00037      0.05221      0.00000      0.00064      0.03403      0.00000      
218900  0.10959    0.02059    0.03877    0.00033      0.04990      0.00000      0.00057      0.03411      0.00000      
219000  0.10997    0.02058    0.03877    0.00032      0.05029      0.00000      0.00044      0.03406      0.00000      
219100  0.11490    0.02059    0.03877    0.00056      0.05498      0.00000      0.00049      0.03409      0.00000      
219200  0.11061    0.02059    0.03877    0.00051      0.05073      0.00000      0.00049      0.03407      0.00000      
219300  0.11257    0.02059    0.03876    0.00049      0.05272      0.00000      0.00048      0.03416      0.00000      
219400  0.11426    0.02059    0.03876    0.00053      0.05437      0.00000      0.00044      0.03408      0.00000      
219500  0.11017    0.02059    0.03877    0.00051      0.05030      0.00000      0.00070      0.03403      0.00000      
219600  0.11151    0.02060    0.03877    0.00043      0.05171      0.00000      0.00042      0.03401      0.00000      
219700  0.10959    0.02059    0.03877    0.00043      0.04980      0.00000      0.00050      0.03400      0.00000      
219800  0.11028    0.02057    0.03876    0.00041      0.05054      0.00000      0.00055      0.03400      0.00000      
219900  0.11164    0.02058    0.03877    0.00038      0.05190      0.00000      0.00055      0.03402      0.00000      
220000  0.11379    0.02060    0.03877    0.00046      0.05397      0.00000      0.00051      0.03401      0.00000      
220100  0.11167    0.02059    0.03876    0.00057      0.05176      0.00000      0.00048      0.03402      0.00000      
220200  0.11118    0.02057    0.03876    0.00040      0.05146      0.00000      0.00039      0.03404      0.00000      
220300  0.11143    0.02057    0.03875    0.00040      0.05171      0.00000      0.00053      0.03405      0.00000      
220400  0.11033    0.02059    0.03876    0.00041      0.05057      0.00000      0.00047      0.03407      0.00000      
220500  0.11598    0.02058    0.03876    0.00037      0.05627      0.00000      0.00044      0.03407      0.00000      
220600  0.11194    0.02060    0.03877    0.00053      0.05205      0.00000      0.00041      0.03404      0.00000      
220700  0.11291    0.02058    0.03876    0.00042      0.05314      0.00000      0.00041      0.03404      0.00000      
220800  0.11520    0.02057    0.03876    0.00051      0.05536      0.00000      0.00050      0.03407      0.00000      
220900  0.11350    0.02058    0.03876    0.00050      0.05367      0.00000      0.00059      0.03409      0.00000      
221000  0.11179    0.02058    0.03876    0.00048      0.05197      0.00000      0.00043      0.03405      0.00000      
221100  0.10998    0.02058    0.03876    0.00051      0.05012      0.00000      0.00049      0.03405      0.00000      
221200  0.11288    0.02057    0.03876    0.00039      0.05317      0.00000      0.00059      0.03405      0.00000      
221300  0.10890    0.02058    0.03875    0.00050      0.04906      0.00000      0.00046      0.03407      0.00000      
221400  0.11111    0.02058    0.03876    0.00059      0.05119      0.00000      0.00046      0.03408      0.00000      
221500  0.11313    0.02057    0.03875    0.00040      0.05341      0.00000      0.00050      0.03406      0.00000      
221600  0.11190    0.02058    0.03875    0.00048      0.05209      0.00000      0.00051      0.03404      0.00000      
221700  0.10949    0.02057    0.03875    0.00036      0.04982      0.00000      0.00040      0.03402      0.00000      
221800  0.11284    0.02058    0.03875    0.00053      0.05298      0.00000      0.00041      0.03400      0.00000      
221900  0.11275    0.02059    0.03874    0.00035      0.05307      0.00000      0.00047      0.03398      0.00000      
222000  0.11343    0.02057    0.03874    0.00046      0.05366      0.00000      0.00048      0.03402      0.00000      
222100  0.11083    0.02056    0.03874    0.00039      0.05114      0.00000      0.00041      0.03400      0.00000      
222200  0.11059    0.02055    0.03874    0.00040      0.05091      0.00000      0.00060      0.03399      0.00000      
222300  0.11128    0.02055    0.03873    0.00050      0.05150      0.00000      0.00060      0.03398      0.00000      
222400  0.11121    0.02053    0.03874    0.00050      0.05144      0.00000      0.00062      0.03408      0.00000      
222500  0.11172    0.02055    0.03874    0.00048      0.05195      0.00000      0.00045      0.03400      0.00000      
222600  0.11050    0.02053    0.03874    0.00037      0.05086      0.00000      0.00045      0.03401      0.00000      
222700  0.11373    0.02053    0.03874    0.00049      0.05397      0.00000      0.00062      0.03402      0.00000      
222800  0.11333    0.02053    0.03873    0.00051      0.05355      0.00000      0.00053      0.03403      0.00000      
222900  0.10857    0.02052    0.03873    0.00052      0.04880      0.00000      0.00046      0.03400      0.00000      
223000  0.11161    0.02052    0.03873    0.00039      0.05197      0.00000      0.00042      0.03402      0.00000      
223100  0.11053    0.02050    0.03873    0.00052      0.05077      0.00000      0.00048      0.03398      0.00000      
223200  0.11119    0.02050    0.03873    0.00042      0.05155      0.00000      0.00055      0.03403      0.00000      
223300  0.11080    0.02052    0.03873    0.00043      0.05112      0.00000      0.00047      0.03403      0.00000      
223400  0.11057    0.02049    0.03873    0.00050      0.05085      0.00000      0.00051      0.03396      0.00000      
223500  0.11087    0.02049    0.03872    0.00045      0.05120      0.00000      0.00053      0.03401      0.00000      
223600  0.11286    0.02048    0.03873    0.00046      0.05319      0.00000      0.00043      0.03397      0.00000      
223700  0.11467    0.02050    0.03872    0.00040      0.05505      0.00000      0.00048      0.03397      0.00000      
223800  0.10952    0.02048    0.03872    0.00038      0.04994      0.00000      0.00040      0.03400      0.00000      
223900  0.11551    0.02047    0.03873    0.00045      0.05586      0.00000      0.00060      0.03407      0.00000      
224000  0.11154    0.02048    0.03873    0.00042      0.05191      0.00000      0.00043      0.03403      0.00000      
224100  0.11036    0.02047    0.03873    0.00050      0.05066      0.00000      0.00041      0.03406      0.00000      
224200  0.10989    0.02048    0.03873    0.00041      0.05026      0.00000      0.00032      0.03396      0.00000      
224300  0.11109    0.02048    0.03872    0.00046      0.05143      0.00000      0.00045      0.03398      0.00000      
224400  0.10941    0.02046    0.03872    0.00047      0.04976      0.00000      0.00044      0.03398      0.00000      
224500  0.11088    0.02047    0.03872    0.00041      0.05129      0.00000      0.00055      0.03406      0.00000      
224600  0.10925    0.02046    0.03871    0.00040      0.04969      0.00000      0.00051      0.03398      0.00000      
224700  0.11152    0.02047    0.03871    0.00056      0.05177      0.00000      0.00045      0.03401      0.00000      
224800  0.11101    0.02048    0.03872    0.00047      0.05134      0.00000      0.00051      0.03403      0.00000      
224900  0.11563    0.02047    0.03872    0.00047      0.05597      0.00000      0.00050      0.03399      0.00000      
225000  0.13239    0.02048    0.03872    0.00043      0.07276      0.00000      0.00044      0.03401      0.00000      
225100  0.11107    0.02048    0.03872    0.00038      0.05149      0.00000      0.00038      0.03399      0.00000      
225200  0.11045    0.02049    0.03872    0.00046      0.05078      0.00000      0.00045      0.03396      0.00000      
225300  0.11148    0.02050    0.03873    0.00053      0.05172      0.00000      0.00045      0.03401      0.00000      
225400  0.11026    0.02049    0.03873    0.00049      0.05055      0.00000      0.00050      0.03398      0.00000      
225500  0.11321    0.02049    0.03873    0.00038      0.05361      0.00000      0.00060      0.03398      0.00000      
225600  0.11522    0.02049    0.03873    0.00046      0.05554      0.00000      0.00039      0.03405      0.00000      
225700  0.10982    0.02048    0.03872    0.00053      0.05008      0.00000      0.00056      0.03399      0.00000      
225800  0.11238    0.02050    0.03872    0.00034      0.05283      0.00000      0.00048      0.03397      0.00000      
225900  0.10779    0.02050    0.03872    0.00041      0.04817      0.00000      0.00049      0.03399      0.00000      
226000  0.10977    0.02048    0.03872    0.00039      0.05018      0.00000      0.00049      0.03400      0.00000      
226100  0.11319    0.02048    0.03872    0.00040      0.05360      0.00000      0.00050      0.03405      0.00000      
226200  0.11256    0.02048    0.03872    0.00032      0.05304      0.00000      0.00056      0.03399      0.00000      
226300  0.11290    0.02047    0.03871    0.00044      0.05328      0.00000      0.00043      0.03398      0.00000      
226400  0.11160    0.02047    0.03872    0.00041      0.05201      0.00000      0.00045      0.03397      0.00000      
226500  0.11040    0.02047    0.03871    0.00040      0.05083      0.00000      0.00051      0.03401      0.00000      
226600  0.11141    0.02050    0.03872    0.00030      0.05190      0.00000      0.00048      0.03397      0.00000      
226700  0.11142    0.02049    0.03873    0.00039      0.05182      0.00000      0.00049      0.03396      0.00000      
226800  0.11209    0.02050    0.03872    0.00044      0.05244      0.00000      0.00043      0.03402      0.00000      
226900  0.10999    0.02051    0.03872    0.00046      0.05031      0.00000      0.00043      0.03405      0.00000      
227000  0.11134    0.02053    0.03873    0.00048      0.05160      0.00000      0.00040      0.03407      0.00000      
227100  0.11259    0.02051    0.03872    0.00056      0.05280      0.00000      0.00040      0.03403      0.00000      
227200  0.11035    0.02050    0.03872    0.00034      0.05080      0.00000      0.00051      0.03403      0.00000      
227300  0.11744    0.02052    0.03873    0.00043      0.05777      0.00000      0.00038      0.03405      0.00000      
227400  0.11097    0.02051    0.03872    0.00047      0.05126      0.00000      0.00046      0.03393      0.00000      
227500  0.11119    0.02051    0.03872    0.00043      0.05153      0.00000      0.00044      0.03394      0.00000      
227600  0.11374    0.02050    0.03871    0.00054      0.05399      0.00000      0.00044      0.03391      0.00000      
227700  0.11445    0.02050    0.03871    0.00060      0.05465      0.00000      0.00048      0.03396      0.00000      
227800  0.11670    0.02051    0.03871    0.00058      0.05691      0.00000      0.00053      0.03395      0.00000      
227900  0.11033    0.02051    0.03871    0.00043      0.05068      0.00000      0.00051      0.03399      0.00000      
228000  0.11046    0.02050    0.03872    0.00045      0.05080      0.00000      0.00048      0.03399      0.00000      
228100  0.11243    0.02049    0.03871    0.00036      0.05287      0.00000      0.00048      0.03396      0.00000      
228200  0.11232    0.02048    0.03871    0.00038      0.05275      0.00000      0.00045      0.03394      0.00000      
228300  0.11268    0.02048    0.03871    0.00050      0.05299      0.00000      0.00048      0.03394      0.00000      
228400  0.11205    0.02051    0.03871    0.00040      0.05243      0.00000      0.00054      0.03393      0.00000      
228500  0.10984    0.02052    0.03870    0.00040      0.05022      0.00000      0.00056      0.03401      0.00000      
228600  0.11105    0.02052    0.03871    0.00037      0.05146      0.00000      0.00055      0.03398      0.00000      
228700  0.11371    0.02051    0.03870    0.00052      0.05398      0.00000      0.00057      0.03397      0.00000      
228800  0.11233    0.02051    0.03870    0.00052      0.05259      0.00000      0.00040      0.03400      0.00000      
228900  0.11347    0.02051    0.03871    0.00039      0.05385      0.00000      0.00044      0.03399      0.00000      
229000  0.11038    0.02052    0.03871    0.00037      0.05078      0.00000      0.00053      0.03401      0.00000      
229100  0.11184    0.02050    0.03871    0.00041      0.05222      0.00000      0.00066      0.03400      0.00000      
229200  0.10941    0.02049    0.03871    0.00034      0.04987      0.00000      0.00056      0.03398      0.00000      
229300  0.10976    0.02050    0.03871    0.00030      0.05025      0.00000      0.00045      0.03403      0.00000      
229400  0.11468    0.02049    0.03870    0.00051      0.05498      0.00000      0.00048      0.03399      0.00000      
229500  0.11044    0.02047    0.03870    0.00046      0.05081      0.00000      0.00050      0.03401      0.00000      
229600  0.11236    0.02047    0.03870    0.00049      0.05271      0.00000      0.00055      0.03399      0.00000      
229700  0.11401    0.02047    0.03870    0.00053      0.05431      0.00000      0.00043      0.03386      0.00000      
229800  0.10995    0.02045    0.03869    0.00052      0.05029      0.00000      0.00068      0.03398      0.00000      
229900  0.11134    0.02046    0.03870    0.00047      0.05172      0.00000      0.00039      0.03396      0.00000      
230000  0.10941    0.02048    0.03869    0.00042      0.04983      0.00000      0.00043      0.03400      0.00000      
230100  0.11001    0.02049    0.03869    0.00041      0.05041      0.00000      0.00050      0.03399      0.00000      
230200  0.11138    0.02050    0.03871    0.00035      0.05182      0.00000      0.00051      0.03396      0.00000      
230300  0.11356    0.02052    0.03871    0.00049      0.05385      0.00000      0.00041      0.03394      0.00000      
230400  0.11140    0.02050    0.03869    0.00055      0.05165      0.00000      0.00041      0.03394      0.00000      
230500  0.11083    0.02050    0.03870    0.00039      0.05123      0.00000      0.00042      0.03400      0.00000      
230600  0.11120    0.02048    0.03869    0.00044      0.05159      0.00000      0.00053      0.03396      0.00000      
230700  0.10996    0.02049    0.03870    0.00036      0.05042      0.00000      0.00050      0.03391      0.00000      
230800  0.11571    0.02048    0.03870    0.00039      0.05615      0.00000      0.00045      0.03401      0.00000      
230900  0.11179    0.02049    0.03870    0.00050      0.05210      0.00000      0.00038      0.03390      0.00000      
231000  0.11260    0.02048    0.03870    0.00045      0.05296      0.00000      0.00047      0.03388      0.00000      
231100  0.11476    0.02052    0.03871    0.00053      0.05501      0.00000      0.00047      0.03387      0.00000      
231200  0.11303    0.02050    0.03870    0.00050      0.05333      0.00000      0.00053      0.03395      0.00000      
231300  0.11144    0.02048    0.03870    0.00046      0.05180      0.00000      0.00040      0.03395      0.00000      
231400  0.10973    0.02048    0.03870    0.00049      0.05006      0.00000      0.00049      0.03393      0.00000      
231500  0.11278    0.02048    0.03871    0.00036      0.05323      0.00000      0.00053      0.03395      0.00000      
231600  0.10859    0.02048    0.03870    0.00052      0.04890      0.00000      0.00049      0.03394      0.00000      
231700  0.11080    0.02048    0.03870    0.00056      0.05107      0.00000      0.00044      0.03391      0.00000      
231800  0.11288    0.02049    0.03870    0.00037      0.05333      0.00000      0.00056      0.03393      0.00000      
231900  0.11166    0.02046    0.03870    0.00049      0.05201      0.00000      0.00049      0.03397      0.00000      
232000  0.10925    0.02045    0.03869    0.00036      0.04973      0.00000      0.00040      0.03391      0.00000      
232100  0.11252    0.02045    0.03870    0.00052      0.05286      0.00000      0.00042      0.03394      0.00000      
232200  0.11246    0.02044    0.03869    0.00035      0.05297      0.00000      0.00048      0.03398      0.00000      
232300  0.11321    0.02046    0.03869    0.00046      0.05360      0.00000      0.00047      0.03397      0.00000      
232400  0.11054    0.02045    0.03869    0.00035      0.05105      0.00000      0.00039      0.03400      0.00000      
232500  0.11032    0.02043    0.03869    0.00039      0.05081      0.00000      0.00055      0.03398      0.00000      
232600  0.11105    0.02044    0.03869    0.00051      0.05142      0.00000      0.00061      0.03386      0.00000      
232700  0.11097    0.02044    0.03868    0.00051      0.05134      0.00000      0.00056      0.03393      0.00000      
232800  0.11146    0.02046    0.03869    0.00049      0.05182      0.00000      0.00045      0.03403      0.00000      
232900  0.11030    0.02047    0.03869    0.00036      0.05079      0.00000      0.00047      0.03410      0.00000      
233000  0.11370    0.02049    0.03869    0.00046      0.05407      0.00000      0.00052      0.03395      0.00000      
233100  0.11307    0.02047    0.03868    0.00051      0.05341      0.00000      0.00054      0.03392      0.00000      
233200  0.10845    0.02046    0.03868    0.00049      0.04882      0.00000      0.00045      0.03400      0.00000      
233300  0.11150    0.02046    0.03869    0.00038      0.05196      0.00000      0.00042      0.03396      0.00000      
233400  0.11032    0.02045    0.03867    0.00051      0.05069      0.00000      0.00043      0.03393      0.00000      
233500  0.11106    0.02045    0.03868    0.00039      0.05154      0.00000      0.00060      0.03392      0.00000      
233600  0.11077    0.02046    0.03868    0.00046      0.05116      0.00000      0.00043      0.03392      0.00000      
233700  0.11055    0.02045    0.03868    0.00056      0.05085      0.00000      0.00060      0.03395      0.00000      
233800  0.11067    0.02045    0.03868    0.00040      0.05115      0.00000      0.00058      0.03390      0.00000      
233900  0.11256    0.02046    0.03868    0.00044      0.05298      0.00000      0.00049      0.03390      0.00000      
234000  0.11454    0.02045    0.03867    0.00040      0.05502      0.00000      0.00051      0.03390      0.00000      
234100  0.10940    0.02043    0.03867    0.00039      0.04991      0.00000      0.00036      0.03397      0.00000      
234200  0.11546    0.02044    0.03867    0.00044      0.05591      0.00000      0.00055      0.03398      0.00000      
234300  0.11137    0.02044    0.03868    0.00036      0.05189      0.00000      0.00041      0.03394      0.00000      
234400  0.11010    0.02045    0.03868    0.00044      0.05053      0.00000      0.00040      0.03390      0.00000      
234500  0.10974    0.02043    0.03867    0.00040      0.05024      0.00000      0.00032      0.03394      0.00000      
234600  0.11090    0.02044    0.03868    0.00046      0.05132      0.00000      0.00048      0.03387      0.00000      
234700  0.10925    0.02043    0.03867    0.00047      0.04968      0.00000      0.00039      0.03390      0.00000      
234800  0.11075    0.02043    0.03867    0.00037      0.05128      0.00000      0.00054      0.03389      0.00000      
234900  0.10917    0.02043    0.03867    0.00043      0.04964      0.00000      0.00049      0.03394      0.00000      
235000  0.11131    0.02041    0.03867    0.00052      0.05171      0.00000      0.00037      0.03399      0.00000      
235100  0.11071    0.02043    0.03867    0.00045      0.05116      0.00000      0.00044      0.03390      0.00000      
235200  0.11542    0.02043    0.03867    0.00049      0.05583      0.00000      0.00044      0.03394      0.00000      
235300  0.13170    0.02046    0.03869    0.00041      0.07214      0.00000      0.00045      0.03395      0.00000      
235400  0.11096    0.02044    0.03868    0.00041      0.05143      0.00000      0.00040      0.03390      0.00000      
235500  0.11033    0.02045    0.03868    0.00045      0.05075      0.00000      0.00046      0.03391      0.00000      
235600  0.11127    0.02046    0.03868    0.00050      0.05163      0.00000      0.00050      0.03395      0.00000      
235700  0.11010    0.02046    0.03868    0.00053      0.05043      0.00000      0.00052      0.03393      0.00000      
235800  0.11317    0.02044    0.03867    0.00036      0.05370      0.00000      0.00058      0.03393      0.00000      
235900  0.11558    0.02044    0.03868    0.00038      0.05608      0.00000      0.00037      0.03393      0.00000      
236000  0.10959    0.02045    0.03867    0.00053      0.04994      0.00000      0.00062      0.03389      0.00000      
236100  0.11226    0.02044    0.03867    0.00033      0.05281      0.00000      0.00045      0.03391      0.00000      
236200  0.10757    0.02044    0.03867    0.00041      0.04804      0.00000      0.00045      0.03393      0.00000      
236300  0.10961    0.02044    0.03867    0.00041      0.05008      0.00000      0.00044      0.03396      0.00000      
236400  0.11290    0.02046    0.03867    0.00038      0.05339      0.00000      0.00052      0.03386      0.00000      
236500  0.11252    0.02046    0.03868    0.00033      0.05306      0.00000      0.00057      0.03387      0.00000      
236600  0.11267    0.02044    0.03867    0.00046      0.05310      0.00000      0.00037      0.03380      0.00000      
236700  0.11145    0.02045    0.03867    0.00044      0.05189      0.00000      0.00050      0.03388      0.00000      
236800  0.11020    0.02043    0.03866    0.00043      0.05068      0.00000      0.00054      0.03378      0.00000      
236900  0.11109    0.02044    0.03866    0.00033      0.05166      0.00000      0.00046      0.03382      0.00000      
237000  0.11124    0.02043    0.03867    0.00032      0.05182      0.00000      0.00038      0.03384      0.00000      
237100  0.11185    0.02044    0.03866    0.00041      0.05234      0.00000      0.00044      0.03382      0.00000      
237200  0.10970    0.02043    0.03866    0.00043      0.05018      0.00000      0.00045      0.03392      0.00000      
237300  0.11099    0.02044    0.03867    0.00052      0.05137      0.00000      0.00041      0.03385      0.00000      
237400  0.11304    0.02044    0.03867    0.00057      0.05335      0.00000      0.00038      0.03390      0.00000      
237500  0.11012    0.02042    0.03866    0.00036      0.05068      0.00000      0.00053      0.03392      0.00000      
237600  0.11816    0.02043    0.03867    0.00041      0.05865      0.00000      0.00039      0.03396      0.00000      
237700  0.11070    0.02043    0.03867    0.00046      0.05115      0.00000      0.00042      0.03386      0.00000      
237800  0.11085    0.02043    0.03866    0.00043      0.05132      0.00000      0.00049      0.03389      0.00000      
237900  0.11353    0.02042    0.03866    0.00055      0.05389      0.00000      0.00047      0.03389      0.00000      
238000  0.11431    0.02043    0.03866    0.00060      0.05462      0.00000      0.00051      0.03386      0.00000      
238100  0.11650    0.02044    0.03866    0.00061      0.05679      0.00000      0.00057      0.03393      0.00000      
238200  0.11009    0.02043    0.03866    0.00041      0.05059      0.00000      0.00053      0.03395      0.00000      
238300  0.11018    0.02041    0.03866    0.00046      0.05064      0.00000      0.00041      0.03388      0.00000      
238400  0.11225    0.02041    0.03866    0.00032      0.05287      0.00000      0.00052      0.03390      0.00000      
238500  0.11214    0.02041    0.03865    0.00039      0.05269      0.00000      0.00047      0.03403      0.00000      
238600  0.11260    0.02042    0.03866    0.00054      0.05297      0.00000      0.00046      0.03391      0.00000      
238700  0.11187    0.02041    0.03865    0.00042      0.05239      0.00000      0.00044      0.03396      0.00000      
238800  0.10974    0.02042    0.03865    0.00042      0.05025      0.00000      0.00055      0.03394      0.00000      
238900  0.11087    0.02041    0.03866    0.00037      0.05143      0.00000      0.00050      0.03399      0.00000      
239000  0.11343    0.02041    0.03865    0.00058      0.05379      0.00000      0.00053      0.03393      0.00000      
239100  0.11199    0.02042    0.03865    0.00054      0.05239      0.00000      0.00038      0.03392      0.00000      
239200  0.11317    0.02042    0.03865    0.00037      0.05374      0.00000      0.00049      0.03395      0.00000      
239300  0.11014    0.02041    0.03864    0.00039      0.05070      0.00000      0.00053      0.03403      0.00000      
239400  0.11153    0.02041    0.03864    0.00038      0.05209      0.00000      0.00056      0.03399      0.00000      
239500  0.10917    0.02040    0.03864    0.00035      0.04978      0.00000      0.00057      0.03394      0.00000      
239600  0.10937    0.02042    0.03864    0.00032      0.04999      0.00000      0.00044      0.03393      0.00000      
239700  0.11447    0.02039    0.03864    0.00053      0.05492      0.00000      0.00046      0.03391      0.00000      
239800  0.11015    0.02039    0.03864    0.00053      0.05058      0.00000      0.00045      0.03392      0.00000      
239900  0.11224    0.02040    0.03864    0.00056      0.05265      0.00000      0.00048      0.03394      0.00000      
240000  0.11377    0.02039    0.03863    0.00054      0.05421      0.00000      0.00043      0.03391      0.00000      
240100  0.10963    0.02039    0.03863    0.00050      0.05011      0.00000      0.00063      0.03389      0.00000      
240200  0.11097    0.02040    0.03863    0.00045      0.05149      0.00000      0.00041      0.03384      0.00000      
240300  0.10901    0.02039    0.03862    0.00039      0.04960      0.00000      0.00047      0.03386      0.00000      
240400  0.10972    0.02038    0.03863    0.00043      0.05028      0.00000      0.00054      0.03387      0.00000      
240500  0.11123    0.02040    0.03863    0.00039      0.05181      0.00000      0.00050      0.03396      0.00000      
240600  0.11342    0.02039    0.03863    0.00046      0.05393      0.00000      0.00046      0.03391      0.00000      
240700  0.11125    0.02041    0.03864    0.00055      0.05165      0.00000      0.00039      0.03396      0.00000      
240800  0.11055    0.02041    0.03864    0.00039      0.05110      0.00000      0.00040      0.03389      0.00000      
240900  0.11094    0.02040    0.03864    0.00040      0.05151      0.00000      0.00050      0.03389      0.00000      
241000  0.10975    0.02041    0.03864    0.00037      0.05033      0.00000      0.00048      0.03390      0.00000      
241100  0.11574    0.02042    0.03864    0.00043      0.05625      0.00000      0.00044      0.03389      0.00000      
241200  0.11149    0.02040    0.03864    0.00052      0.05192      0.00000      0.00037      0.03390      0.00000      
241300  0.11263    0.02040    0.03864    0.00048      0.05311      0.00000      0.00042      0.03389      0.00000      
241400  0.11479    0.02039    0.03863    0.00053      0.05523      0.00000      0.00049      0.03391      0.00000      
241500  0.11297    0.02038    0.03864    0.00047      0.05348      0.00000      0.00057      0.03389      0.00000      
241600  0.11136    0.02039    0.03863    0.00050      0.05183      0.00000      0.00041      0.03391      0.00000      
241700  0.10945    0.02038    0.03863    0.00049      0.04995      0.00000      0.00048      0.03393      0.00000      
241800  0.11253    0.02040    0.03863    0.00038      0.05313      0.00000      0.00055      0.03386      0.00000      
241900  0.10832    0.02040    0.03863    0.00050      0.04878      0.00000      0.00049      0.03389      0.00000      
242000  0.11056    0.02042    0.03863    0.00057      0.05095      0.00000      0.00046      0.03393      0.00000      
242100  0.11272    0.02039    0.03862    0.00039      0.05332      0.00000      0.00057      0.03387      0.00000      
242200  0.11148    0.02039    0.03863    0.00049      0.05197      0.00000      0.00048      0.03386      0.00000      
242300  0.10904    0.02038    0.03862    0.00035      0.04969      0.00000      0.00039      0.03387      0.00000      
242400  0.11237    0.02039    0.03862    0.00052      0.05283      0.00000      0.00038      0.03386      0.00000      
242500  0.11228    0.02037    0.03862    0.00038      0.05291      0.00000      0.00047      0.03383      0.00000      
242600  0.11302    0.02037    0.03862    0.00046      0.05356      0.00000      0.00041      0.03387      0.00000      
242700  0.11029    0.02036    0.03862    0.00037      0.05094      0.00000      0.00039      0.03381      0.00000      
242800  0.10999    0.02037    0.03863    0.00039      0.05060      0.00000      0.00056      0.03386      0.00000      
242900  0.11091    0.02036    0.03863    0.00055      0.05137      0.00000      0.00052      0.03383      0.00000      
243000  0.11073    0.02036    0.03863    0.00053      0.05121      0.00000      0.00054      0.03384      0.00000      
243100  0.11122    0.02036    0.03863    0.00048      0.05175      0.00000      0.00044      0.03380      0.00000      
243200  0.11008    0.02036    0.03863    0.00037      0.05072      0.00000      0.00048      0.03379      0.00000      
243300  0.11360    0.02036    0.03863    0.00047      0.05414      0.00000      0.00059      0.03378      0.00000      
243400  0.11295    0.02037    0.03863    0.00052      0.05343      0.00000      0.00061      0.03386      0.00000      
243500  0.10806    0.02037    0.03862    0.00050      0.04856      0.00000      0.00040      0.03387      0.00000      
243600  0.11127    0.02035    0.03862    0.00039      0.05191      0.00000      0.00045      0.03382      0.00000      
243700  0.11005    0.02035    0.03862    0.00051      0.05057      0.00000      0.00042      0.03389      0.00000      
243800  0.11072    0.02035    0.03861    0.00045      0.05131      0.00000      0.00058      0.03387      0.00000      
243900  0.11038    0.02035    0.03862    0.00040      0.05100      0.00000      0.00039      0.03388      0.00000      
244000  0.11012    0.02036    0.03862    0.00053      0.05061      0.00000      0.00052      0.03389      0.00000      
244100  0.11044    0.02034    0.03861    0.00043      0.05105      0.00000      0.00051      0.03389      0.00000      
244200  0.11230    0.02035    0.03861    0.00045      0.05289      0.00000      0.00051      0.03383      0.00000      
244300  0.11438    0.02036    0.03861    0.00039      0.05502      0.00000      0.00058      0.03385      0.00000      
244400  0.10921    0.02038    0.03862    0.00041      0.04980      0.00000      0.00040      0.03385      0.00000      
244500  0.11535    0.02036    0.03861    0.00046      0.05591      0.00000      0.00056      0.03386      0.00000      
244600  0.11118    0.02035    0.03862    0.00037      0.05184      0.00000      0.00044      0.03382      0.00000      
244700  0.10986    0.02034    0.03860    0.00043      0.05048      0.00000      0.00047      0.03386      0.00000      
244800  0.10952    0.02035    0.03861    0.00042      0.05015      0.00000      0.00035      0.03381      0.00000      
244900  0.11071    0.02035    0.03860    0.00045      0.05130      0.00000      0.00043      0.03380      0.00000      
245000  0.10891    0.02033    0.03860    0.00047      0.04950      0.00000      0.00044      0.03385      0.00000      
245100  0.11043    0.02033    0.03859    0.00038      0.05112      0.00000      0.00053      0.03379      0.00000      
245200  0.10882    0.02033    0.03859    0.00042      0.04947      0.00000      0.00053      0.03384      0.00000      
245300  0.11113    0.02032    0.03859    0.00060      0.05163      0.00000      0.00038      0.03387      0.00000      
245400  0.11052    0.02031    0.03859    0.00047      0.05115      0.00000      0.00045      0.03384      0.00000      
245500  0.11515    0.02033    0.03859    0.00049      0.05574      0.00000      0.00045      0.03388      0.00000      
245600  0.13191    0.02034    0.03859    0.00041      0.07257      0.00000      0.00050      0.03390      0.00000      
245700  0.11073    0.02034    0.03859    0.00041      0.05139      0.00000      0.00043      0.03388      0.00000      
245800  0.11000    0.02032    0.03859    0.00043      0.05066      0.00000      0.00051      0.03389      0.00000      
245900  0.11094    0.02032    0.03859    0.00049      0.05153      0.00000      0.00050      0.03391      0.00000      
246000  0.10980    0.02031    0.03858    0.00051      0.05040      0.00000      0.00049      0.03387      0.00000      
246100  0.11285    0.02031    0.03858    0.00038      0.05357      0.00000      0.00058      0.03385      0.00000      
246200  0.11530    0.02034    0.03859    0.00039      0.05598      0.00000      0.00037      0.03386      0.00000      
246300  0.10936    0.02034    0.03859    0.00052      0.04990      0.00000      0.00058      0.03383      0.00000      
246400  0.11202    0.02034    0.03858    0.00035      0.05275      0.00000      0.00050      0.03389      0.00000      
246500  0.10738    0.02035    0.03859    0.00042      0.04802      0.00000      0.00043      0.03392      0.00000      
246600  0.10943    0.02034    0.03859    0.00039      0.05011      0.00000      0.00046      0.03385      0.00000      
246700  0.11267    0.02033    0.03858    0.00039      0.05336      0.00000      0.00056      0.03388      0.00000      
246800  0.11220    0.02034    0.03859    0.00034      0.05294      0.00000      0.00057      0.03383      0.00000      
246900  0.11228    0.02033    0.03858    0.00043      0.05294      0.00000      0.00036      0.03388      0.00000      
247000  0.11123    0.02033    0.03858    0.00040      0.05193      0.00000      0.00046      0.03384      0.00000      
247100  0.10996    0.02032    0.03857    0.00042      0.05064      0.00000      0.00054      0.03389      0.00000      
247200  0.11067    0.02032    0.03857    0.00028      0.05150      0.00000      0.00050      0.03384      0.00000      
247300  0.11100    0.02034    0.03857    0.00033      0.05176      0.00000      0.00040      0.03382      0.00000      
247400  0.11173    0.02034    0.03858    0.00043      0.05239      0.00000      0.00043      0.03385      0.00000      
247500  0.10956    0.02034    0.03857    0.00045      0.05019      0.00000      0.00042      0.03381      0.00000      
247600  0.11092    0.02035    0.03858    0.00050      0.05150      0.00000      0.00039      0.03387      0.00000      
247700  0.11238    0.02034    0.03858    0.00060      0.05286      0.00000      0.00041      0.03390      0.00000      
247800  0.11010    0.02035    0.03858    0.00037      0.05080      0.00000      0.00051      0.03391      0.00000      
247900  0.11788    0.02034    0.03858    0.00049      0.05846      0.00000      0.00040      0.03402      0.00000      
248000  0.11046    0.02034    0.03858    0.00045      0.05109      0.00000      0.00044      0.03405      0.00000      
248100  0.11057    0.02033    0.03858    0.00043      0.05124      0.00000      0.00043      0.03397      0.00000      
248200  0.11319    0.02033    0.03858    0.00054      0.05374      0.00000      0.00049      0.03390      0.00000      
248300  0.11405    0.02031    0.03857    0.00057      0.05460      0.00000      0.00055      0.03387      0.00000      
248400  0.11619    0.02029    0.03857    0.00059      0.05675      0.00000      0.00055      0.03387      0.00000      
248500  0.10980    0.02030    0.03857    0.00041      0.05052      0.00000      0.00050      0.03386      0.00000      
248600  0.10994    0.02030    0.03857    0.00045      0.05061      0.00000      0.00051      0.03383      0.00000      
248700  0.11191    0.02030    0.03857    0.00036      0.05268      0.00000      0.00045      0.03391      0.00000      
248800  0.11185    0.02030    0.03856    0.00038      0.05261      0.00000      0.00046      0.03391      0.00000      
248900  0.11254    0.02027    0.03857    0.00046      0.05325      0.00000      0.00047      0.03395      0.00000      
249000  0.11144    0.02027    0.03856    0.00039      0.05222      0.00000      0.00052      0.03391      0.00000      
249100  0.10929    0.02027    0.03856    0.00038      0.05007      0.00000      0.00056      0.03389      0.00000      
249200  0.11048    0.02029    0.03856    0.00037      0.05126      0.00000      0.00061      0.03395      0.00000      
249300  0.11309    0.02027    0.03856    0.00052      0.05374      0.00000      0.00056      0.03388      0.00000      
249400  0.11162    0.02028    0.03857    0.00053      0.05225      0.00000      0.00038      0.03391      0.00000      
249500  0.11280    0.02028    0.03856    0.00036      0.05359      0.00000      0.00049      0.03390      0.00000      
249600  0.10984    0.02029    0.03857    0.00036      0.05062      0.00000      0.00050      0.03383      0.00000      
249700  0.11133    0.02030    0.03856    0.00039      0.05208      0.00000      0.00062      0.03386      0.00000      
249800  0.10882    0.02029    0.03857    0.00034      0.04962      0.00000      0.00056      0.03383      0.00000      
249900  0.10922    0.02031    0.03857    0.00030      0.05005      0.00000      0.00039      0.03387      0.00000      
250000  0.11426    0.02031    0.03856    0.00050      0.05488      0.00000      0.00043      0.03390      0.00000      
250100  0.10990    0.02030    0.03856    0.00048      0.05057      0.00000      0.00043      0.03390      0.00000      
250200  0.11201    0.02031    0.03856    0.00050      0.05264      0.00000      0.00051      0.03387      0.00000      
250300  0.11357    0.02030    0.03856    0.00052      0.05420      0.00000      0.00038      0.03387      0.00000      
250400  0.10939    0.02030    0.03855    0.00051      0.05003      0.00000      0.00069      0.03380      0.00000      
250500  0.11066    0.02031    0.03856    0.00045      0.05134      0.00000      0.00040      0.03382      0.00000      
250600  0.10891    0.02032    0.03855    0.00039      0.04965      0.00000      0.00047      0.03385      0.00000      
250700  0.10948    0.02031    0.03856    0.00042      0.05018      0.00000      0.00051      0.03389      0.00000      
250800  0.11095    0.02031    0.03856    0.00036      0.05173      0.00000      0.00045      0.03390      0.00000      
250900  0.11325    0.02030    0.03856    0.00049      0.05391      0.00000      0.00047      0.03387      0.00000      
251000  0.11098    0.02030    0.03855    0.00054      0.05159      0.00000      0.00040      0.03396      0.00000      
251100  0.11033    0.02030    0.03855    0.00039      0.05109      0.00000      0.00036      0.03390      0.00000      
251200  0.11068    0.02030    0.03855    0.00040      0.05142      0.00000      0.00047      0.03398      0.00000      
251300  0.10950    0.02029    0.03855    0.00037      0.05028      0.00000      0.00050      0.03390      0.00000      
251400  0.11532    0.02030    0.03855    0.00037      0.05610      0.00000      0.00044      0.03388      0.00000      
251500  0.11171    0.02030    0.03856    0.00050      0.05235      0.00000      0.00035      0.03386      0.00000      
251600  0.11259    0.02028    0.03855    0.00044      0.05331      0.00000      0.00045      0.03386      0.00000      
251700  0.11522    0.02028    0.03855    0.00053      0.05585      0.00000      0.00049      0.03388      0.00000      
251800  0.11287    0.02029    0.03854    0.00047      0.05357      0.00000      0.00062      0.03385      0.00000      
251900  0.11100    0.02030    0.03854    0.00048      0.05167      0.00000      0.00039      0.03390      0.00000      
252000  0.10925    0.02029    0.03855    0.00046      0.04995      0.00000      0.00045      0.03384      0.00000      
252100  0.11244    0.02029    0.03854    0.00041      0.05319      0.00000      0.00051      0.03390      0.00000      
252200  0.10808    0.02026    0.03854    0.00050      0.04878      0.00000      0.00043      0.03389      0.00000      
252300  0.11022    0.02026    0.03854    0.00057      0.05084      0.00000      0.00044      0.03391      0.00000      
252400  0.11240    0.02028    0.03854    0.00044      0.05315      0.00000      0.00051      0.03391      0.00000      
252500  0.11124    0.02027    0.03854    0.00049      0.05195      0.00000      0.00046      0.03389      0.00000      
252600  0.10871    0.02026    0.03854    0.00032      0.04960      0.00000      0.00038      0.03386      0.00000      
252700  0.11206    0.02029    0.03854    0.00050      0.05273      0.00000      0.00041      0.03385      0.00000      
252800  0.11194    0.02028    0.03854    0.00036      0.05275      0.00000      0.00047      0.03390      0.00000      
252900  0.11267    0.02027    0.03853    0.00044      0.05343      0.00000      0.00051      0.03382      0.00000      
253000  0.11014    0.02029    0.03853    0.00038      0.05094      0.00000      0.00044      0.03384      0.00000      
253100  0.10985    0.02029    0.03854    0.00042      0.05060      0.00000      0.00067      0.03386      0.00000      
253200  0.11065    0.02031    0.03853    0.00051      0.05130      0.00000      0.00061      0.03379      0.00000      
253300  0.11053    0.02031    0.03853    0.00049      0.05120      0.00000      0.00049      0.03385      0.00000      
253400  0.11096    0.02032    0.03854    0.00045      0.05166      0.00000      0.00049      0.03380      0.00000      
253500  0.10988    0.02031    0.03854    0.00036      0.05066      0.00000      0.00047      0.03390      0.00000      
253600  0.11363    0.02029    0.03854    0.00047      0.05433      0.00000      0.00059      0.03382      0.00000      
253700  0.11261    0.02027    0.03852    0.00049      0.05334      0.00000      0.00053      0.03387      0.00000      
253800  0.10795    0.02028    0.03852    0.00050      0.04865      0.00000      0.00042      0.03385      0.00000      
253900  0.11102    0.02026    0.03851    0.00040      0.05185      0.00000      0.00045      0.03387      0.00000      
254000  0.10984    0.02026    0.03852    0.00050      0.05056      0.00000      0.00042      0.03386      0.00000      
254100  0.11042    0.02026    0.03851    0.00041      0.05124      0.00000      0.00058      0.03386      0.00000      
254200  0.11020    0.02028    0.03852    0.00040      0.05100      0.00000      0.00046      0.03385      0.00000      
254300  0.10991    0.02027    0.03852    0.00050      0.05061      0.00000      0.00051      0.03384      0.00000      
254400  0.11022    0.02026    0.03851    0.00044      0.05101      0.00000      0.00059      0.03385      0.00000      
254500  0.11209    0.02028    0.03851    0.00045      0.05285      0.00000      0.00047      0.03386      0.00000      
254600  0.11408    0.02027    0.03851    0.00042      0.05487      0.00000      0.00044      0.03383      0.00000      
254700  0.10884    0.02027    0.03851    0.00037      0.04968      0.00000      0.00037      0.03383      0.00000      
254800  0.11499    0.02026    0.03851    0.00041      0.05581      0.00000      0.00053      0.03387      0.00000      
254900  0.11091    0.02027    0.03851    0.00039      0.05173      0.00000      0.00042      0.03386      0.00000      
255000  0.10962    0.02025    0.03850    0.00045      0.05042      0.00000      0.00043      0.03383      0.00000      
255100  0.10941    0.02024    0.03851    0.00044      0.05022      0.00000      0.00035      0.03385      0.00000      
255200  0.11044    0.02022    0.03850    0.00046      0.05126      0.00000      0.00049      0.03388      0.00000      
255300  0.10879    0.02021    0.03850    0.00048      0.04960      0.00000      0.00041      0.03385      0.00000      
255400  0.11020    0.02024    0.03850    0.00041      0.05105      0.00000      0.00051      0.03389      0.00000      
255500  0.10864    0.02022    0.03849    0.00043      0.04950      0.00000      0.00047      0.03381      0.00000      
255600  0.11084    0.02021    0.03850    0.00053      0.05160      0.00000      0.00039      0.03386      0.00000      
255700  0.11031    0.02021    0.03850    0.00049      0.05111      0.00000      0.00042      0.03389      0.00000      
255800  0.11495    0.02020    0.03850    0.00048      0.05577      0.00000      0.00046      0.03393      0.00000      
255900  0.13277    0.02022    0.03850    0.00041      0.07364      0.00000      0.00045      0.03388      0.00000      
256000  0.11053    0.02021    0.03850    0.00038      0.05144      0.00000      0.00047      0.03385      0.00000      
256100  0.10972    0.02022    0.03851    0.00042      0.05058      0.00000      0.00054      0.03390      0.00000      
256200  0.11065    0.02022    0.03850    0.00048      0.05145      0.00000      0.00051      0.03388      0.00000      
256300  0.10950    0.02021    0.03850    0.00052      0.05027      0.00000      0.00057      0.03392      0.00000      
256400  0.11249    0.02023    0.03851    0.00038      0.05338      0.00000      0.00057      0.03387      0.00000      
256500  0.11541    0.02022    0.03851    0.00037      0.05630      0.00000      0.00037      0.03388      0.00000      
256600  0.10908    0.02022    0.03850    0.00052      0.04984      0.00000      0.00062      0.03386      0.00000      
256700  0.11172    0.02023    0.03851    0.00035      0.05263      0.00000      0.00050      0.03387      0.00000      
256800  0.10719    0.02024    0.03851    0.00043      0.04802      0.00000      0.00045      0.03388      0.00000      
256900  0.10930    0.02025    0.03852    0.00040      0.05014      0.00000      0.00048      0.03394      0.00000      
257000  0.11243    0.02026    0.03852    0.00038      0.05327      0.00000      0.00053      0.03387      0.00000      
257100  0.11200    0.02026    0.03851    0.00033      0.05290      0.00000      0.00057      0.03392      0.00000      
257200  0.11211    0.02026    0.03850    0.00045      0.05289      0.00000      0.00042      0.03391      0.00000      
257300  0.11100    0.02026    0.03851    0.00044      0.05180      0.00000      0.00041      0.03386      0.00000      
257400  0.10969    0.02025    0.03850    0.00039      0.05055      0.00000      0.00056      0.03388      0.00000      
257500  0.11061    0.02026    0.03850    0.00034      0.05151      0.00000      0.00043      0.03388      0.00000      
257600  0.11088    0.02028    0.03851    0.00037      0.05173      0.00000      0.00039      0.03386      0.00000      
257700  0.11148    0.02029    0.03851    0.00041      0.05227      0.00000      0.00045      0.03383      0.00000      
257800  0.10931    0.02028    0.03851    0.00049      0.05005      0.00000      0.00041      0.03385      0.00000      
257900  0.11076    0.02027    0.03851    0.00051      0.05146      0.00000      0.00041      0.03382      0.00000      
258000  0.11254    0.02028    0.03851    0.00056      0.05321      0.00000      0.00040      0.03380      0.00000      
258100  0.10983    0.02026    0.03850    0.00038      0.05069      0.00000      0.00052      0.03384      0.00000      
258200  0.11906    0.02027    0.03850    0.00041      0.05988      0.00000      0.00040      0.03388      0.00000      
258300  0.11040    0.02026    0.03850    0.00051      0.05113      0.00000      0.00040      0.03390      0.00000      
258400  0.11032    0.02023    0.03849    0.00042      0.05117      0.00000      0.00048      0.03388      0.00000      
258500  0.11299    0.02022    0.03849    0.00052      0.05375      0.00000      0.00054      0.03392      0.00000      
258600  0.11378    0.02022    0.03849    0.00059      0.05447      0.00000      0.00054      0.03388      0.00000      
258700  0.11591    0.02023    0.03849    0.00057      0.05662      0.00000      0.00052      0.03387      0.00000      
258800  0.10973    0.02023    0.03849    0.00043      0.05058      0.00000      0.00050      0.03383      0.00000      
258900  0.10969    0.02022    0.03849    0.00048      0.05050      0.00000      0.00048      0.03383      0.00000      
259000  0.11314    0.02023    0.03849    0.00039      0.05404      0.00000      0.00054      0.03386      0.00000      
259100  0.11159    0.02023    0.03848    0.00039      0.05249      0.00000      0.00049      0.03389      0.00000      
259200  0.11233    0.02023    0.03849    0.00048      0.05312      0.00000      0.00045      0.03388      0.00000      
259300  0.11133    0.02021    0.03848    0.00044      0.05220      0.00000      0.00047      0.03391      0.00000      
259400  0.10910    0.02021    0.03849    0.00039      0.05001      0.00000      0.00060      0.03393      0.00000      
259500  0.11042    0.02021    0.03848    0.00037      0.05136      0.00000      0.00059      0.03393      0.00000      
259600  0.11292    0.02020    0.03848    0.00055      0.05368      0.00000      0.00054      0.03388      0.00000      
259700  0.11146    0.02019    0.03848    0.00053      0.05226      0.00000      0.00039      0.03387      0.00000      
259800  0.11251    0.02020    0.03848    0.00039      0.05344      0.00000      0.00042      0.03386      0.00000      
259900  0.10970    0.02023    0.03849    0.00037      0.05063      0.00000      0.00053      0.03389      0.00000      
260000  0.11113    0.02022    0.03848    0.00039      0.05203      0.00000      0.00060      0.03384      0.00000      
260100  0.10873    0.02021    0.03848    0.00037      0.04967      0.00000      0.00060      0.03384      0.00000      
260200  0.10912    0.02022    0.03848    0.00034      0.05009      0.00000      0.00040      0.03390      0.00000      
260300  0.11387    0.02020    0.03848    0.00052      0.05467      0.00000      0.00044      0.03385      0.00000      
260400  0.10970    0.02022    0.03849    0.00045      0.05055      0.00000      0.00051      0.03387      0.00000      
260500  0.11186    0.02022    0.03848    0.00052      0.05264      0.00000      0.00051      0.03390      0.00000      
260600  0.11328    0.02022    0.03848    0.00054      0.05405      0.00000      0.00046      0.03393      0.00000      
260700  0.10917    0.02023    0.03847    0.00048      0.04999      0.00000      0.00068      0.03385      0.00000      
260800  0.11048    0.02023    0.03847    0.00045      0.05133      0.00000      0.00038      0.03386      0.00000      
260900  0.10866    0.02025    0.03848    0.00040      0.04954      0.00000      0.00044      0.03385      0.00000      
261000  0.10922    0.02026    0.03848    0.00040      0.05008      0.00000      0.00058      0.03389      0.00000      
261100  0.11063    0.02025    0.03847    0.00039      0.05151      0.00000      0.00053      0.03388      0.00000      
261200  0.11287    0.02025    0.03848    0.00043      0.05371      0.00000      0.00046      0.03387      0.00000      
261300  0.11077    0.02023    0.03848    0.00055      0.05151      0.00000      0.00043      0.03389      0.00000      
261400  0.11005    0.02023    0.03847    0.00037      0.05098      0.00000      0.00039      0.03384      0.00000      
261500  0.11047    0.02024    0.03847    0.00036      0.05140      0.00000      0.00052      0.03382      0.00000      
261600  0.10923    0.02023    0.03847    0.00035      0.05018      0.00000      0.00053      0.03382      0.00000      
261700  0.11511    0.02023    0.03847    0.00037      0.05604      0.00000      0.00046      0.03386      0.00000      
261800  0.11152    0.02023    0.03848    0.00049      0.05232      0.00000      0.00037      0.03387      0.00000      
261900  0.11239    0.02024    0.03848    0.00047      0.05321      0.00000      0.00047      0.03383      0.00000      
262000  0.11528    0.02023    0.03847    0.00053      0.05604      0.00000      0.00042      0.03384      0.00000      
262100  0.11244    0.02022    0.03847    0.00052      0.05322      0.00000      0.00055      0.03382      0.00000      
262200  0.11073    0.02021    0.03847    0.00047      0.05158      0.00000      0.00045      0.03388      0.00000      
262300  0.10906    0.02021    0.03847    0.00046      0.04992      0.00000      0.00046      0.03383      0.00000      
262400  0.11217    0.02021    0.03847    0.00039      0.05310      0.00000      0.00049      0.03385      0.00000      
262500  0.10792    0.02020    0.03847    0.00051      0.04874      0.00000      0.00047      0.03386      0.00000      
262600  0.11009    0.02021    0.03847    0.00054      0.05086      0.00000      0.00047      0.03386      0.00000      
262700  0.11215    0.02022    0.03847    0.00038      0.05308      0.00000      0.00049      0.03389      0.00000      
262800  0.11093    0.02020    0.03847    0.00046      0.05180      0.00000      0.00052      0.03379      0.00000      
262900  0.10851    0.02023    0.03847    0.00036      0.04945      0.00000      0.00035      0.03379      0.00000      
263000  0.11181    0.02022    0.03847    0.00051      0.05260      0.00000      0.00040      0.03381      0.00000      
263100  0.11163    0.02022    0.03848    0.00033      0.05260      0.00000      0.00051      0.03380      0.00000      
263200  0.11239    0.02022    0.03847    0.00046      0.05323      0.00000      0.00041      0.03385      0.00000      
263300  0.10985    0.02024    0.03848    0.00037      0.05075      0.00000      0.00038      0.03378      0.00000      
263400  0.10965    0.02021    0.03848    0.00039      0.05057      0.00000      0.00062      0.03382      0.00000      
263500  0.11045    0.02022    0.03848    0.00055      0.05120      0.00000      0.00056      0.03379      0.00000      
263600  0.11024    0.02023    0.03848    0.00048      0.05104      0.00000      0.00048      0.03378      0.00000      
263700  0.11055    0.02023    0.03848    0.00046      0.05138      0.00000      0.00046      0.03383      0.00000      
263800  0.10961    0.02022    0.03848    0.00035      0.05056      0.00000      0.00048      0.03384      0.00000      
263900  0.11427    0.02020    0.03847    0.00048      0.05512      0.00000      0.00055      0.03378      0.00000      
264000  0.11237    0.02020    0.03847    0.00049      0.05321      0.00000      0.00058      0.03382      0.00000      
264100  0.10766    0.02019    0.03847    0.00051      0.04850      0.00000      0.00037      0.03378      0.00000      
264200  0.11067    0.02017    0.03846    0.00037      0.05167      0.00000      0.00044      0.03378      0.00000      
264300  0.10961    0.02017    0.03846    0.00050      0.05048      0.00000      0.00045      0.03382      0.00000      
264400  0.11008    0.02016    0.03845    0.00040      0.05107      0.00000      0.00061      0.03382      0.00000      
264500  0.10998    0.02017    0.03846    0.00044      0.05090      0.00000      0.00045      0.03381      0.00000      
264600  0.10966    0.02018    0.03846    0.00049      0.05053      0.00000      0.00054      0.03386      0.00000      
264700  0.11000    0.02018    0.03846    0.00046      0.05091      0.00000      0.00051      0.03383      0.00000      
264800  0.11179    0.02019    0.03846    0.00046      0.05268      0.00000      0.00040      0.03381      0.00000      
264900  0.11381    0.02017    0.03845    0.00039      0.05479      0.00000      0.00046      0.03377      0.00000      
265000  0.10869    0.02017    0.03845    0.00040      0.04967      0.00000      0.00038      0.03381      0.00000      
265100  0.11461    0.02014    0.03845    0.00046      0.05555      0.00000      0.00057      0.03382      0.00000      
265200  0.11064    0.02016    0.03845    0.00041      0.05162      0.00000      0.00043      0.03380      0.00000      
265300  0.10935    0.02014    0.03845    0.00045      0.05031      0.00000      0.00043      0.03381      0.00000      
265400  0.10927    0.02014    0.03844    0.00043      0.05026      0.00000      0.00034      0.03382      0.00000      
265500  0.11018    0.02015    0.03844    0.00045      0.05114      0.00000      0.00044      0.03376      0.00000      
265600  0.10857    0.02014    0.03844    0.00046      0.04953      0.00000      0.00041      0.03381      0.00000      
265700  0.10998    0.02014    0.03844    0.00040      0.05101      0.00000      0.00048      0.03383      0.00000      
265800  0.10830    0.02013    0.03844    0.00040      0.04933      0.00000      0.00052      0.03379      0.00000      
265900  0.11071    0.02014    0.03844    0.00054      0.05160      0.00000      0.00036      0.03384      0.00000      
266000  0.11008    0.02015    0.03844    0.00048      0.05101      0.00000      0.00044      0.03386      0.00000      
266100  0.11456    0.02015    0.03844    0.00046      0.05551      0.00000      0.00045      0.03374      0.00000      
266200  0.13326    0.02015    0.03844    0.00041      0.07427      0.00000      0.00038      0.03379      0.00000      
266300  0.11019    0.02015    0.03844    0.00036      0.05125      0.00000      0.00043      0.03377      0.00000      
266400  0.10952    0.02012    0.03843    0.00045      0.05051      0.00000      0.00045      0.03384      0.00000      
266500  0.11040    0.02013    0.03843    0.00050      0.05133      0.00000      0.00047      0.03375      0.00000      
266600  0.10931    0.02015    0.03843    0.00053      0.05020      0.00000      0.00048      0.03387      0.00000      
266700  0.11222    0.02016    0.03844    0.00042      0.05320      0.00000      0.00056      0.03382      0.00000      
266800  0.11534    0.02015    0.03843    0.00047      0.05630      0.00000      0.00040      0.03382      0.00000      
266900  0.10876    0.02016    0.03843    0.00053      0.04964      0.00000      0.00061      0.03380      0.00000      
267000  0.11155    0.02015    0.03843    0.00037      0.05260      0.00000      0.00049      0.03380      0.00000      
267100  0.10691    0.02015    0.03843    0.00042      0.04791      0.00000      0.00041      0.03383      0.00000      
267200  0.10899    0.02015    0.03844    0.00039      0.05001      0.00000      0.00049      0.03381      0.00000      
267300  0.11198    0.02013    0.03843    0.00039      0.05302      0.00000      0.00050      0.03383      0.00000      
267400  0.11164    0.02013    0.03843    0.00035      0.05273      0.00000      0.00056      0.03384      0.00000      
267500  0.11183    0.02014    0.03843    0.00047      0.05280      0.00000      0.00043      0.03385      0.00000      
267600  0.11072    0.02015    0.03843    0.00046      0.05169      0.00000      0.00042      0.03385      0.00000      
267700  0.10948    0.02014    0.03842    0.00041      0.05050      0.00000      0.00056      0.03385      0.00000      
267800  0.11031    0.02014    0.03842    0.00035      0.05141      0.00000      0.00045      0.03391      0.00000      
267900  0.11044    0.02014    0.03842    0.00034      0.05153      0.00000      0.00042      0.03387      0.00000      
268000  0.11111    0.02014    0.03842    0.00040      0.05214      0.00000      0.00043      0.03391      0.00000      
268100  0.10901    0.02012    0.03842    0.00047      0.05000      0.00000      0.00046      0.03388      0.00000      
268200  0.11038    0.02013    0.03842    0.00051      0.05132      0.00000      0.00040      0.03387      0.00000      
268300  0.11258    0.02013    0.03842    0.00059      0.05344      0.00000      0.00045      0.03384      0.00000      
268400  0.10942    0.02011    0.03842    0.00038      0.05051      0.00000      0.00049      0.03384      0.00000      
268500  0.11766    0.02011    0.03842    0.00046      0.05867      0.00000      0.00037      0.03387      0.00000      
268600  0.11007    0.02011    0.03842    0.00049      0.05106      0.00000      0.00043      0.03380      0.00000      
268700  0.11000    0.02012    0.03842    0.00043      0.05103      0.00000      0.00039      0.03388      0.00000      
268800  0.11263    0.02012    0.03842    0.00054      0.05355      0.00000      0.00050      0.03384      0.00000      
268900  0.11353    0.02010    0.03841    0.00057      0.05444      0.00000      0.00049      0.03381      0.00000      
269000  0.11562    0.02011    0.03841    0.00055      0.05654      0.00000      0.00051      0.03380      0.00000      
269100  0.10940    0.02011    0.03841    0.00040      0.05048      0.00000      0.00046      0.03379      0.00000      
269200  0.10948    0.02012    0.03841    0.00046      0.05049      0.00000      0.00048      0.03374      0.00000      
269300  0.11203    0.02012    0.03842    0.00039      0.05311      0.00000      0.00049      0.03388      0.00000      
269400  0.11132    0.02011    0.03840    0.00037      0.05244      0.00000      0.00043      0.03385      0.00000      
269500  0.11217    0.02012    0.03841    0.00046      0.05318      0.00000      0.00042      0.03379      0.00000      
269600  0.11106    0.02012    0.03842    0.00040      0.05212      0.00000      0.00049      0.03379      0.00000      
269700  0.10889    0.02011    0.03841    0.00042      0.04994      0.00000      0.00051      0.03380      0.00000      
269800  0.11015    0.02011    0.03841    0.00037      0.05125      0.00000      0.00053      0.03379      0.00000      
269900  0.11263    0.02010    0.03841    0.00054      0.05357      0.00000      0.00058      0.03376      0.00000      
270000  0.11118    0.02011    0.03841    0.00053      0.05213      0.00000      0.00038      0.03380      0.00000      
270100  0.11232    0.02010    0.03841    0.00037      0.05344      0.00000      0.00041      0.03373      0.00000      
270200  0.10947    0.02012    0.03841    0.00038      0.05055      0.00000      0.00052      0.03375      0.00000      
270300  0.11072    0.02012    0.03841    0.00038      0.05181      0.00000      0.00054      0.03375      0.00000      
270400  0.10850    0.02015    0.03841    0.00037      0.04957      0.00000      0.00055      0.03376      0.00000      
270500  0.10885    0.02015    0.03842    0.00031      0.04997      0.00000      0.00038      0.03377      0.00000      
270600  0.11361    0.02012    0.03841    0.00050      0.05458      0.00000      0.00042      0.03375      0.00000      
270700  0.10952    0.02013    0.03841    0.00054      0.05044      0.00000      0.00047      0.03374      0.00000      
270800  0.11150    0.02014    0.03841    0.00048      0.05247      0.00000      0.00048      0.03380      0.00000      
270900  0.11295    0.02013    0.03841    0.00052      0.05388      0.00000      0.00044      0.03376      0.00000      
271000  0.10895    0.02013    0.03841    0.00048      0.04992      0.00000      0.00069      0.03378      0.00000      
271100  0.11012    0.02013    0.03841    0.00044      0.05114      0.00000      0.00035      0.03376      0.00000      
271200  0.10845    0.02014    0.03841    0.00039      0.04952      0.00000      0.00044      0.03378      0.00000      
271300  0.10896    0.02013    0.03840    0.00040      0.05003      0.00000      0.00053      0.03374      0.00000      
271400  0.11034    0.02012    0.03841    0.00037      0.05144      0.00000      0.00048      0.03381      0.00000      
271500  0.11255    0.02013    0.03841    0.00051      0.05351      0.00000      0.00049      0.03379      0.00000      
271600  0.11049    0.02014    0.03841    0.00055      0.05140      0.00000      0.00042      0.03380      0.00000      
271700  0.10986    0.02013    0.03841    0.00034      0.05098      0.00000      0.00040      0.03378      0.00000      
271800  0.11021    0.02014    0.03841    0.00036      0.05131      0.00000      0.00057      0.03378      0.00000      
271900  0.10891    0.02012    0.03841    0.00034      0.05004      0.00000      0.00050      0.03377      0.00000      
272000  0.11481    0.02012    0.03841    0.00039      0.05590      0.00000      0.00043      0.03380      0.00000      
272100  0.11136    0.02014    0.03841    0.00049      0.05231      0.00000      0.00034      0.03378      0.00000      
272200  0.11213    0.02012    0.03841    0.00047      0.05312      0.00000      0.00038      0.03386      0.00000      
272300  0.11496    0.02013    0.03840    0.00047      0.05596      0.00000      0.00051      0.03376      0.00000      
272400  0.11203    0.02011    0.03841    0.00049      0.05302      0.00000      0.00053      0.03382      0.00000      
272500  0.11043    0.02010    0.03840    0.00047      0.05145      0.00000      0.00041      0.03377      0.00000      
272600  0.10890    0.02010    0.03840    0.00050      0.04990      0.00000      0.00046      0.03379      0.00000      
272700  0.11192    0.02011    0.03840    0.00043      0.05298      0.00000      0.00049      0.03369      0.00000      
272800  0.10765    0.02011    0.03840    0.00050      0.04863      0.00000      0.00046      0.03376      0.00000      
272900  0.10981    0.02011    0.03840    0.00055      0.05075      0.00000      0.00048      0.03382      0.00000      
273000  0.11202    0.02011    0.03839    0.00041      0.05310      0.00000      0.00052      0.03382      0.00000      
273100  0.11071    0.02011    0.03840    0.00046      0.05174      0.00000      0.00045      0.03378      0.00000      
273200  0.10837    0.02011    0.03839    0.00036      0.04951      0.00000      0.00043      0.03380      0.00000      
273300  0.11148    0.02011    0.03840    0.00051      0.05246      0.00000      0.00039      0.03381      0.00000      
273400  0.11139    0.02011    0.03840    0.00034      0.05253      0.00000      0.00050      0.03379      0.00000      
273500  0.11224    0.02012    0.03839    0.00046      0.05327      0.00000      0.00042      0.03383      0.00000      
273600  0.10961    0.02011    0.03839    0.00038      0.05073      0.00000      0.00037      0.03384      0.00000      
273700  0.10940    0.02011    0.03840    0.00037      0.05052      0.00000      0.00063      0.03378      0.00000      
273800  0.11017    0.02010    0.03839    0.00052      0.05116      0.00000      0.00056      0.03373      0.00000      
273900  0.11000    0.02011    0.03839    0.00051      0.05097      0.00000      0.00050      0.03374      0.00000      
274000  0.11034    0.02012    0.03840    0.00046      0.05135      0.00000      0.00042      0.03377      0.00000      
274100  0.10930    0.02012    0.03840    0.00036      0.05042      0.00000      0.00047      0.03379      0.00000      
274200  0.11390    0.02012    0.03840    0.00051      0.05487      0.00000      0.00059      0.03378      0.00000      
274300  0.11225    0.02011    0.03840    0.00049      0.05326      0.00000      0.00056      0.03382      0.00000      
274400  0.10744    0.02011    0.03840    0.00049      0.04844      0.00000      0.00043      0.03374      0.00000      
274500  0.11044    0.02013    0.03840    0.00039      0.05152      0.00000      0.00044      0.03377      0.00000      
274600  0.10947    0.02012    0.03839    0.00050      0.05045      0.00000      0.00041      0.03373      0.00000      
274700  0.11010    0.02015    0.03839    0.00043      0.05113      0.00000      0.00056      0.03378      0.00000      
274800  0.10987    0.02014    0.03839    0.00043      0.05090      0.00000      0.00047      0.03378      0.00000      
274900  0.10940    0.02013    0.03840    0.00047      0.05039      0.00000      0.00056      0.03373      0.00000      
275000  0.10989    0.02014    0.03839    0.00046      0.05090      0.00000      0.00053      0.03370      0.00000      
275100  0.11171    0.02015    0.03839    0.00044      0.05273      0.00000      0.00041      0.03373      0.00000      
275200  0.11363    0.02015    0.03838    0.00042      0.05467      0.00000      0.00044      0.03374      0.00000      
275300  0.10850    0.02015    0.03839    0.00038      0.04957      0.00000      0.00038      0.03378      0.00000      
275400  0.11442    0.02014    0.03839    0.00042      0.05546      0.00000      0.00050      0.03366      0.00000      
275500  0.11062    0.02014    0.03839    0.00042      0.05168      0.00000      0.00045      0.03382      0.00000      
275600  0.10925    0.02013    0.03839    0.00045      0.05028      0.00000      0.00039      0.03374      0.00000      
275700  0.10912    0.02013    0.03838    0.00043      0.05018      0.00000      0.00033      0.03374      0.00000      
275800  0.11008    0.02013    0.03838    0.00044      0.05113      0.00000      0.00045      0.03373      0.00000      
275900  0.10840    0.02011    0.03838    0.00049      0.04942      0.00000      0.00043      0.03373      0.00000      
276000  0.10982    0.02011    0.03838    0.00038      0.05095      0.00000      0.00045      0.03369      0.00000      
276100  0.10818    0.02010    0.03837    0.00041      0.04929      0.00000      0.00046      0.03371      0.00000      
276200  0.11041    0.02011    0.03837    0.00054      0.05139      0.00000      0.00039      0.03373      0.00000      
276300  0.10985    0.02011    0.03837    0.00046      0.05090      0.00000      0.00044      0.03376      0.00000      
276400  0.11439    0.02010    0.03837    0.00048      0.05544      0.00000      0.00043      0.03372      0.00000      
276500  0.13181    0.02010    0.03838    0.00040      0.07294      0.00000      0.00043      0.03380      0.00000      
276600  0.11006    0.02010    0.03838    0.00038      0.05120      0.00000      0.00036      0.03378      0.00000      
276700  0.10939    0.02010    0.03838    0.00043      0.05048      0.00000      0.00045      0.03373      0.00000      
276800  0.11019    0.02009    0.03837    0.00052      0.05121      0.00000      0.00049      0.03376      0.00000      
276900  0.10914    0.02010    0.03838    0.00050      0.05016      0.00000      0.00051      0.03379      0.00000      
277000  0.11199    0.02011    0.03838    0.00039      0.05312      0.00000      0.00054      0.03377      0.00000      
277100  0.11515    0.02010    0.03838    0.00043      0.05624      0.00000      0.00036      0.03377      0.00000      
277200  0.10862    0.02010    0.03838    0.00053      0.04961      0.00000      0.00061      0.03379      0.00000      
277300  0.11134    0.02011    0.03838    0.00038      0.05247      0.00000      0.00050      0.03377      0.00000      
277400  0.10684    0.02009    0.03838    0.00044      0.04792      0.00000      0.00043      0.03384      0.00000      
277500  0.10892    0.02009    0.03838    0.00037      0.05009      0.00000      0.00050      0.03378      0.00000      
277600  0.11191    0.02009    0.03836    0.00039      0.05306      0.00000      0.00050      0.03377      0.00000      
277700  0.11158    0.02009    0.03837    0.00034      0.05278      0.00000      0.00057      0.03377      0.00000      
277800  0.11160    0.02008    0.03837    0.00047      0.05268      0.00000      0.00042      0.03381      0.00000      
277900  0.11054    0.02010    0.03838    0.00043      0.05163      0.00000      0.00047      0.03379      0.00000      
278000  0.10932    0.02010    0.03837    0.00041      0.05045      0.00000      0.00054      0.03379      0.00000      
278100  0.11012    0.02010    0.03837    0.00030      0.05135      0.00000      0.00048      0.03378      0.00000      
278200  0.11031    0.02010    0.03837    0.00033      0.05150      0.00000      0.00046      0.03381      0.00000      
278300  0.11096    0.02011    0.03838    0.00043      0.05204      0.00000      0.00047      0.03375      0.00000      
278400  0.10884    0.02010    0.03837    0.00045      0.04992      0.00000      0.00042      0.03378      0.00000      
278500  0.11027    0.02010    0.03838    0.00046      0.05134      0.00000      0.00042      0.03370      0.00000      
278600  0.11207    0.02010    0.03838    0.00058      0.05301      0.00000      0.00038      0.03371      0.00000      
278700  0.10931    0.02010    0.03838    0.00034      0.05049      0.00000      0.00052      0.03365      0.00000      
278800  0.11781    0.02011    0.03838    0.00042      0.05889      0.00000      0.00042      0.03379      0.00000      
278900  0.10985    0.02009    0.03837    0.00049      0.05090      0.00000      0.00047      0.03367      0.00000      
279000  0.10977    0.02009    0.03837    0.00040      0.05091      0.00000      0.00045      0.03374      0.00000      
279100  0.11252    0.02009    0.03837    0.00051      0.05355      0.00000      0.00049      0.03373      0.00000      
279200  0.11335    0.02007    0.03837    0.00056      0.05435      0.00000      0.00054      0.03374      0.00000      
279300  0.11537    0.02007    0.03837    0.00057      0.05636      0.00000      0.00049      0.03374      0.00000      
279400  0.10928    0.02009    0.03836    0.00041      0.05042      0.00000      0.00048      0.03372      0.00000      
279500  0.10931    0.02008    0.03836    0.00044      0.05044      0.00000      0.00044      0.03368      0.00000      
279600  0.11218    0.02008    0.03836    0.00037      0.05338      0.00000      0.00053      0.03364      0.00000      
279700  0.11127    0.02008    0.03836    0.00040      0.05244      0.00000      0.00047      0.03371      0.00000      
279800  0.11179    0.02009    0.03836    0.00048      0.05286      0.00000      0.00047      0.03370      0.00000      
279900  0.11086    0.02010    0.03836    0.00041      0.05199      0.00000      0.00047      0.03368      0.00000      
280000  0.10865    0.02010    0.03836    0.00041      0.04979      0.00000      0.00054      0.03365      0.00000      
280100  0.10993    0.02009    0.03837    0.00034      0.05114      0.00000      0.00052      0.03366      0.00000      
280200  0.11247    0.02009    0.03836    0.00056      0.05347      0.00000      0.00058      0.03364      0.00000      
280300  0.11115    0.02009    0.03837    0.00052      0.05218      0.00000      0.00037      0.03367      0.00000      
280400  0.11199    0.02007    0.03836    0.00038      0.05318      0.00000      0.00044      0.03364      0.00000      
280500  0.10937    0.02008    0.03837    0.00039      0.05054      0.00000      0.00054      0.03360      0.00000      
280600  0.11063    0.02008    0.03836    0.00037      0.05182      0.00000      0.00059      0.03369      0.00000      
280700  0.10837    0.02008    0.03837    0.00038      0.04954      0.00000      0.00061      0.03365      0.00000      
280800  0.10882    0.02010    0.03837    0.00030      0.05004      0.00000      0.00046      0.03365      0.00000      
280900  0.11343    0.02010    0.03837    0.00052      0.05445      0.00000      0.00048      0.03367      0.00000      
281000  0.10915    0.02010    0.03838    0.00045      0.05022      0.00000      0.00049      0.03366      0.00000      
281100  0.11125    0.02012    0.03838    0.00045      0.05230      0.00000      0.00048      0.03369      0.00000      
281200  0.11287    0.02012    0.03837    0.00052      0.05386      0.00000      0.00043      0.03363      0.00000      
281300  0.10878    0.02012    0.03837    0.00049      0.04980      0.00000      0.00068      0.03365      0.00000      
281400  0.11004    0.02013    0.03838    0.00042      0.05112      0.00000      0.00035      0.03364      0.00000      
281500  0.10838    0.02012    0.03837    0.00040      0.04950      0.00000      0.00049      0.03364      0.00000      
281600  0.10886    0.02013    0.03837    0.00039      0.04997      0.00000      0.00050      0.03366      0.00000      
281700  0.11023    0.02012    0.03837    0.00038      0.05135      0.00000      0.00049      0.03364      0.00000      
281800  0.11261    0.02013    0.03837    0.00047      0.05365      0.00000      0.00049      0.03367      0.00000      
281900  0.11041    0.02013    0.03836    0.00055      0.05137      0.00000      0.00044      0.03371      0.00000      
282000  0.10965    0.02012    0.03837    0.00038      0.05078      0.00000      0.00038      0.03367      0.00000      
282100  0.11028    0.02012    0.03837    0.00042      0.05137      0.00000      0.00055      0.03373      0.00000      
282200  0.10893    0.02012    0.03836    0.00032      0.05013      0.00000      0.00053      0.03368      0.00000      
282300  0.11475    0.02013    0.03837    0.00040      0.05585      0.00000      0.00043      0.03372      0.00000      
282400  0.11118    0.02014    0.03838    0.00049      0.05217      0.00000      0.00036      0.03370      0.00000      
282500  0.11189    0.02012    0.03837    0.00043      0.05297      0.00000      0.00044      0.03373      0.00000      
282600  0.11456    0.02011    0.03837    0.00052      0.05555      0.00000      0.00048      0.03371      0.00000      
282700  0.11217    0.02011    0.03837    0.00048      0.05321      0.00000      0.00055      0.03369      0.00000      
282800  0.11029    0.02011    0.03837    0.00046      0.05135      0.00000      0.00047      0.03367      0.00000      
282900  0.10880    0.02010    0.03836    0.00050      0.04984      0.00000      0.00051      0.03365      0.00000      
283000  0.11181    0.02011    0.03836    0.00039      0.05295      0.00000      0.00049      0.03366      0.00000      
283100  0.10740    0.02009    0.03836    0.00052      0.04843      0.00000      0.00047      0.03366      0.00000      
283200  0.10982    0.02010    0.03837    0.00056      0.05078      0.00000      0.00046      0.03375      0.00000      
283300  0.11180    0.02011    0.03837    0.00045      0.05287      0.00000      0.00052      0.03374      0.00000      
283400  0.11057    0.02010    0.03837    0.00046      0.05164      0.00000      0.00050      0.03371      0.00000      
283500  0.10815    0.02010    0.03837    0.00038      0.04931      0.00000      0.00040      0.03371      0.00000      
283600  0.11135    0.02010    0.03837    0.00051      0.05237      0.00000      0.00042      0.03372      0.00000      
283700  0.11117    0.02011    0.03836    0.00033      0.05237      0.00000      0.00050      0.03382      0.00000      
283800  0.11203    0.02010    0.03836    0.00045      0.05311      0.00000      0.00045      0.03380      0.00000      
283900  0.10938    0.02008    0.03836    0.00038      0.05055      0.00000      0.00040      0.03374      0.00000      
284000  0.10936    0.02010    0.03837    0.00036      0.05054      0.00000      0.00062      0.03368      0.00000      
284100  0.11007    0.02009    0.03836    0.00054      0.05107      0.00000      0.00055      0.03370      0.00000      
284200  0.10981    0.02009    0.03836    0.00051      0.05085      0.00000      0.00051      0.03368      0.00000      
284300  0.11015    0.02009    0.03836    0.00045      0.05125      0.00000      0.00045      0.03370      0.00000      
284400  0.10916    0.02008    0.03836    0.00037      0.05036      0.00000      0.00051      0.03370      0.00000      
284500  0.11238    0.02010    0.03836    0.00051      0.05341      0.00000      0.00057      0.03370      0.00000      
284600  0.11194    0.02010    0.03836    0.00050      0.05297      0.00000      0.00055      0.03373      0.00000      
284700  0.10743    0.02011    0.03835    0.00051      0.04846      0.00000      0.00042      0.03370      0.00000      
284800  0.11030    0.02009    0.03836    0.00037      0.05149      0.00000      0.00042      0.03366      0.00000      
284900  0.10931    0.02010    0.03836    0.00053      0.05032      0.00000      0.00041      0.03364      0.00000      
285000  0.10995    0.02009    0.03835    0.00043      0.05108      0.00000      0.00060      0.03369      0.00000      
285100  0.10962    0.02010    0.03836    0.00047      0.05069      0.00000      0.00042      0.03366      0.00000      
285200  0.10930    0.02009    0.03836    0.00047      0.05039      0.00000      0.00051      0.03367      0.00000      
285300  0.10955    0.02008    0.03836    0.00046      0.05065      0.00000      0.00057      0.03368      0.00000      
285400  0.11153    0.02008    0.03835    0.00042      0.05267      0.00000      0.00044      0.03370      0.00000      
285500  0.11336    0.02009    0.03835    0.00037      0.05456      0.00000      0.00049      0.03367      0.00000      
285600  0.10816    0.02009    0.03835    0.00037      0.04935      0.00000      0.00041      0.03368      0.00000      
285700  0.11417    0.02008    0.03835    0.00050      0.05525      0.00000      0.00057      0.03364      0.00000      
285800  0.11037    0.02009    0.03835    0.00040      0.05152      0.00000      0.00047      0.03367      0.00000      
285900  0.10904    0.02011    0.03836    0.00044      0.05013      0.00000      0.00042      0.03365      0.00000      
286000  0.10898    0.02009    0.03835    0.00041      0.05012      0.00000      0.00031      0.03370      0.00000      
286100  0.10989    0.02008    0.03835    0.00045      0.05101      0.00000      0.00043      0.03365      0.00000      
286200  0.10813    0.02009    0.03835    0.00047      0.04923      0.00000      0.00041      0.03362      0.00000      
286300  0.10966    0.02009    0.03835    0.00039      0.05083      0.00000      0.00048      0.03362      0.00000      
286400  0.10809    0.02010    0.03835    0.00040      0.04923      0.00000      0.00049      0.03362      0.00000      
286500  0.11035    0.02010    0.03835    0.00052      0.05137      0.00000      0.00041      0.03360      0.00000      
286600  0.10974    0.02011    0.03836    0.00046      0.05082      0.00000      0.00043      0.03361      0.00000      
286700  0.11422    0.02011    0.03836    0.00050      0.05526      0.00000      0.00050      0.03364      0.00000      
286800  0.13209    0.02009    0.03836    0.00040      0.07324      0.00000      0.00042      0.03358      0.00000      
286900  0.10983    0.02009    0.03835    0.00037      0.05102      0.00000      0.00038      0.03364      0.00000      
287000  0.10916    0.02010    0.03835    0.00042      0.05028      0.00000      0.00045      0.03364      0.00000      
287100  0.11023    0.02010    0.03835    0.00051      0.05126      0.00000      0.00052      0.03360      0.00000      
287200  0.10901    0.02012    0.03835    0.00050      0.05004      0.00000      0.00052      0.03363      0.00000      
287300  0.11186    0.02010    0.03835    0.00038      0.05303      0.00000      0.00053      0.03362      0.00000      
287400  0.11455    0.02011    0.03836    0.00043      0.05566      0.00000      0.00036      0.03366      0.00000      
287500  0.10854    0.02010    0.03835    0.00051      0.04958      0.00000      0.00058      0.03369      0.00000      
287600  0.11126    0.02010    0.03835    0.00038      0.05243      0.00000      0.00049      0.03366      0.00000      
287700  0.10661    0.02008    0.03835    0.00045      0.04773      0.00000      0.00046      0.03363      0.00000      
287800  0.10866    0.02008    0.03835    0.00040      0.04983      0.00000      0.00053      0.03365      0.00000      
287900  0.11172    0.02008    0.03834    0.00039      0.05292      0.00000      0.00054      0.03365      0.00000      
288000  0.11122    0.02009    0.03835    0.00033      0.05245      0.00000      0.00059      0.03375      0.00000      
288100  0.11149    0.02007    0.03834    0.00048      0.05260      0.00000      0.00042      0.03371      0.00000      
288200  0.11041    0.02008    0.03834    0.00045      0.05154      0.00000      0.00046      0.03368      0.00000      
288300  0.10918    0.02008    0.03833    0.00040      0.05036      0.00000      0.00057      0.03365      0.00000      
288400  0.11002    0.02008    0.03834    0.00032      0.05128      0.00000      0.00044      0.03363      0.00000      
288500  0.11011    0.02008    0.03834    0.00031      0.05137      0.00000      0.00036      0.03363      0.00000      
288600  0.11075    0.02010    0.03834    0.00036      0.05195      0.00000      0.00045      0.03364      0.00000      
288700  0.10864    0.02010    0.03834    0.00045      0.04975      0.00000      0.00040      0.03364      0.00000      
288800  0.11005    0.02009    0.03834    0.00048      0.05114      0.00000      0.00042      0.03363      0.00000      
288900  0.11196    0.02009    0.03833    0.00060      0.05294      0.00000      0.00041      0.03360      0.00000      
289000  0.10915    0.02006    0.03833    0.00036      0.05040      0.00000      0.00049      0.03365      0.00000      
289100  0.11776    0.02007    0.03834    0.00045      0.05890      0.00000      0.00039      0.03362      0.00000      
289200  0.10992    0.02007    0.03834    0.00046      0.05105      0.00000      0.00044      0.03365      0.00000      
289300  0.10971    0.02007    0.03833    0.00040      0.05091      0.00000      0.00047      0.03366      0.00000      
289400  0.11250    0.02007    0.03834    0.00054      0.05355      0.00000      0.00052      0.03362      0.00000      
289500  0.11314    0.02006    0.03833    0.00057      0.05417      0.00000      0.00053      0.03360      0.00000      
289600  0.11520    0.02005    0.03833    0.00057      0.05625      0.00000      0.00048      0.03365      0.00000      
289700  0.10903    0.02004    0.03833    0.00040      0.05026      0.00000      0.00047      0.03363      0.00000      
289800  0.10909    0.02004    0.03833    0.00043      0.05028      0.00000      0.00045      0.03367      0.00000      
289900  0.11228    0.02005    0.03833    0.00038      0.05351      0.00000      0.00052      0.03361      0.00000      
290000  0.11103    0.02005    0.03833    0.00042      0.05223      0.00000      0.00047      0.03366      0.00000      
290100  0.11145    0.02005    0.03834    0.00051      0.05255      0.00000      0.00042      0.03360      0.00000      
290200  0.11066    0.02004    0.03833    0.00042      0.05186      0.00000      0.00049      0.03362      0.00000      
290300  0.10845    0.02004    0.03833    0.00038      0.04970      0.00000      0.00054      0.03362      0.00000      
290400  0.10968    0.02003    0.03833    0.00034      0.05097      0.00000      0.00055      0.03364      0.00000      
290500  0.11219    0.02003    0.03833    0.00054      0.05330      0.00000      0.00056      0.03366      0.00000      
290600  0.11092    0.02002    0.03832    0.00053      0.05205      0.00000      0.00038      0.03362      0.00000      
290700  0.11188    0.02001    0.03832    0.00037      0.05317      0.00000      0.00046      0.03361      0.00000      
290800  0.10911    0.02002    0.03833    0.00036      0.05040      0.00000      0.00050      0.03360      0.00000      
290900  0.11039    0.02001    0.03832    0.00036      0.05170      0.00000      0.00065      0.03360      0.00000      
291000  0.10816    0.02001    0.03832    0.00037      0.04945      0.00000      0.00060      0.03357      0.00000      
291100  0.10850    0.02001    0.03832    0.00029      0.04987      0.00000      0.00047      0.03356      0.00000      
291200  0.11322    0.02004    0.03832    0.00050      0.05437      0.00000      0.00040      0.03365      0.00000      
291300  0.10896    0.02003    0.03832    0.00046      0.05014      0.00000      0.00050      0.03366      0.00000      
291400  0.11102    0.02003    0.03832    0.00047      0.05219      0.00000      0.00052      0.03364      0.00000      
291500  0.11257    0.02006    0.03833    0.00052      0.05366      0.00000      0.00042      0.03368      0.00000      
291600  0.10863    0.02005    0.03833    0.00052      0.04973      0.00000      0.00074      0.03362      0.00000      
291700  0.10998    0.02006    0.03832    0.00046      0.05113      0.00000      0.00044      0.03366      0.00000      
291800  0.10820    0.02004    0.03832    0.00043      0.04941      0.00000      0.00044      0.03361      0.00000      
291900  0.10876    0.02005    0.03832    0.00041      0.04998      0.00000      0.00058      0.03365      0.00000      
292000  0.11001    0.02005    0.03832    0.00037      0.05127      0.00000      0.00051      0.03356      0.00000      
292100  0.11224    0.02005    0.03832    0.00045      0.05342      0.00000      0.00049      0.03357      0.00000      
292200  0.11011    0.02005    0.03831    0.00053      0.05121      0.00000      0.00041      0.03357      0.00000      
292300  0.10943    0.02005    0.03832    0.00035      0.05071      0.00000      0.00040      0.03361      0.00000      
292400  0.10992    0.02004    0.03831    0.00038      0.05119      0.00000      0.00047      0.03359      0.00000      
292500  0.10869    0.02003    0.03831    0.00036      0.04999      0.00000      0.00048      0.03360      0.00000      
292600  0.11447    0.02005    0.03832    0.00034      0.05577      0.00000      0.00044      0.03358      0.00000      
292700  0.11068    0.02005    0.03832    0.00047      0.05184      0.00000      0.00034      0.03364      0.00000      
292800  0.11142    0.02006    0.03832    0.00042      0.05262      0.00000      0.00044      0.03362      0.00000      
292900  0.11434    0.02004    0.03832    0.00052      0.05547      0.00000      0.00046      0.03368      0.00000      
293000  0.11169    0.02006    0.03832    0.00048      0.05283      0.00000      0.00043      0.03369      0.00000      
293100  0.11018    0.02004    0.03832    0.00047      0.05135      0.00000      0.00039      0.03369      0.00000      
293200  0.10863    0.02004    0.03831    0.00049      0.04978      0.00000      0.00053      0.03362      0.00000      
293300  0.11159    0.02003    0.03831    0.00039      0.05286      0.00000      0.00053      0.03362      0.00000      
293400  0.10726    0.02003    0.03831    0.00052      0.04840      0.00000      0.00046      0.03364      0.00000      
293500  0.10944    0.02002    0.03831    0.00056      0.05055      0.00000      0.00045      0.03362      0.00000      
293600  0.11166    0.02001    0.03831    0.00042      0.05293      0.00000      0.00051      0.03360      0.00000      
293700  0.11036    0.02001    0.03831    0.00046      0.05158      0.00000      0.00048      0.03362      0.00000      
293800  0.10791    0.02002    0.03831    0.00036      0.04921      0.00000      0.00037      0.03367      0.00000      
293900  0.11121    0.02003    0.03831    0.00052      0.05235      0.00000      0.00040      0.03368      0.00000      
294000  0.11107    0.02003    0.03830    0.00035      0.05238      0.00000      0.00049      0.03366      0.00000      
294100  0.11189    0.02003    0.03830    0.00045      0.05311      0.00000      0.00051      0.03361      0.00000      
294200  0.10917    0.02004    0.03830    0.00038      0.05044      0.00000      0.00040      0.03367      0.00000      
294300  0.10917    0.02003    0.03831    0.00039      0.05044      0.00000      0.00057      0.03368      0.00000      
294400  0.10987    0.02003    0.03830    0.00051      0.05103      0.00000      0.00056      0.03365      0.00000      
294500  0.10974    0.02003    0.03830    0.00053      0.05088      0.00000      0.00053      0.03372      0.00000      
294600  0.10993    0.02002    0.03830    0.00043      0.05117      0.00000      0.00045      0.03368      0.00000      
294700  0.10898    0.02003    0.03830    0.00036      0.05029      0.00000      0.00051      0.03366      0.00000      
294800  0.11212    0.02005    0.03831    0.00047      0.05329      0.00000      0.00050      0.03371      0.00000      
294900  0.11186    0.02005    0.03831    0.00048      0.05301      0.00000      0.00056      0.03364      0.00000      
295000  0.10727    0.02004    0.03830    0.00049      0.04844      0.00000      0.00042      0.03366      0.00000      
295100  0.11009    0.02005    0.03830    0.00038      0.05136      0.00000      0.00051      0.03364      0.00000      
295200  0.10914    0.02006    0.03830    0.00052      0.05027      0.00000      0.00047      0.03363      0.00000      
295300  0.10973    0.02006    0.03830    0.00040      0.05097      0.00000      0.00062      0.03368      0.00000      
295400  0.10931    0.02005    0.03830    0.00042      0.05054      0.00000      0.00044      0.03367      0.00000      
295500  0.10899    0.02002    0.03830    0.00051      0.05015      0.00000      0.00052      0.03366      0.00000      
295600  0.10939    0.02004    0.03829    0.00043      0.05062      0.00000      0.00057      0.03363      0.00000      
295700  0.11138    0.02002    0.03830    0.00045      0.05260      0.00000      0.00049      0.03365      0.00000      
295800  0.11327    0.02003    0.03829    0.00037      0.05458      0.00000      0.00050      0.03367      0.00000      
295900  0.10796    0.02002    0.03829    0.00037      0.04927      0.00000      0.00041      0.03366      0.00000      
296000  0.11401    0.02003    0.03830    0.00043      0.05525      0.00000      0.00056      0.03361      0.00000      
296100  0.11020    0.02003    0.03830    0.00041      0.05145      0.00000      0.00046      0.03363      0.00000      
296200  0.10887    0.02003    0.03830    0.00046      0.05007      0.00000      0.00042      0.03363      0.00000      
296300  0.10862    0.02001    0.03830    0.00040      0.04990      0.00000      0.00037      0.03362      0.00000      
296400  0.10971    0.02001    0.03829    0.00046      0.05095      0.00000      0.00045      0.03366      0.00000      
296500  0.10803    0.02003    0.03829    0.00047      0.04924      0.00000      0.00043      0.03364      0.00000      
296600  0.10957    0.02002    0.03828    0.00039      0.05088      0.00000      0.00052      0.03362      0.00000      
296700  0.10777    0.02001    0.03828    0.00039      0.04909      0.00000      0.00045      0.03361      0.00000      
296800  0.11007    0.02001    0.03828    0.00053      0.05125      0.00000      0.00040      0.03362      0.00000      
296900  0.10962    0.02000    0.03829    0.00046      0.05087      0.00000      0.00046      0.03362      0.00000      
297000  0.11402    0.02001    0.03829    0.00048      0.05524      0.00000      0.00045      0.03362      0.00000      
297100  0.13068    0.02000    0.03829    0.00040      0.07198      0.00000      0.00042      0.03362      0.00000      
297200  0.10965    0.02001    0.03829    0.00037      0.05098      0.00000      0.00037      0.03366      0.00000      
297300  0.10900    0.02001    0.03829    0.00044      0.05026      0.00000      0.00047      0.03360      0.00000      
297400  0.10995    0.02002    0.03829    0.00050      0.05113      0.00000      0.00047      0.03364      0.00000      
297500  0.10887    0.02002    0.03829    0.00049      0.05007      0.00000      0.00052      0.03364      0.00000      
297600  0.11161    0.02001    0.03829    0.00039      0.05292      0.00000      0.00052      0.03366      0.00000      
297700  0.11408    0.02001    0.03829    0.00036      0.05542      0.00000      0.00036      0.03370      0.00000      
297800  0.10827    0.02000    0.03828    0.00049      0.04950      0.00000      0.00059      0.03365      0.00000      
297900  0.11096    0.02000    0.03828    0.00035      0.05233      0.00000      0.00047      0.03364      0.00000      
298000  0.10633    0.02000    0.03828    0.00045      0.04760      0.00000      0.00045      0.03360      0.00000      
298100  0.10846    0.01999    0.03828    0.00040      0.04978      0.00000      0.00046      0.03365      0.00000      
298200  0.11158    0.02000    0.03828    0.00039      0.05292      0.00000      0.00054      0.03364      0.00000      
298300  0.11099    0.02000    0.03828    0.00032      0.05239      0.00000      0.00054      0.03365      0.00000      
298400  0.11117    0.01999    0.03828    0.00044      0.05246      0.00000      0.00040      0.03363      0.00000      
298500  0.11017    0.02002    0.03827    0.00041      0.05147      0.00000      0.00042      0.03362      0.00000      
298600  0.10900    0.02000    0.03827    0.00043      0.05031      0.00000      0.00046      0.03367      0.00000      
298700  0.10978    0.02002    0.03827    0.00031      0.05118      0.00000      0.00044      0.03365      0.00000      
298800  0.10995    0.02002    0.03827    0.00033      0.05132      0.00000      0.00037      0.03360      0.00000      
298900  0.11059    0.02002    0.03827    0.00039      0.05191      0.00000      0.00044      0.03359      0.00000      
299000  0.10842    0.02002    0.03827    0.00046      0.04967      0.00000      0.00044      0.03357      0.00000      
299100  0.10984    0.02002    0.03827    0.00049      0.05106      0.00000      0.00044      0.03355      0.00000      
299200  0.11126    0.02002    0.03828    0.00058      0.05238      0.00000      0.00040      0.03359      0.00000      
299300  0.10901    0.02003    0.03828    0.00038      0.05032      0.00000      0.00052      0.03358      0.00000      
299400  0.11723    0.02001    0.03828    0.00048      0.05845      0.00000      0.00038      0.03369      0.00000      
299500  0.10964    0.02000    0.03828    0.00044      0.05091      0.00000      0.00044      0.03364      0.00000      
299600  0.10947    0.02001    0.03828    0.00040      0.05078      0.00000      0.00046      0.03362      0.00000      
299700  0.11225    0.02002    0.03828    0.00054      0.05341      0.00000      0.00050      0.03359      0.00000      
299800  0.11300    0.02001    0.03828    0.00058      0.05413      0.00000      0.00056      0.03359      0.00000      
299900  0.11501    0.02000    0.03827    0.00057      0.05616      0.00000      0.00059      0.03357      0.00000      
300000  0.10886    0.02000    0.03828    0.00043      0.05015      0.00000      0.00048      0.03355      0.00000      
300100  0.10877    0.01999    0.03827    0.00046      0.05005      0.00000      0.00046      0.03359      0.00000      
300200  0.11200    0.01998    0.03827    0.00037      0.05338      0.00000      0.00051      0.03363      0.00000      
300300  0.11081    0.02000    0.03827    0.00043      0.05211      0.00000      0.00046      0.03365      0.00000      
300400  0.11157    0.01999    0.03827    0.00047      0.05283      0.00000      0.00043      0.03363      0.00000      
300500  0.11036    0.01998    0.03827    0.00041      0.05170      0.00000      0.00048      0.03363      0.00000      
300600  0.10839    0.01998    0.03827    0.00040      0.04974      0.00000      0.00052      0.03359      0.00000      
300700  0.10965    0.02000    0.03828    0.00036      0.05101      0.00000      0.00049      0.03360      0.00000      
300800  0.11212    0.02000    0.03828    0.00052      0.05333      0.00000      0.00059      0.03361      0.00000      
300900  0.11077    0.02000    0.03828    0.00053      0.05196      0.00000      0.00037      0.03361      0.00000      
301000  0.11167    0.01998    0.03827    0.00038      0.05305      0.00000      0.00043      0.03364      0.00000      
301100  0.10902    0.01999    0.03828    0.00036      0.05040      0.00000      0.00048      0.03362      0.00000      
301200  0.11026    0.01998    0.03827    0.00038      0.05163      0.00000      0.00059      0.03357      0.00000      
301300  0.10802    0.02001    0.03828    0.00039      0.04934      0.00000      0.00052      0.03356      0.00000      
301400  0.10850    0.01999    0.03828    0.00030      0.04993      0.00000      0.00042      0.03356      0.00000      
301500  0.11286    0.01998    0.03827    0.00048      0.05413      0.00000      0.00046      0.03356      0.00000      
301600  0.10878    0.01999    0.03828    0.00046      0.05005      0.00000      0.00045      0.03357      0.00000      
301700  0.11086    0.01999    0.03827    0.00047      0.05213      0.00000      0.00049      0.03368      0.00000      
301800  0.11242    0.02000    0.03828    0.00052      0.05362      0.00000      0.00043      0.03363      0.00000      
301900  0.10838    0.01999    0.03827    0.00047      0.04965      0.00000      0.00068      0.03358      0.00000      
302000  0.10966    0.01999    0.03827    0.00044      0.05096      0.00000      0.00036      0.03356      0.00000      
302100  0.10804    0.02001    0.03827    0.00042      0.04934      0.00000      0.00047      0.03354      0.00000      
302200  0.10850    0.01999    0.03826    0.00040      0.04984      0.00000      0.00051      0.03361      0.00000      
302300  0.10990    0.01998    0.03827    0.00037      0.05129      0.00000      0.00048      0.03359      0.00000      
302400  0.11204    0.01998    0.03827    0.00043      0.05336      0.00000      0.00045      0.03360      0.00000      
302500  0.11005    0.01997    0.03827    0.00056      0.05125      0.00000      0.00043      0.03358      0.00000      
302600  0.10919    0.01998    0.03826    0.00035      0.05060      0.00000      0.00044      0.03358      0.00000      
302700  0.10972    0.01996    0.03826    0.00036      0.05113      0.00000      0.00050      0.03367      0.00000      
302800  0.10843    0.01997    0.03827    0.00035      0.04985      0.00000      0.00048      0.03364      0.00000      
302900  0.11433    0.01997    0.03827    0.00037      0.05573      0.00000      0.00041      0.03362      0.00000      
303000  0.11058    0.01996    0.03827    0.00050      0.05185      0.00000      0.00036      0.03363      0.00000      
303100  0.11119    0.01996    0.03827    0.00046      0.05251      0.00000      0.00039      0.03361      0.00000      
303200  0.11417    0.01996    0.03826    0.00050      0.05545      0.00000      0.00050      0.03361      0.00000      
303300  0.11167    0.01996    0.03826    0.00048      0.05296      0.00000      0.00054      0.03360      0.00000      
303400  0.10996    0.01996    0.03826    0.00046      0.05127      0.00000      0.00042      0.03363      0.00000      
303500  0.10844    0.01997    0.03826    0.00049      0.04972      0.00000      0.00051      0.03360      0.00000      
303600  0.11146    0.01997    0.03826    0.00037      0.05285      0.00000      0.00055      0.03365      0.00000      
303700  0.10715    0.01998    0.03826    0.00048      0.04844      0.00000      0.00044      0.03362      0.00000      
303800  0.10931    0.01997    0.03826    0.00057      0.05051      0.00000      0.00048      0.03368      0.00000      
303900  0.11129    0.01995    0.03825    0.00040      0.05269      0.00000      0.00054      0.03363      0.00000      
304000  0.11016    0.01997    0.03825    0.00044      0.05150      0.00000      0.00044      0.03361      0.00000      
304100  0.10772    0.01996    0.03826    0.00034      0.04916      0.00000      0.00037      0.03359      0.00000      
304200  0.11100    0.01996    0.03826    0.00053      0.05225      0.00000      0.00044      0.03363      0.00000      
304300  0.11081    0.01996    0.03826    0.00036      0.05223      0.00000      0.00049      0.03356      0.00000      
304400  0.11175    0.01998    0.03825    0.00047      0.05305      0.00000      0.00045      0.03357      0.00000      
304500  0.10905    0.01996    0.03826    0.00037      0.05047      0.00000      0.00038      0.03360      0.00000      
304600  0.10901    0.01995    0.03825    0.00038      0.05042      0.00000      0.00060      0.03364      0.00000      
304700  0.10966    0.01995    0.03825    0.00050      0.05095      0.00000      0.00053      0.03363      0.00000      
304800  0.10953    0.01997    0.03825    0.00051      0.05080      0.00000      0.00052      0.03370      0.00000      
304900  0.10981    0.01996    0.03825    0.00044      0.05116      0.00000      0.00043      0.03368      0.00000      
305000  0.10880    0.01997    0.03826    0.00036      0.05022      0.00000      0.00053      0.03364      0.00000      
305100  0.11188    0.01997    0.03826    0.00045      0.05320      0.00000      0.00053      0.03363      0.00000      
305200  0.11172    0.01996    0.03826    0.00049      0.05300      0.00000      0.00052      0.03361      0.00000      
305300  0.10707    0.01996    0.03826    0.00053      0.04833      0.00000      0.00042      0.03364      0.00000      
305400  0.10996    0.01995    0.03826    0.00037      0.05138      0.00000      0.00042      0.03359      0.00000      
305500  0.10884    0.01995    0.03825    0.00049      0.05014      0.00000      0.00040      0.03361      0.00000      
305600  0.10953    0.01994    0.03825    0.00040      0.05093      0.00000      0.00060      0.03361      0.00000      
305700  0.10913    0.01998    0.03826    0.00041      0.05049      0.00000      0.00048      0.03365      0.00000      
305800  0.10898    0.01999    0.03826    0.00050      0.05023      0.00000      0.00054      0.03360      0.00000      
305900  0.10916    0.01999    0.03825    0.00041      0.05051      0.00000      0.00056      0.03370      0.00000      
306000  0.11130    0.01998    0.03825    0.00043      0.05263      0.00000      0.00043      0.03365      0.00000      
306100  0.11316    0.01999    0.03825    0.00037      0.05455      0.00000      0.00047      0.03362      0.00000      
306200  0.10787    0.01998    0.03825    0.00039      0.04925      0.00000      0.00037      0.03365      0.00000      
306300  0.11394    0.01998    0.03825    0.00048      0.05522      0.00000      0.00051      0.03361      0.00000      
306400  0.11005    0.01997    0.03825    0.00041      0.05142      0.00000      0.00043      0.03357      0.00000      
306500  0.10878    0.01998    0.03825    0.00044      0.05011      0.00000      0.00043      0.03361      0.00000      
306600  0.10845    0.01998    0.03825    0.00041      0.04981      0.00000      0.00037      0.03367      0.00000      
306700  0.10961    0.01998    0.03825    0.00045      0.05092      0.00000      0.00045      0.03354      0.00000      
306800  0.10784    0.01999    0.03825    0.00046      0.04915      0.00000      0.00043      0.03354      0.00000      
306900  0.10948    0.01998    0.03825    0.00041      0.05084      0.00000      0.00055      0.03358      0.00000      
307000  0.10768    0.01998    0.03825    0.00038      0.04907      0.00000      0.00052      0.03356      0.00000      
307100  0.10999    0.01999    0.03825    0.00051      0.05123      0.00000      0.00043      0.03351      0.00000      
307200  0.10937    0.02000    0.03825    0.00045      0.05067      0.00000      0.00046      0.03351      0.00000      
307300  0.11393    0.02000    0.03826    0.00048      0.05520      0.00000      0.00050      0.03355      0.00000      
307400  0.13194    0.02001    0.03826    0.00042      0.07326      0.00000      0.00046      0.03356      0.00000      
307500  0.10947    0.01999    0.03826    0.00040      0.05083      0.00000      0.00037      0.03359      0.00000      
307600  0.10887    0.01997    0.03825    0.00043      0.05021      0.00000      0.00048      0.03361      0.00000      
307700  0.10988    0.01998    0.03825    0.00048      0.05116      0.00000      0.00049      0.03357      0.00000      
307800  0.10875    0.01999    0.03826    0.00049      0.05001      0.00000      0.00056      0.03358      0.00000      
307900  0.11159    0.01997    0.03825    0.00039      0.05298      0.00000      0.00055      0.03359      0.00000      
308000  0.11421    0.01997    0.03825    0.00039      0.05560      0.00000      0.00039      0.03361      0.00000      
308100  0.10811    0.01995    0.03824    0.00049      0.04942      0.00000      0.00054      0.03362      0.00000      
308200  0.11098    0.01995    0.03824    0.00035      0.05244      0.00000      0.00048      0.03362      0.00000      
308300  0.10625    0.01996    0.03825    0.00044      0.04760      0.00000      0.00041      0.03362      0.00000      
308400  0.10837    0.01996    0.03825    0.00037      0.04979      0.00000      0.00053      0.03360      0.00000      
308500  0.11146    0.01996    0.03824    0.00039      0.05286      0.00000      0.00060      0.03370      0.00000      
308600  0.11089    0.01997    0.03825    0.00032      0.05236      0.00000      0.00062      0.03360      0.00000      
308700  0.11101    0.01995    0.03824    0.00040      0.05241      0.00000      0.00042      0.03362      0.00000      
308800  0.11008    0.01995    0.03824    0.00040      0.05150      0.00000      0.00045      0.03358      0.00000      
308900  0.10886    0.01996    0.03824    0.00042      0.05024      0.00000      0.00052      0.03360      0.00000      
309000  0.10963    0.01996    0.03823    0.00031      0.05114      0.00000      0.00050      0.03354      0.00000      
309100  0.10974    0.01995    0.03824    0.00030      0.05126      0.00000      0.00043      0.03364      0.00000      
309200  0.11045    0.01996    0.03824    0.00038      0.05186      0.00000      0.00048      0.03357      0.00000      
309300  0.10830    0.01998    0.03824    0.00048      0.04960      0.00000      0.00042      0.03358      0.00000      
309400  0.10962    0.01997    0.03824    0.00053      0.05087      0.00000      0.00045      0.03364      0.00000      
309500  0.11139    0.01997    0.03825    0.00061      0.05256      0.00000      0.00044      0.03353      0.00000      
309600  0.10883    0.01998    0.03825    0.00037      0.05022      0.00000      0.00045      0.03356      0.00000      
309700  0.11675    0.01998    0.03825    0.00046      0.05806      0.00000      0.00040      0.03354      0.00000      
309800  0.10949    0.01997    0.03825    0.00048      0.05080      0.00000      0.00044      0.03360      0.00000      
309900  0.10937    0.01997    0.03825    0.00040      0.05076      0.00000      0.00043      0.03361      0.00000      
310000  0.11207    0.01997    0.03825    0.00054      0.05331      0.00000      0.00048      0.03362      0.00000      
310100  0.11281    0.01996    0.03824    0.00056      0.05404      0.00000      0.00053      0.03358      0.00000      
310200  0.11500    0.01996    0.03824    0.00060      0.05620      0.00000      0.00054      0.03354      0.00000      
310300  0.10860    0.01996    0.03825    0.00041      0.04999      0.00000      0.00048      0.03360      0.00000      
310400  0.10859    0.01995    0.03825    0.00043      0.04996      0.00000      0.00044      0.03358      0.00000      
310500  0.11123    0.01996    0.03825    0.00035      0.05267      0.00000      0.00052      0.03360      0.00000      
310600  0.11069    0.01998    0.03825    0.00038      0.05208      0.00000      0.00043      0.03360      0.00000      
310700  0.11105    0.01997    0.03825    0.00047      0.05235      0.00000      0.00041      0.03360      0.00000      
310800  0.11029    0.01997    0.03825    0.00042      0.05166      0.00000      0.00051      0.03357      0.00000      
310900  0.10818    0.01998    0.03825    0.00042      0.04954      0.00000      0.00053      0.03354      0.00000      
311000  0.10938    0.01997    0.03825    0.00036      0.05081      0.00000      0.00058      0.03358      0.00000      
311100  0.11193    0.01996    0.03824    0.00054      0.05319      0.00000      0.00054      0.03355      0.00000      
311200  0.11071    0.01997    0.03824    0.00053      0.05198      0.00000      0.00035      0.03363      0.00000      
311300  0.11155    0.01997    0.03824    0.00037      0.05297      0.00000      0.00044      0.03357      0.00000      
311400  0.10885    0.01996    0.03825    0.00036      0.05028      0.00000      0.00049      0.03352      0.00000      
311500  0.11019    0.01997    0.03824    0.00032      0.05165      0.00000      0.00070      0.03355      0.00000      
311600  0.10787    0.01997    0.03824    0.00039      0.04927      0.00000      0.00052      0.03354      0.00000      
311700  0.10828    0.01997    0.03825    0.00030      0.04975      0.00000      0.00040      0.03352      0.00000      
311800  0.11292    0.01996    0.03825    0.00050      0.05421      0.00000      0.00043      0.03359      0.00000      
311900  0.10864    0.01996    0.03825    0.00050      0.04993      0.00000      0.00050      0.03359      0.00000      
312000  0.11062    0.01995    0.03824    0.00047      0.05196      0.00000      0.00053      0.03352      0.00000      
312100  0.11231    0.01995    0.03824    0.00055      0.05356      0.00000      0.00045      0.03353      0.00000      
312200  0.10823    0.01995    0.03824    0.00047      0.04957      0.00000      0.00066      0.03354      0.00000      
312300  0.10960    0.01996    0.03825    0.00044      0.05096      0.00000      0.00037      0.03356      0.00000      
312400  0.10794    0.01995    0.03824    0.00043      0.04932      0.00000      0.00045      0.03355      0.00000      
312500  0.10839    0.01993    0.03823    0.00041      0.04982      0.00000      0.00053      0.03362      0.00000      
312600  0.10992    0.01993    0.03823    0.00038      0.05138      0.00000      0.00049      0.03364      0.00000      
312700  0.11198    0.01992    0.03823    0.00044      0.05339      0.00000      0.00046      0.03375      0.00000      
312800  0.10979    0.01992    0.03823    0.00054      0.05111      0.00000      0.00044      0.03364      0.00000      
312900  0.10906    0.01992    0.03823    0.00036      0.05055      0.00000      0.00040      0.03364      0.00000      
313000  0.10960    0.01991    0.03823    0.00036      0.05109      0.00000      0.00051      0.03365      0.00000      
313100  0.10834    0.01991    0.03824    0.00036      0.04983      0.00000      0.00050      0.03355      0.00000      
313200  0.11426    0.01991    0.03824    0.00039      0.05572      0.00000      0.00044      0.03360      0.00000      
313300  0.11024    0.01992    0.03823    0.00050      0.05159      0.00000      0.00038      0.03365      0.00000      
313400  0.11098    0.01992    0.03824    0.00046      0.05236      0.00000      0.00039      0.03360      0.00000      
313500  0.11341    0.01991    0.03823    0.00052      0.05475      0.00000      0.00048      0.03362      0.00000      
313600  0.11157    0.01990    0.03823    0.00050      0.05294      0.00000      0.00057      0.03356      0.00000      
313700  0.10985    0.01990    0.03823    0.00047      0.05125      0.00000      0.00040      0.03359      0.00000      
313800  0.10824    0.01990    0.03823    0.00046      0.04965      0.00000      0.00054      0.03360      0.00000      
313900  0.11113    0.01990    0.03823    0.00038      0.05263      0.00000      0.00053      0.03357      0.00000      
314000  0.10689    0.01989    0.03822    0.00047      0.04831      0.00000      0.00047      0.03358      0.00000      
314100  0.10906    0.01988    0.03822    0.00057      0.05039      0.00000      0.00046      0.03364      0.00000      
314200  0.11114    0.01989    0.03822    0.00046      0.05257      0.00000      0.00047      0.03365      0.00000      
314300  0.11004    0.01989    0.03823    0.00046      0.05146      0.00000      0.00048      0.03363      0.00000      
314400  0.10764    0.01990    0.03823    0.00036      0.04915      0.00000      0.00036      0.03355      0.00000      
314500  0.11093    0.01991    0.03823    0.00054      0.05225      0.00000      0.00041      0.03355      0.00000      
314600  0.11064    0.01991    0.03822    0.00035      0.05215      0.00000      0.00050      0.03357      0.00000      
314700  0.11154    0.01990    0.03822    0.00046      0.05296      0.00000      0.00047      0.03357      0.00000      
314800  0.10886    0.01991    0.03822    0.00039      0.05035      0.00000      0.00038      0.03356      0.00000      
314900  0.10884    0.01988    0.03822    0.00039      0.05035      0.00000      0.00061      0.03358      0.00000      
315000  0.10952    0.01989    0.03822    0.00052      0.05089      0.00000      0.00058      0.03363      0.00000      
315100  0.10926    0.01990    0.03821    0.00052      0.05062      0.00000      0.00051      0.03363      0.00000      
315200  0.10972    0.01989    0.03822    0.00044      0.05117      0.00000      0.00044      0.03361      0.00000      
315300  0.10868    0.01989    0.03821    0.00041      0.05018      0.00000      0.00047      0.03363      0.00000      
315400  0.11205    0.01988    0.03822    0.00049      0.05346      0.00000      0.00059      0.03371      0.00000      
315500  0.11138    0.01990    0.03822    0.00049      0.05278      0.00000      0.00052      0.03362      0.00000      
315600  0.10694    0.01989    0.03821    0.00052      0.04832      0.00000      0.00040      0.03360      0.00000      
315700  0.10973    0.01990    0.03821    0.00036      0.05126      0.00000      0.00047      0.03360      0.00000      
315800  0.10878    0.01990    0.03821    0.00051      0.05016      0.00000      0.00045      0.03366      0.00000      
315900  0.10940    0.01988    0.03821    0.00042      0.05088      0.00000      0.00059      0.03363      0.00000      
316000  0.10895    0.01989    0.03821    0.00039      0.05045      0.00000      0.00044      0.03367      0.00000      
316100  0.10886    0.01990    0.03822    0.00050      0.05024      0.00000      0.00046      0.03366      0.00000      
316200  0.10896    0.01989    0.03821    0.00042      0.05044      0.00000      0.00053      0.03367      0.00000      
316300  0.11106    0.01989    0.03821    0.00043      0.05253      0.00000      0.00039      0.03365      0.00000      
316400  0.11294    0.01988    0.03821    0.00040      0.05445      0.00000      0.00048      0.03368      0.00000      
316500  0.10757    0.01989    0.03821    0.00039      0.04908      0.00000      0.00040      0.03365      0.00000      
316600  0.11366    0.01989    0.03821    0.00048      0.05508      0.00000      0.00055      0.03368      0.00000      
316700  0.10981    0.01989    0.03821    0.00042      0.05129      0.00000      0.00045      0.03369      0.00000      
316800  0.10860    0.01990    0.03821    0.00046      0.05003      0.00000      0.00043      0.03370      0.00000      
316900  0.10813    0.01989    0.03821    0.00040      0.04963      0.00000      0.00034      0.03366      0.00000      
317000  0.10924    0.01987    0.03821    0.00048      0.05068      0.00000      0.00046      0.03359      0.00000      
317100  0.10766    0.01986    0.03821    0.00048      0.04912      0.00000      0.00039      0.03366      0.00000      
317200  0.10909    0.01987    0.03820    0.00037      0.05064      0.00000      0.00051      0.03362      0.00000      
317300  0.10754    0.01988    0.03821    0.00038      0.04907      0.00000      0.00052      0.03365      0.00000      
317400  0.10963    0.01987    0.03820    0.00055      0.05100      0.00000      0.00044      0.03368      0.00000      
317500  0.10922    0.01987    0.03821    0.00046      0.05068      0.00000      0.00045      0.03368      0.00000      
317600  0.11364    0.01987    0.03821    0.00047      0.05510      0.00000      0.00045      0.03365      0.00000      
317700  0.12929    0.01987    0.03821    0.00043      0.07078      0.00000      0.00046      0.03373      0.00000      
317800  0.10922    0.01987    0.03821    0.00042      0.05073      0.00000      0.00041      0.03363      0.00000      
317900  0.10867    0.01987    0.03821    0.00045      0.05014      0.00000      0.00051      0.03360      0.00000      
318000  0.10956    0.01986    0.03821    0.00049      0.05100      0.00000      0.00050      0.03360      0.00000      
318100  0.10841    0.01987    0.03821    0.00047      0.04985      0.00000      0.00054      0.03359      0.00000      
318200  0.11136    0.01987    0.03821    0.00039      0.05289      0.00000      0.00050      0.03370      0.00000      
318300  0.11391    0.01988    0.03822    0.00040      0.05542      0.00000      0.00038      0.03361      0.00000      
318400  0.10793    0.01988    0.03821    0.00048      0.04937      0.00000      0.00059      0.03371      0.00000      
318500  0.11084    0.01987    0.03821    0.00036      0.05240      0.00000      0.00045      0.03364      0.00000      
318600  0.10613    0.01988    0.03822    0.00046      0.04757      0.00000      0.00044      0.03367      0.00000      
318700  0.10801    0.01987    0.03821    0.00039      0.04953      0.00000      0.00051      0.03367      0.00000      
318800  0.11135    0.01987    0.03821    0.00039      0.05288      0.00000      0.00052      0.03362      0.00000      
318900  0.11066    0.01985    0.03821    0.00031      0.05228      0.00000      0.00058      0.03361      0.00000      
319000  0.11096    0.01986    0.03820    0.00049      0.05241      0.00000      0.00039      0.03363      0.00000      
319100  0.10994    0.01987    0.03820    0.00045      0.05141      0.00000      0.00047      0.03356      0.00000      
319200  0.10863    0.01987    0.03820    0.00043      0.05014      0.00000      0.00055      0.03358      0.00000      
319300  0.10952    0.01986    0.03820    0.00028      0.05118      0.00000      0.00043      0.03370      0.00000      
319400  0.10963    0.01986    0.03820    0.00030      0.05127      0.00000      0.00038      0.03364      0.00000      
319500  0.11015    0.01985    0.03820    0.00036      0.05175      0.00000      0.00045      0.03361      0.00000      
319600  0.10809    0.01985    0.03820    0.00045      0.04959      0.00000      0.00042      0.03361      0.00000      
319700  0.10935    0.01985    0.03820    0.00050      0.05079      0.00000      0.00037      0.03365      0.00000      
319800  0.11100    0.01985    0.03820    0.00061      0.05234      0.00000      0.00043      0.03370      0.00000      
319900  0.10864    0.01986    0.03820    0.00036      0.05022      0.00000      0.00048      0.03361      0.00000      
320000  0.11609    0.01987    0.03821    0.00046      0.05755      0.00000      0.00040      0.03362      0.00000      
320100  0.10937    0.01988    0.03820    0.00049      0.05079      0.00000      0.00045      0.03359      0.00000      
320200  0.10917    0.01988    0.03820    0.00040      0.05069      0.00000      0.00043      0.03366      0.00000      
320300  0.11190    0.01987    0.03820    0.00054      0.05330      0.00000      0.00051      0.03365      0.00000      
320400  0.11268    0.01988    0.03820    0.00059      0.05401      0.00000      0.00051      0.03367      0.00000      
320500  0.11482    0.01988    0.03820    0.00062      0.05612      0.00000      0.00054      0.03366      0.00000      
320600  0.10852    0.01987    0.03820    0.00045      0.05000      0.00000      0.00048      0.03363      0.00000      
320700  0.10845    0.01987    0.03820    0.00043      0.04996      0.00000      0.00041      0.03364      0.00000      
320800  0.11147    0.01986    0.03820    0.00037      0.05304      0.00000      0.00048      0.03363      0.00000      
320900  0.11047    0.01985    0.03819    0.00036      0.05206      0.00000      0.00043      0.03364      0.00000      
321000  0.11120    0.01986    0.03820    0.00047      0.05268      0.00000      0.00043      0.03361      0.00000      
321100  0.11016    0.01987    0.03820    0.00039      0.05170      0.00000      0.00050      0.03361      0.00000      
321200  0.10809    0.01985    0.03819    0.00039      0.04965      0.00000      0.00050      0.03362      0.00000      
321300  0.10910    0.01985    0.03819    0.00035      0.05070      0.00000      0.00054      0.03367      0.00000      
321400  0.11170    0.01986    0.03819    0.00052      0.05313      0.00000      0.00054      0.03360      0.00000      
321500  0.11045    0.01985    0.03818    0.00053      0.05189      0.00000      0.00034      0.03361      0.00000      
321600  0.11128    0.01985    0.03818    0.00038      0.05287      0.00000      0.00043      0.03361      0.00000      
321700  0.10863    0.01985    0.03819    0.00036      0.05024      0.00000      0.00051      0.03355      0.00000      
321800  0.10985    0.01984    0.03818    0.00034      0.05150      0.00000      0.00063      0.03359      0.00000      
321900  0.10764    0.01985    0.03818    0.00036      0.04925      0.00000      0.00062      0.03355      0.00000      
322000  0.10796    0.01985    0.03819    0.00029      0.04963      0.00000      0.00043      0.03358      0.00000      
322100  0.11269    0.01984    0.03818    0.00051      0.05415      0.00000      0.00041      0.03355      0.00000      
322200  0.10840    0.01984    0.03818    0.00050      0.04988      0.00000      0.00049      0.03361      0.00000      
322300  0.11055    0.01984    0.03819    0.00048      0.05205      0.00000      0.00048      0.03360      0.00000      
322400  0.11206    0.01984    0.03818    0.00053      0.05351      0.00000      0.00039      0.03356      0.00000      
322500  0.10802    0.01983    0.03818    0.00048      0.04952      0.00000      0.00066      0.03355      0.00000      
322600  0.10933    0.01984    0.03818    0.00045      0.05086      0.00000      0.00035      0.03365      0.00000      
322700  0.10771    0.01985    0.03818    0.00043      0.04926      0.00000      0.00045      0.03356      0.00000      
322800  0.10815    0.01985    0.03818    0.00042      0.04971      0.00000      0.00051      0.03355      0.00000      
322900  0.10968    0.01984    0.03818    0.00040      0.05126      0.00000      0.00047      0.03362      0.00000      
323000  0.11155    0.01984    0.03819    0.00042      0.05311      0.00000      0.00043      0.03356      0.00000      
323100  0.10960    0.01983    0.03818    0.00054      0.05106      0.00000      0.00038      0.03360      0.00000      
323200  0.10886    0.01982    0.03817    0.00034      0.05053      0.00000      0.00039      0.03363      0.00000      
323300  0.10944    0.01980    0.03817    0.00037      0.05110      0.00000      0.00054      0.03361      0.00000      
323400  0.10824    0.01982    0.03818    0.00034      0.04991      0.00000      0.00047      0.03358      0.00000      
323500  0.11404    0.01983    0.03817    0.00039      0.05566      0.00000      0.00046      0.03350      0.00000      
323600  0.11010    0.01982    0.03818    0.00047      0.05163      0.00000      0.00035      0.03358      0.00000      
323700  0.11089    0.01981    0.03817    0.00042      0.05249      0.00000      0.00044      0.03360      0.00000      
323800  0.11341    0.01980    0.03817    0.00054      0.05490      0.00000      0.00042      0.03360      0.00000      
323900  0.11108    0.01981    0.03817    0.00050      0.05259      0.00000      0.00058      0.03357      0.00000      
324000  0.10963    0.01980    0.03817    0.00047      0.05118      0.00000      0.00039      0.03359      0.00000      
324100  0.10808    0.01981    0.03817    0.00043      0.04966      0.00000      0.00049      0.03355      0.00000      
324200  0.11098    0.01981    0.03817    0.00042      0.05258      0.00000      0.00050      0.03355      0.00000      
324300  0.10674    0.01981    0.03816    0.00046      0.04831      0.00000      0.00047      0.03358      0.00000      
324400  0.10903    0.01981    0.03817    0.00055      0.05051      0.00000      0.00046      0.03356      0.00000      
324500  0.11096    0.01982    0.03816    0.00039      0.05259      0.00000      0.00053      0.03363      0.00000      
324600  0.10976    0.01982    0.03816    0.00043      0.05135      0.00000      0.00047      0.03355      0.00000      
324700  0.10753    0.01981    0.03816    0.00035      0.04921      0.00000      0.00035      0.03363      0.00000      
324800  0.11064    0.01982    0.03816    0.00054      0.05212      0.00000      0.00042      0.03361      0.00000      
324900  0.11046    0.01981    0.03816    0.00035      0.05214      0.00000      0.00049      0.03362      0.00000      
325000  0.11135    0.01980    0.03816    0.00046      0.05294      0.00000      0.00047      0.03361      0.00000      
325100  0.10865    0.01980    0.03815    0.00038      0.05032      0.00000      0.00039      0.03368      0.00000      
325200  0.10869    0.01982    0.03816    0.00039      0.05034      0.00000      0.00059      0.03369      0.00000      
325300  0.10936    0.01981    0.03815    0.00056      0.05085      0.00000      0.00052      0.03368      0.00000      
325400  0.10914    0.01980    0.03815    0.00053      0.05066      0.00000      0.00052      0.03368      0.00000      
325500  0.10956    0.01981    0.03815    0.00045      0.05115      0.00000      0.00046      0.03365      0.00000      
325600  0.10850    0.01981    0.03816    0.00038      0.05016      0.00000      0.00048      0.03371      0.00000      
325700  0.11167    0.01980    0.03816    0.00046      0.05326      0.00000      0.00056      0.03368      0.00000      
325800  0.11116    0.01979    0.03815    0.00050      0.05272      0.00000      0.00054      0.03363      0.00000      
325900  0.10659    0.01978    0.03815    0.00049      0.04816      0.00000      0.00046      0.03363      0.00000      
326000  0.10960    0.01979    0.03815    0.00035      0.05131      0.00000      0.00049      0.03363      0.00000      
326100  0.10862    0.01979    0.03815    0.00052      0.05017      0.00000      0.00045      0.03366      0.00000      
326200  0.10920    0.01979    0.03814    0.00040      0.05086      0.00000      0.00058      0.03362      0.00000      
326300  0.10882    0.01979    0.03815    0.00039      0.05048      0.00000      0.00047      0.03363      0.00000      
326400  0.10863    0.01979    0.03815    0.00050      0.05019      0.00000      0.00052      0.03364      0.00000      
326500  0.10875    0.01980    0.03815    0.00048      0.05033      0.00000      0.00054      0.03371      0.00000      
326600  0.11084    0.01981    0.03815    0.00045      0.05244      0.00000      0.00045      0.03363      0.00000      
326700  0.11273    0.01979    0.03814    0.00045      0.05435      0.00000      0.00049      0.03365      0.00000      
326800  0.10743    0.01979    0.03814    0.00039      0.04911      0.00000      0.00039      0.03366      0.00000      
326900  0.11344    0.01979    0.03814    0.00049      0.05502      0.00000      0.00060      0.03365      0.00000      
327000  0.10967    0.01979    0.03815    0.00040      0.05134      0.00000      0.00044      0.03367      0.00000      
327100  0.10839    0.01981    0.03815    0.00045      0.04999      0.00000      0.00043      0.03365      0.00000      
327200  0.10800    0.01980    0.03815    0.00039      0.04966      0.00000      0.00036      0.03365      0.00000      
327300  0.10905    0.01980    0.03814    0.00049      0.05061      0.00000      0.00044      0.03365      0.00000      
327400  0.10740    0.01980    0.03814    0.00048      0.04897      0.00000      0.00041      0.03366      0.00000      
327500  0.10900    0.01981    0.03814    0.00040      0.05064      0.00000      0.00049      0.03371      0.00000      
327600  0.10742    0.01981    0.03814    0.00039      0.04907      0.00000      0.00051      0.03367      0.00000      
327700  0.10963    0.01982    0.03814    0.00057      0.05110      0.00000      0.00039      0.03368      0.00000      
327800  0.10918    0.01982    0.03815    0.00047      0.05074      0.00000      0.00046      0.03370      0.00000      
327900  0.11349    0.01983    0.03815    0.00048      0.05504      0.00000      0.00043      0.03364      0.00000      
328000  0.12929    0.01983    0.03816    0.00042      0.07088      0.00000      0.00045      0.03367      0.00000      
328100  0.10908    0.01981    0.03815    0.00038      0.05074      0.00000      0.00042      0.03370      0.00000      
328200  0.10849    0.01982    0.03815    0.00046      0.05007      0.00000      0.00045      0.03367      0.00000      
328300  0.10940    0.01982    0.03815    0.00050      0.05094      0.00000      0.00045      0.03369      0.00000      
328400  0.10825    0.01982    0.03815    0.00052      0.04976      0.00000      0.00052      0.03368      0.00000      
328500  0.11123    0.01984    0.03815    0.00038      0.05286      0.00000      0.00055      0.03369      0.00000      
328600  0.11411    0.01984    0.03815    0.00042      0.05570      0.00000      0.00035      0.03366      0.00000      
328700  0.10773    0.01985    0.03815    0.00049      0.04924      0.00000      0.00052      0.03360      0.00000      
328800  0.11072    0.01984    0.03814    0.00037      0.05238      0.00000      0.00047      0.03361      0.00000      
328900  0.10606    0.01985    0.03815    0.00044      0.04762      0.00000      0.00041      0.03364      0.00000      
329000  0.10799    0.01984    0.03815    0.00042      0.04959      0.00000      0.00043      0.03360      0.00000      
329100  0.11110    0.01984    0.03814    0.00039      0.05273      0.00000      0.00055      0.03360      0.00000      
329200  0.11056    0.01984    0.03815    0.00031      0.05226      0.00000      0.00057      0.03358      0.00000      
329300  0.11082    0.01985    0.03814    0.00044      0.05239      0.00000      0.00041      0.03359      0.00000      
329400  0.10981    0.01985    0.03814    0.00039      0.05143      0.00000      0.00052      0.03356      0.00000      
329500  0.10845    0.01986    0.03814    0.00041      0.05004      0.00000      0.00056      0.03358      0.00000      
329600  0.10925    0.01986    0.03814    0.00033      0.05093      0.00000      0.00044      0.03359      0.00000      
329700  0.10953    0.01986    0.03814    0.00029      0.05125      0.00000      0.00038      0.03359      0.00000      
329800  0.11009    0.01987    0.03815    0.00037      0.05170      0.00000      0.00043      0.03360      0.00000      
329900  0.10800    0.01987    0.03814    0.00044      0.04955      0.00000      0.00038      0.03356      0.00000      
330000  0.10932    0.01987    0.03815    0.00049      0.05082      0.00000      0.00040      0.03356      0.00000      
330100  0.11098    0.01987    0.03815    0.00058      0.05238      0.00000      0.00040      0.03367      0.00000      
330200  0.10861    0.01986    0.03814    0.00039      0.05023      0.00000      0.00045      0.03363      0.00000      
330300  0.11669    0.01988    0.03815    0.00044      0.05823      0.00000      0.00037      0.03366      0.00000      
330400  0.10923    0.01987    0.03814    0.00045      0.05078      0.00000      0.00043      0.03360      0.00000      
330500  0.10893    0.01986    0.03814    0.00040      0.05054      0.00000      0.00045      0.03367      0.00000      
330600  0.11170    0.01984    0.03814    0.00056      0.05317      0.00000      0.00050      0.03361      0.00000      
330700  0.11255    0.01985    0.03814    0.00059      0.05398      0.00000      0.00055      0.03363      0.00000      
330800  0.11467    0.01984    0.03814    0.00060      0.05610      0.00000      0.00045      0.03365      0.00000      
330900  0.10839    0.01983    0.03814    0.00043      0.04999      0.00000      0.00046      0.03360      0.00000      
331000  0.10830    0.01982    0.03814    0.00045      0.04990      0.00000      0.00046      0.03363      0.00000      
331100  0.11134    0.01983    0.03814    0.00033      0.05303      0.00000      0.00049      0.03369      0.00000      
331200  0.11029    0.01982    0.03813    0.00038      0.05197      0.00000      0.00046      0.03363      0.00000      
331300  0.11105    0.01982    0.03814    0.00045      0.05263      0.00000      0.00045      0.03362      0.00000      
331400  0.10992    0.01982    0.03813    0.00043      0.05154      0.00000      0.00048      0.03360      0.00000      
331500  0.10788    0.01981    0.03813    0.00039      0.04954      0.00000      0.00054      0.03357      0.00000      
331600  0.10899    0.01982    0.03813    0.00036      0.05067      0.00000      0.00051      0.03360      0.00000      
331700  0.11156    0.01982    0.03813    0.00055      0.05306      0.00000      0.00054      0.03363      0.00000      
331800  0.11023    0.01982    0.03813    0.00056      0.05173      0.00000      0.00036      0.03365      0.00000      
331900  0.11109    0.01981    0.03813    0.00038      0.05276      0.00000      0.00044      0.03368      0.00000      
332000  0.10854    0.01982    0.03813    0.00034      0.05025      0.00000      0.00048      0.03358      0.00000      
332100  0.10963    0.01981    0.03813    0.00033      0.05136      0.00000      0.00063      0.03360      0.00000      
332200  0.10755    0.01981    0.03814    0.00035      0.04925      0.00000      0.00063      0.03365      0.00000      
332300  0.10784    0.01981    0.03813    0.00029      0.04961      0.00000      0.00042      0.03365      0.00000      
332400  0.11264    0.01979    0.03813    0.00053      0.05419      0.00000      0.00042      0.03368      0.00000      
332500  0.10825    0.01980    0.03813    0.00048      0.04984      0.00000      0.00046      0.03363      0.00000      
332600  0.11041    0.01980    0.03813    0.00050      0.05198      0.00000      0.00052      0.03364      0.00000      
332700  0.11201    0.01980    0.03813    0.00053      0.05355      0.00000      0.00038      0.03364      0.00000      
332800  0.10792    0.01980    0.03812    0.00047      0.04953      0.00000      0.00067      0.03361      0.00000      
332900  0.10926    0.01981    0.03812    0.00046      0.05087      0.00000      0.00039      0.03372      0.00000      
333000  0.10757    0.01981    0.03812    0.00042      0.04922      0.00000      0.00042      0.03367      0.00000      
333100  0.10801    0.01981    0.03813    0.00040      0.04967      0.00000      0.00050      0.03374      0.00000      
333200  0.10955    0.01981    0.03813    0.00038      0.05124      0.00000      0.00050      0.03372      0.00000      
333300  0.11159    0.01982    0.03813    0.00046      0.05318      0.00000      0.00046      0.03368      0.00000      
333400  0.10946    0.01982    0.03813    0.00054      0.05097      0.00000      0.00040      0.03368      0.00000      
333500  0.10872    0.01982    0.03813    0.00035      0.05043      0.00000      0.00038      0.03367      0.00000      
333600  0.10925    0.01981    0.03812    0.00042      0.05090      0.00000      0.00052      0.03372      0.00000      
333700  0.10816    0.01981    0.03812    0.00045      0.04978      0.00000      0.00051      0.03364      0.00000      
333800  0.11389    0.01980    0.03812    0.00039      0.05558      0.00000      0.00046      0.03364      0.00000      
333900  0.11020    0.01979    0.03812    0.00050      0.05179      0.00000      0.00036      0.03363      0.00000      
334000  0.11070    0.01977    0.03812    0.00045      0.05236      0.00000      0.00039      0.03363      0.00000      
334100  0.11353    0.01978    0.03812    0.00056      0.05507      0.00000      0.00045      0.03360      0.00000      
334200  0.11090    0.01978    0.03812    0.00050      0.05250      0.00000      0.00053      0.03358      0.00000      
334300  0.10951    0.01977    0.03812    0.00047      0.05116      0.00000      0.00039      0.03361      0.00000      
334400  0.10785    0.01977    0.03812    0.00041      0.04955      0.00000      0.00050      0.03357      0.00000      
334500  0.11087    0.01979    0.03812    0.00041      0.05256      0.00000      0.00049      0.03359      0.00000      
334600  0.10660    0.01978    0.03812    0.00047      0.04823      0.00000      0.00052      0.03362      0.00000      
334700  0.10885    0.01978    0.03812    0.00056      0.05039      0.00000      0.00049      0.03367      0.00000      
334800  0.11096    0.01979    0.03812    0.00042      0.05263      0.00000      0.00053      0.03364      0.00000      
334900  0.10966    0.01978    0.03812    0.00049      0.05127      0.00000      0.00045      0.03362      0.00000      
335000  0.10741    0.01978    0.03811    0.00036      0.04915      0.00000      0.00036      0.03360      0.00000      
335100  0.11053    0.01979    0.03812    0.00054      0.05208      0.00000      0.00041      0.03361      0.00000      
335200  0.11033    0.01978    0.03812    0.00035      0.05208      0.00000      0.00050      0.03366      0.00000      
335300  0.11122    0.01979    0.03811    0.00043      0.05289      0.00000      0.00048      0.03368      0.00000      
335400  0.10853    0.01978    0.03811    0.00035      0.05028      0.00000      0.00039      0.03364      0.00000      
335500  0.10846    0.01979    0.03812    0.00038      0.05018      0.00000      0.00058      0.03361      0.00000      
335600  0.10926    0.01978    0.03811    0.00052      0.05084      0.00000      0.00049      0.03359      0.00000      
335700  0.10896    0.01977    0.03811    0.00051      0.05057      0.00000      0.00052      0.03361      0.00000      
335800  0.10937    0.01977    0.03812    0.00045      0.05104      0.00000      0.00040      0.03361      0.00000      
335900  0.10833    0.01977    0.03811    0.00037      0.05008      0.00000      0.00047      0.03359      0.00000      
336000  0.11193    0.01978    0.03811    0.00045      0.05358      0.00000      0.00054      0.03363      0.00000      
336100  0.11100    0.01977    0.03811    0.00050      0.05262      0.00000      0.00054      0.03361      0.00000      
336200  0.10655    0.01976    0.03810    0.00048      0.04820      0.00000      0.00042      0.03367      0.00000      
336300  0.10951    0.01976    0.03811    0.00035      0.05130      0.00000      0.00043      0.03359      0.00000      
336400  0.10854    0.01977    0.03811    0.00052      0.05014      0.00000      0.00041      0.03367      0.00000      
336500  0.10900    0.01976    0.03810    0.00041      0.05073      0.00000      0.00057      0.03361      0.00000      
336600  0.10861    0.01976    0.03810    0.00037      0.05037      0.00000      0.00046      0.03361      0.00000      
336700  0.10858    0.01976    0.03811    0.00050      0.05021      0.00000      0.00050      0.03365      0.00000      
336800  0.10858    0.01975    0.03810    0.00048      0.05025      0.00000      0.00051      0.03370      0.00000      
336900  0.11071    0.01974    0.03810    0.00043      0.05244      0.00000      0.00042      0.03370      0.00000      
337000  0.11253    0.01975    0.03809    0.00042      0.05427      0.00000      0.00045      0.03375      0.00000      
337100  0.10733    0.01975    0.03810    0.00040      0.04908      0.00000      0.00038      0.03364      0.00000      
337200  0.11342    0.01977    0.03810    0.00048      0.05508      0.00000      0.00049      0.03363      0.00000      
337300  0.10950    0.01975    0.03810    0.00041      0.05124      0.00000      0.00047      0.03361      0.00000      
337400  0.10819    0.01976    0.03810    0.00046      0.04987      0.00000      0.00043      0.03360      0.00000      
337500  0.10789    0.01975    0.03810    0.00042      0.04963      0.00000      0.00037      0.03360      0.00000      
337600  0.10896    0.01975    0.03810    0.00048      0.05063      0.00000      0.00046      0.03357      0.00000      
337700  0.10732    0.01975    0.03810    0.00048      0.04900      0.00000      0.00041      0.03356      0.00000      
337800  0.10882    0.01976    0.03809    0.00039      0.05058      0.00000      0.00050      0.03356      0.00000      
337900  0.10723    0.01976    0.03810    0.00040      0.04897      0.00000      0.00052      0.03353      0.00000      
338000  0.10936    0.01977    0.03810    0.00055      0.05094      0.00000      0.00037      0.03361      0.00000      
338100  0.10889    0.01975    0.03810    0.00045      0.05059      0.00000      0.00043      0.03355      0.00000      
338200  0.11327    0.01975    0.03810    0.00048      0.05495      0.00000      0.00044      0.03361      0.00000      
338300  0.12963    0.01977    0.03811    0.00041      0.07135      0.00000      0.00041      0.03356      0.00000      
338400  0.10886    0.01976    0.03810    0.00042      0.05058      0.00000      0.00037      0.03356      0.00000      
338500  0.10832    0.01976    0.03811    0.00046      0.05000      0.00000      0.00046      0.03362      0.00000      
338600  0.10930    0.01977    0.03810    0.00052      0.05091      0.00000      0.00046      0.03360      0.00000      
338700  0.10815    0.01977    0.03810    0.00054      0.04974      0.00000      0.00051      0.03362      0.00000      
338800  0.11102    0.01975    0.03810    0.00038      0.05279      0.00000      0.00053      0.03363      0.00000      
338900  0.11379    0.01976    0.03810    0.00044      0.05548      0.00000      0.00035      0.03363      0.00000      
339000  0.10760    0.01977    0.03810    0.00050      0.04924      0.00000      0.00062      0.03359      0.00000      
339100  0.11049    0.01975    0.03809    0.00037      0.05228      0.00000      0.00042      0.03360      0.00000      
339200  0.10594    0.01976    0.03810    0.00047      0.04761      0.00000      0.00044      0.03358      0.00000      
339300  0.10776    0.01976    0.03810    0.00040      0.04950      0.00000      0.00044      0.03360      0.00000      
339400  0.11093    0.01975    0.03809    0.00039      0.05269      0.00000      0.00054      0.03360      0.00000      
339500  0.11046    0.01976    0.03810    0.00034      0.05227      0.00000      0.00055      0.03374      0.00000      
339600  0.11058    0.01976    0.03810    0.00048      0.05224      0.00000      0.00041      0.03369      0.00000      
339700  0.10960    0.01977    0.03809    0.00043      0.05132      0.00000      0.00043      0.03363      0.00000      
339800  0.10824    0.01976    0.03810    0.00041      0.04996      0.00000      0.00054      0.03366      0.00000      
339900  0.10912    0.01975    0.03809    0.00033      0.05094      0.00000      0.00048      0.03362      0.00000      
340000  0.10938    0.01976    0.03810    0.00032      0.05120      0.00000      0.00040      0.03367      0.00000      
340100  0.10982    0.01974    0.03809    0.00037      0.05162      0.00000      0.00043      0.03364      0.00000      
340200  0.10773    0.01974    0.03809    0.00043      0.04947      0.00000      0.00039      0.03363      0.00000      
340300  0.10916    0.01976    0.03810    0.00049      0.05080      0.00000      0.00038      0.03375      0.00000      
340400  0.11088    0.01974    0.03809    0.00062      0.05243      0.00000      0.00039      0.03364      0.00000      
340500  0.10839    0.01973    0.03809    0.00040      0.05017      0.00000      0.00048      0.03367      0.00000      
340600  0.11712    0.01974    0.03810    0.00043      0.05886      0.00000      0.00039      0.03366      0.00000      
340700  0.10888    0.01975    0.03809    0.00044      0.05061      0.00000      0.00041      0.03357      0.00000      
340800  0.10876    0.01975    0.03810    0.00040      0.05052      0.00000      0.00049      0.03352      0.00000      
340900  0.11163    0.01976    0.03810    0.00056      0.05321      0.00000      0.00051      0.03357      0.00000      
341000  0.11242    0.01974    0.03809    0.00060      0.05398      0.00000      0.00054      0.03356      0.00000      
341100  0.11440    0.01975    0.03810    0.00063      0.05593      0.00000      0.00048      0.03356      0.00000      
341200  0.10822    0.01974    0.03810    0.00040      0.04998      0.00000      0.00045      0.03360      0.00000      
341300  0.10812    0.01974    0.03809    0.00045      0.04983      0.00000      0.00046      0.03350      0.00000      
341400  0.11121    0.01975    0.03809    0.00041      0.05296      0.00000      0.00049      0.03361      0.00000      
341500  0.11011    0.01973    0.03809    0.00039      0.05189      0.00000      0.00045      0.03361      0.00000      
341600  0.11103    0.01974    0.03809    0.00046      0.05273      0.00000      0.00044      0.03357      0.00000      
341700  0.10978    0.01974    0.03809    0.00043      0.05152      0.00000      0.00044      0.03364      0.00000      
341800  0.10771    0.01974    0.03809    0.00041      0.04947      0.00000      0.00047      0.03358      0.00000      
341900  0.10883    0.01976    0.03810    0.00036      0.05061      0.00000      0.00058      0.03353      0.00000      
342000  0.11152    0.01976    0.03810    0.00055      0.05312      0.00000      0.00059      0.03356      0.00000      
342100  0.11007    0.01975    0.03809    0.00056      0.05168      0.00000      0.00038      0.03356      0.00000      
342200  0.11093    0.01975    0.03810    0.00036      0.05272      0.00000      0.00045      0.03363      0.00000      
342300  0.10829    0.01974    0.03810    0.00034      0.05011      0.00000      0.00049      0.03359      0.00000      
342400  0.10958    0.01975    0.03810    0.00037      0.05136      0.00000      0.00054      0.03357      0.00000      
342500  0.10739    0.01974    0.03809    0.00036      0.04920      0.00000      0.00057      0.03358      0.00000      
342600  0.10775    0.01975    0.03810    0.00031      0.04960      0.00000      0.00042      0.03362      0.00000      
342700  0.11252    0.01974    0.03809    0.00051      0.05419      0.00000      0.00045      0.03357      0.00000      
342800  0.10823    0.01974    0.03809    0.00052      0.04989      0.00000      0.00046      0.03355      0.00000      
342900  0.11034    0.01977    0.03809    0.00048      0.05200      0.00000      0.00053      0.03358      0.00000      
343000  0.11185    0.01976    0.03809    0.00051      0.05349      0.00000      0.00039      0.03359      0.00000      
343100  0.10779    0.01975    0.03809    0.00048      0.04948      0.00000      0.00071      0.03357      0.00000      
343200  0.10913    0.01974    0.03808    0.00042      0.05088      0.00000      0.00037      0.03355      0.00000      
343300  0.10737    0.01974    0.03808    0.00042      0.04914      0.00000      0.00047      0.03353      0.00000      
343400  0.10786    0.01974    0.03808    0.00042      0.04962      0.00000      0.00052      0.03352      0.00000      
343500  0.10946    0.01975    0.03808    0.00038      0.05125      0.00000      0.00046      0.03354      0.00000      
343600  0.11129    0.01974    0.03808    0.00043      0.05304      0.00000      0.00047      0.03355      0.00000      
343700  0.10939    0.01975    0.03807    0.00055      0.05102      0.00000      0.00041      0.03354      0.00000      
343800  0.10849    0.01974    0.03807    0.00036      0.05033      0.00000      0.00040      0.03349      0.00000      
343900  0.10908    0.01973    0.03807    0.00037      0.05091      0.00000      0.00050      0.03348      0.00000      
344000  0.10789    0.01974    0.03808    0.00037      0.04969      0.00000      0.00050      0.03349      0.00000      
344100  0.11387    0.01973    0.03807    0.00039      0.05568      0.00000      0.00048      0.03350      0.00000      
344200  0.10979    0.01974    0.03807    0.00047      0.05151      0.00000      0.00037      0.03353      0.00000      
344300  0.11080    0.01974    0.03808    0.00045      0.05253      0.00000      0.00040      0.03364      0.00000      
344400  0.11309    0.01974    0.03807    0.00057      0.05471      0.00000      0.00049      0.03363      0.00000      
344500  0.11097    0.01973    0.03807    0.00049      0.05269      0.00000      0.00051      0.03357      0.00000      
344600  0.10928    0.01972    0.03807    0.00046      0.05103      0.00000      0.00043      0.03348      0.00000      
344700  0.10780    0.01972    0.03807    0.00047      0.04954      0.00000      0.00051      0.03354      0.00000      
344800  0.11080    0.01971    0.03807    0.00042      0.05259      0.00000      0.00047      0.03354      0.00000      
344900  0.10649    0.01971    0.03807    0.00047      0.04824      0.00000      0.00049      0.03353      0.00000      
345000  0.10872    0.01973    0.03807    0.00055      0.05037      0.00000      0.00050      0.03353      0.00000      
345100  0.11071    0.01971    0.03806    0.00043      0.05251      0.00000      0.00042      0.03358      0.00000      
345200  0.10955    0.01971    0.03807    0.00050      0.05127      0.00000      0.00044      0.03352      0.00000      
345300  0.10725    0.01972    0.03806    0.00040      0.04907      0.00000      0.00034      0.03354      0.00000      
345400  0.11039    0.01972    0.03806    0.00054      0.05206      0.00000      0.00039      0.03348      0.00000      
345500  0.11016    0.01972    0.03806    0.00035      0.05203      0.00000      0.00044      0.03349      0.00000      
345600  0.11102    0.01972    0.03806    0.00044      0.05281      0.00000      0.00045      0.03351      0.00000      
345700  0.10835    0.01970    0.03806    0.00038      0.05022      0.00000      0.00037      0.03354      0.00000      
345800  0.10834    0.01972    0.03806    0.00038      0.05018      0.00000      0.00059      0.03351      0.00000      
345900  0.10904    0.01971    0.03806    0.00051      0.05077      0.00000      0.00057      0.03354      0.00000      
346000  0.10883    0.01972    0.03807    0.00053      0.05052      0.00000      0.00052      0.03356      0.00000      
346100  0.10918    0.01974    0.03807    0.00044      0.05093      0.00000      0.00041      0.03351      0.00000      
346200  0.10828    0.01973    0.03806    0.00041      0.05008      0.00000      0.00053      0.03354      0.00000      
346300  0.11135    0.01974    0.03807    0.00049      0.05305      0.00000      0.00050      0.03358      0.00000      
346400  0.11106    0.01974    0.03806    0.00050      0.05275      0.00000      0.00048      0.03357      0.00000      
346500  0.10636    0.01973    0.03806    0.00049      0.04809      0.00000      0.00040      0.03355      0.00000      
346600  0.10947    0.01975    0.03806    0.00032      0.05134      0.00000      0.00044      0.03356      0.00000      
346700  0.10843    0.01975    0.03806    0.00052      0.05010      0.00000      0.00044      0.03355      0.00000      
346800  0.10896    0.01974    0.03806    0.00043      0.05072      0.00000      0.00057      0.03355      0.00000      
346900  0.10847    0.01974    0.03806    0.00038      0.05029      0.00000      0.00046      0.03355      0.00000      
347000  0.10839    0.01972    0.03806    0.00050      0.05011      0.00000      0.00050      0.03353      0.00000      
347100  0.10839    0.01972    0.03805    0.00044      0.05018      0.00000      0.00051      0.03355      0.00000      
347200  0.11068    0.01972    0.03805    0.00046      0.05245      0.00000      0.00047      0.03353      0.00000      
347300  0.11247    0.01972    0.03805    0.00047      0.05423      0.00000      0.00042      0.03358      0.00000      
347400  0.10705    0.01973    0.03805    0.00039      0.04888      0.00000      0.00039      0.03354      0.00000      
347500  0.11336    0.01975    0.03805    0.00048      0.05508      0.00000      0.00050      0.03355      0.00000      
347600  0.10937    0.01975    0.03805    0.00041      0.05117      0.00000      0.00044      0.03351      0.00000      
347700  0.10805    0.01974    0.03805    0.00046      0.04980      0.00000      0.00040      0.03355      0.00000      
347800  0.10766    0.01973    0.03805    0.00039      0.04949      0.00000      0.00035      0.03355      0.00000      
347900  0.10883    0.01973    0.03805    0.00049      0.05057      0.00000      0.00044      0.03347      0.00000      
348000  0.10723    0.01974    0.03805    0.00051      0.04894      0.00000      0.00039      0.03351      0.00000      
348100  0.10869    0.01973    0.03804    0.00040      0.05052      0.00000      0.00049      0.03355      0.00000      
348200  0.10704    0.01972    0.03805    0.00042      0.04885      0.00000      0.00046      0.03354      0.00000      
348300  0.10925    0.01973    0.03805    0.00057      0.05090      0.00000      0.00035      0.03355      0.00000      
348400  0.10881    0.01974    0.03805    0.00048      0.05055      0.00000      0.00047      0.03352      0.00000      
348500  0.11324    0.01973    0.03804    0.00050      0.05496      0.00000      0.00044      0.03350      0.00000      
348600  0.12903    0.01973    0.03805    0.00042      0.07084      0.00000      0.00042      0.03361      0.00000      
348700  0.10867    0.01971    0.03804    0.00040      0.05051      0.00000      0.00036      0.03360      0.00000      
348800  0.10817    0.01972    0.03804    0.00044      0.04997      0.00000      0.00047      0.03364      0.00000      
348900  0.10914    0.01973    0.03805    0.00049      0.05087      0.00000      0.00046      0.03362      0.00000      
349000  0.10811    0.01974    0.03805    0.00055      0.04978      0.00000      0.00052      0.03369      0.00000      
349100  0.11086    0.01973    0.03804    0.00037      0.05272      0.00000      0.00054      0.03366      0.00000      
349200  0.11334    0.01972    0.03805    0.00041      0.05516      0.00000      0.00033      0.03363      0.00000      
349300  0.10746    0.01972    0.03804    0.00048      0.04921      0.00000      0.00054      0.03362      0.00000      
349400  0.11029    0.01970    0.03804    0.00038      0.05216      0.00000      0.00045      0.03363      0.00000      
349500  0.10577    0.01971    0.03804    0.00045      0.04757      0.00000      0.00039      0.03357      0.00000      
349600  0.10761    0.01970    0.03804    0.00041      0.04945      0.00000      0.00045      0.03366      0.00000      
349700  0.11081    0.01971    0.03804    0.00038      0.05269      0.00000      0.00051      0.03366      0.00000      
349800  0.11033    0.01971    0.03804    0.00034      0.05224      0.00000      0.00056      0.03364      0.00000      
349900  0.11044    0.01971    0.03804    0.00049      0.05221      0.00000      0.00035      0.03360      0.00000      
350000  0.10940    0.01971    0.03803    0.00040      0.05126      0.00000      0.00043      0.03358      0.00000      
350100  0.10793    0.01970    0.03803    0.00041      0.04979      0.00000      0.00050      0.03365      0.00000      
350200  0.10900    0.01970    0.03802    0.00034      0.05095      0.00000      0.00042      0.03366      0.00000      
350300  0.10913    0.01969    0.03803    0.00028      0.05113      0.00000      0.00039      0.03364      0.00000      
350400  0.10964    0.01969    0.03802    0.00039      0.05154      0.00000      0.00039      0.03366      0.00000      
350500  0.10758    0.01969    0.03803    0.00045      0.04942      0.00000      0.00039      0.03367      0.00000      
350600  0.10902    0.01969    0.03803    0.00050      0.05081      0.00000      0.00040      0.03357      0.00000      
350700  0.11038    0.01969    0.03803    0.00061      0.05205      0.00000      0.00039      0.03364      0.00000      
350800  0.10815    0.01969    0.03803    0.00037      0.05007      0.00000      0.00048      0.03366      0.00000      
350900  0.11710    0.01969    0.03803    0.00046      0.05893      0.00000      0.00038      0.03361      0.00000      
351000  0.10879    0.01969    0.03803    0.00047      0.05059      0.00000      0.00040      0.03358      0.00000      
351100  0.10859    0.01968    0.03803    0.00041      0.05047      0.00000      0.00042      0.03362      0.00000      
351200  0.11133    0.01967    0.03802    0.00057      0.05306      0.00000      0.00047      0.03355      0.00000      
351300  0.11225    0.01969    0.03802    0.00059      0.05395      0.00000      0.00054      0.03359      0.00000      
351400  0.11428    0.01969    0.03802    0.00062      0.05595      0.00000      0.00053      0.03354      0.00000      
351500  0.10804    0.01969    0.03802    0.00040      0.04994      0.00000      0.00047      0.03358      0.00000      
351600  0.10791    0.01969    0.03803    0.00045      0.04975      0.00000      0.00047      0.03356      0.00000      
351700  0.11117    0.01970    0.03803    0.00037      0.05307      0.00000      0.00049      0.03363      0.00000      
351800  0.10996    0.01970    0.03802    0.00037      0.05186      0.00000      0.00045      0.03360      0.00000      
351900  0.11050    0.01970    0.03803    0.00046      0.05230      0.00000      0.00045      0.03364      0.00000      
352000  0.10958    0.01971    0.03803    0.00041      0.05144      0.00000      0.00051      0.03359      0.00000      
352100  0.10759    0.01970    0.03802    0.00039      0.04947      0.00000      0.00057      0.03366      0.00000      
352200  0.10857    0.01970    0.03803    0.00037      0.05047      0.00000      0.00057      0.03360      0.00000      
352300  0.11127    0.01969    0.03802    0.00055      0.05301      0.00000      0.00053      0.03357      0.00000      
352400  0.11003    0.01970    0.03803    0.00056      0.05175      0.00000      0.00037      0.03355      0.00000      
352500  0.11075    0.01970    0.03803    0.00036      0.05265      0.00000      0.00042      0.03359      0.00000      
352600  0.10816    0.01971    0.03803    0.00032      0.05010      0.00000      0.00049      0.03360      0.00000      
352700  0.10930    0.01970    0.03803    0.00033      0.05124      0.00000      0.00061      0.03352      0.00000      
352800  0.10726    0.01971    0.03804    0.00036      0.04916      0.00000      0.00058      0.03353      0.00000      
352900  0.10755    0.01971    0.03803    0.00029      0.04952      0.00000      0.00045      0.03354      0.00000      
353000  0.11233    0.01970    0.03802    0.00054      0.05408      0.00000      0.00040      0.03355      0.00000      
353100  0.10817    0.01971    0.03803    0.00053      0.04991      0.00000      0.00044      0.03355      0.00000      
353200  0.11008    0.01971    0.03803    0.00049      0.05185      0.00000      0.00054      0.03355      0.00000      
353300  0.11160    0.01969    0.03802    0.00051      0.05338      0.00000      0.00042      0.03354      0.00000      
353400  0.10765    0.01970    0.03802    0.00050      0.04943      0.00000      0.00064      0.03354      0.00000      
353500  0.10893    0.01969    0.03802    0.00046      0.05075      0.00000      0.00038      0.03351      0.00000      
353600  0.10721    0.01968    0.03802    0.00041      0.04910      0.00000      0.00043      0.03350      0.00000      
353700  0.10770    0.01966    0.03802    0.00042      0.04960      0.00000      0.00058      0.03355      0.00000      
353800  0.10927    0.01966    0.03802    0.00040      0.05119      0.00000      0.00050      0.03351      0.00000      
353900  0.11131    0.01967    0.03802    0.00043      0.05319      0.00000      0.00045      0.03367      0.00000      
354000  0.10914    0.01966    0.03802    0.00055      0.05090      0.00000      0.00044      0.03352      0.00000      
354100  0.10837    0.01966    0.03802    0.00037      0.05032      0.00000      0.00037      0.03356      0.00000      
354200  0.10898    0.01966    0.03802    0.00042      0.05088      0.00000      0.00048      0.03365      0.00000      
354300  0.10780    0.01967    0.03802    0.00040      0.04971      0.00000      0.00047      0.03352      0.00000      
354400  0.11358    0.01968    0.03802    0.00038      0.05550      0.00000      0.00041      0.03353      0.00000      
354500  0.10980    0.01969    0.03803    0.00049      0.05159      0.00000      0.00036      0.03357      0.00000      
354600  0.11023    0.01969    0.03802    0.00046      0.05206      0.00000      0.00038      0.03352      0.00000      
354700  0.11364    0.01968    0.03802    0.00057      0.05538      0.00000      0.00045      0.03356      0.00000      
354800  0.11086    0.01968    0.03802    0.00049      0.05266      0.00000      0.00052      0.03354      0.00000      
354900  0.10917    0.01969    0.03802    0.00050      0.05096      0.00000      0.00042      0.03353      0.00000      
355000  0.10770    0.01968    0.03802    0.00042      0.04957      0.00000      0.00046      0.03351      0.00000      
355100  0.11064    0.01969    0.03802    0.00041      0.05252      0.00000      0.00045      0.03358      0.00000      
355200  0.10635    0.01968    0.03802    0.00048      0.04816      0.00000      0.00050      0.03355      0.00000      
355300  0.10855    0.01969    0.03801    0.00055      0.05030      0.00000      0.00043      0.03358      0.00000      
355400  0.11054    0.01970    0.03801    0.00048      0.05235      0.00000      0.00045      0.03358      0.00000      
355500  0.10936    0.01969    0.03802    0.00047      0.05118      0.00000      0.00047      0.03350      0.00000      
355600  0.10718    0.01970    0.03801    0.00042      0.04904      0.00000      0.00038      0.03349      0.00000      
355700  0.11025    0.01971    0.03801    0.00052      0.05200      0.00000      0.00043      0.03351      0.00000      
355800  0.10998    0.01970    0.03801    0.00035      0.05192      0.00000      0.00055      0.03353      0.00000      
355900  0.11102    0.01969    0.03801    0.00045      0.05287      0.00000      0.00042      0.03360      0.00000      
356000  0.10828    0.01970    0.03801    0.00040      0.05017      0.00000      0.00040      0.03345      0.00000      
356100  0.10833    0.01969    0.03801    0.00039      0.05024      0.00000      0.00064      0.03351      0.00000      
356200  0.10893    0.01970    0.03801    0.00052      0.05071      0.00000      0.00054      0.03350      0.00000      
356300  0.10860    0.01969    0.03801    0.00053      0.05037      0.00000      0.00055      0.03346      0.00000      
356400  0.10908    0.01969    0.03801    0.00046      0.05093      0.00000      0.00044      0.03346      0.00000      
356500  0.10813    0.01970    0.03801    0.00036      0.05005      0.00000      0.00046      0.03350      0.00000      
356600  0.11147    0.01968    0.03801    0.00051      0.05327      0.00000      0.00058      0.03352      0.00000      
356700  0.11069    0.01967    0.03801    0.00052      0.05249      0.00000      0.00047      0.03353      0.00000      
356800  0.10622    0.01967    0.03800    0.00048      0.04807      0.00000      0.00043      0.03349      0.00000      
356900  0.10914    0.01966    0.03800    0.00034      0.05114      0.00000      0.00048      0.03351      0.00000      
357000  0.10822    0.01965    0.03800    0.00051      0.05006      0.00000      0.00047      0.03353      0.00000      
357100  0.10870    0.01964    0.03799    0.00046      0.05061      0.00000      0.00063      0.03350      0.00000      
357200  0.10831    0.01966    0.03800    0.00039      0.05027      0.00000      0.00044      0.03350      0.00000      
357300  0.10819    0.01965    0.03800    0.00047      0.05007      0.00000      0.00058      0.03363      0.00000      
357400  0.10828    0.01965    0.03800    0.00042      0.05022      0.00000      0.00052      0.03362      0.00000      
357500  0.11049    0.01965    0.03799    0.00045      0.05240      0.00000      0.00046      0.03358      0.00000      
357600  0.11216    0.01963    0.03799    0.00044      0.05409      0.00000      0.00044      0.03354      0.00000      
357700  0.10696    0.01965    0.03800    0.00039      0.04891      0.00000      0.00039      0.03346      0.00000      
357800  0.11307    0.01965    0.03799    0.00046      0.05497      0.00000      0.00052      0.03349      0.00000      
357900  0.10922    0.01965    0.03800    0.00039      0.05117      0.00000      0.00045      0.03352      0.00000      
358000  0.10796    0.01966    0.03800    0.00046      0.04984      0.00000      0.00043      0.03351      0.00000      
358100  0.10754    0.01966    0.03800    0.00038      0.04950      0.00000      0.00036      0.03347      0.00000      
358200  0.10858    0.01966    0.03799    0.00047      0.05046      0.00000      0.00049      0.03347      0.00000      
358300  0.10712    0.01966    0.03800    0.00048      0.04898      0.00000      0.00041      0.03354      0.00000      
358400  0.10853    0.01966    0.03800    0.00037      0.05050      0.00000      0.00048      0.03350      0.00000      
358500  0.10697    0.01966    0.03799    0.00040      0.04890      0.00000      0.00050      0.03352      0.00000      
358600  0.10903    0.01966    0.03800    0.00053      0.05084      0.00000      0.00039      0.03345      0.00000      
358700  0.10870    0.01967    0.03800    0.00047      0.05056      0.00000      0.00048      0.03358      0.00000      
358800  0.11301    0.01966    0.03800    0.00048      0.05486      0.00000      0.00044      0.03356      0.00000      
358900  0.12969    0.01966    0.03800    0.00040      0.07162      0.00000      0.00050      0.03360      0.00000      
359000  0.10856    0.01966    0.03800    0.00037      0.05053      0.00000      0.00041      0.03350      0.00000      
359100  0.10800    0.01965    0.03800    0.00043      0.04993      0.00000      0.00050      0.03349      0.00000      
359200  0.10897    0.01965    0.03799    0.00049      0.05084      0.00000      0.00046      0.03350      0.00000      
359300  0.10778    0.01965    0.03800    0.00052      0.04961      0.00000      0.00057      0.03354      0.00000      
359400  0.11063    0.01965    0.03800    0.00037      0.05262      0.00000      0.00050      0.03356      0.00000      
359500  0.11357    0.01967    0.03800    0.00040      0.05550      0.00000      0.00037      0.03349      0.00000      
359600  0.10732    0.01966    0.03799    0.00049      0.04918      0.00000      0.00060      0.03347      0.00000      
359700  0.11017    0.01966    0.03799    0.00036      0.05216      0.00000      0.00043      0.03349      0.00000      
359800  0.10561    0.01966    0.03799    0.00048      0.04748      0.00000      0.00042      0.03352      0.00000      
359900  0.10744    0.01967    0.03799    0.00038      0.04939      0.00000      0.00046      0.03350      0.00000      
360000  0.11066    0.01966    0.03799    0.00041      0.05260      0.00000      0.00050      0.03358      0.00000      
360100  0.11009    0.01966    0.03799    0.00032      0.05211      0.00000      0.00053      0.03360      0.00000      
360200  0.11023    0.01966    0.03798    0.00044      0.05214      0.00000      0.00037      0.03355      0.00000      
360300  0.10926    0.01967    0.03798    0.00040      0.05122      0.00000      0.00046      0.03355      0.00000      
360400  0.10787    0.01965    0.03798    0.00040      0.04984      0.00000      0.00053      0.03353      0.00000      
360500  0.10896    0.01966    0.03798    0.00033      0.05099      0.00000      0.00048      0.03360      0.00000      
360600  0.10891    0.01966    0.03799    0.00029      0.05097      0.00000      0.00038      0.03354      0.00000      
360700  0.10951    0.01967    0.03799    0.00037      0.05148      0.00000      0.00042      0.03364      0.00000      
360800  0.10755    0.01967    0.03799    0.00043      0.04946      0.00000      0.00042      0.03356      0.00000      
360900  0.10896    0.01967    0.03799    0.00047      0.05084      0.00000      0.00041      0.03354      0.00000      
361000  0.11054    0.01967    0.03799    0.00058      0.05230      0.00000      0.00038      0.03356      0.00000      
361100  0.10806    0.01966    0.03799    0.00037      0.05004      0.00000      0.00046      0.03361      0.00000      
361200  0.11646    0.01965    0.03799    0.00049      0.05833      0.00000      0.00038      0.03355      0.00000      
361300  0.10871    0.01965    0.03798    0.00041      0.05066      0.00000      0.00046      0.03348      0.00000      
361400  0.10842    0.01965    0.03799    0.00040      0.05038      0.00000      0.00043      0.03353      0.00000      
361500  0.11118    0.01965    0.03799    0.00052      0.05303      0.00000      0.00052      0.03352      0.00000      
361600  0.11208    0.01965    0.03799    0.00058      0.05385      0.00000      0.00050      0.03360      0.00000      
361700  0.11410    0.01964    0.03799    0.00060      0.05586      0.00000      0.00051      0.03349      0.00000      
361800  0.10804    0.01965    0.03799    0.00041      0.04999      0.00000      0.00049      0.03345      0.00000      
361900  0.10788    0.01965    0.03799    0.00047      0.04977      0.00000      0.00043      0.03344      0.00000      
362000  0.11108    0.01965    0.03799    0.00038      0.05305      0.00000      0.00047      0.03345      0.00000      
362100  0.10985    0.01965    0.03799    0.00037      0.05185      0.00000      0.00045      0.03349      0.00000      
362200  0.11087    0.01966    0.03799    0.00045      0.05277      0.00000      0.00045      0.03355      0.00000      
362300  0.10931    0.01965    0.03799    0.00039      0.05128      0.00000      0.00050      0.03351      0.00000      
362400  0.10741    0.01965    0.03798    0.00037      0.04942      0.00000      0.00061      0.03350      0.00000      
362500  0.10852    0.01965    0.03799    0.00038      0.05050      0.00000      0.00054      0.03356      0.00000      
362600  0.11118    0.01966    0.03798    0.00054      0.05300      0.00000      0.00063      0.03358      0.00000      
362700  0.10987    0.01964    0.03799    0.00051      0.05173      0.00000      0.00036      0.03361      0.00000      
362800  0.11062    0.01965    0.03799    0.00037      0.05261      0.00000      0.00045      0.03349      0.00000      
362900  0.10810    0.01965    0.03799    0.00035      0.05012      0.00000      0.00054      0.03351      0.00000      
363000  0.10919    0.01966    0.03799    0.00031      0.05123      0.00000      0.00072      0.03349      0.00000      
363100  0.10713    0.01966    0.03799    0.00036      0.04911      0.00000      0.00057      0.03351      0.00000      
363200  0.10752    0.01966    0.03799    0.00031      0.04955      0.00000      0.00041      0.03357      0.00000      
363300  0.11210    0.01968    0.03798    0.00052      0.05393      0.00000      0.00042      0.03353      0.00000      
363400  0.10793    0.01966    0.03798    0.00050      0.04978      0.00000      0.00043      0.03352      0.00000      
363500  0.11000    0.01967    0.03798    0.00049      0.05186      0.00000      0.00052      0.03353      0.00000      
363600  0.11145    0.01968    0.03799    0.00052      0.05326      0.00000      0.00041      0.03358      0.00000      
363700  0.10758    0.01969    0.03798    0.00048      0.04943      0.00000      0.00071      0.03355      0.00000      
363800  0.10883    0.01967    0.03798    0.00047      0.05071      0.00000      0.00039      0.03354      0.00000      
363900  0.10714    0.01966    0.03798    0.00041      0.04910      0.00000      0.00045      0.03359      0.00000      
364000  0.10771    0.01964    0.03797    0.00039      0.04971      0.00000      0.00054      0.03359      0.00000      
364100  0.10914    0.01965    0.03798    0.00036      0.05115      0.00000      0.00050      0.03357      0.00000      
364200  0.11104    0.01966    0.03799    0.00043      0.05296      0.00000      0.00050      0.03354      0.00000      
364300  0.10904    0.01964    0.03798    0.00055      0.05086      0.00000      0.00042      0.03352      0.00000      
364400  0.10814    0.01964    0.03798    0.00037      0.05016      0.00000      0.00044      0.03353      0.00000      
364500  0.10885    0.01963    0.03798    0.00039      0.05085      0.00000      0.00053      0.03353      0.00000      
364600  0.10764    0.01963    0.03798    0.00038      0.04966      0.00000      0.00052      0.03346      0.00000      
364700  0.11350    0.01964    0.03798    0.00038      0.05550      0.00000      0.00044      0.03343      0.00000      
364800  0.10960    0.01964    0.03798    0.00049      0.05149      0.00000      0.00035      0.03354      0.00000      
364900  0.11019    0.01965    0.03798    0.00047      0.05210      0.00000      0.00038      0.03351      0.00000      
365000  0.11323    0.01964    0.03798    0.00053      0.05509      0.00000      0.00047      0.03349      0.00000      
365100  0.11068    0.01964    0.03798    0.00045      0.05261      0.00000      0.00044      0.03352      0.00000      
365200  0.10904    0.01964    0.03798    0.00048      0.05094      0.00000      0.00037      0.03350      0.00000      
365300  0.10754    0.01964    0.03797    0.00045      0.04948      0.00000      0.00048      0.03351      0.00000      
365400  0.11039    0.01965    0.03798    0.00038      0.05239      0.00000      0.00050      0.03355      0.00000      
365500  0.10626    0.01964    0.03797    0.00047      0.04817      0.00000      0.00044      0.03352      0.00000      
365600  0.10848    0.01964    0.03798    0.00055      0.05031      0.00000      0.00045      0.03359      0.00000      
365700  0.11029    0.01965    0.03798    0.00040      0.05227      0.00000      0.00044      0.03353      0.00000      
365800  0.10931    0.01964    0.03798    0.00048      0.05121      0.00000      0.00046      0.03353      0.00000      
365900  0.10697    0.01965    0.03798    0.00038      0.04895      0.00000      0.00035      0.03346      0.00000      
366000  0.10999    0.01964    0.03798    0.00052      0.05185      0.00000      0.00041      0.03352      0.00000      
366100  0.10988    0.01965    0.03797    0.00033      0.05192      0.00000      0.00050      0.03350      0.00000      
366200  0.11078    0.01964    0.03797    0.00044      0.05273      0.00000      0.00045      0.03346      0.00000      
366300  0.10801    0.01965    0.03797    0.00036      0.05003      0.00000      0.00036      0.03346      0.00000      
366400  0.10821    0.01966    0.03798    0.00040      0.05016      0.00000      0.00062      0.03346      0.00000      
366500  0.10881    0.01965    0.03797    0.00048      0.05070      0.00000      0.00054      0.03345      0.00000      
366600  0.10847    0.01964    0.03797    0.00050      0.05036      0.00000      0.00047      0.03346      0.00000      
366700  0.10893    0.01965    0.03797    0.00046      0.05085      0.00000      0.00042      0.03347      0.00000      
366800  0.10791    0.01963    0.03797    0.00036      0.04995      0.00000      0.00048      0.03342      0.00000      
366900  0.11149    0.01963    0.03797    0.00047      0.05342      0.00000      0.00050      0.03353      0.00000      
367000  0.11051    0.01963    0.03797    0.00048      0.05242      0.00000      0.00049      0.03347      0.00000      
367100  0.10617    0.01964    0.03797    0.00050      0.04806      0.00000      0.00039      0.03343      0.00000      
367200  0.10906    0.01965    0.03797    0.00037      0.05107      0.00000      0.00042      0.03350      0.00000      
367300  0.10805    0.01965    0.03797    0.00051      0.04993      0.00000      0.00042      0.03346      0.00000      
367400  0.10864    0.01964    0.03796    0.00040      0.05064      0.00000      0.00055      0.03350      0.00000      
367500  0.10818    0.01965    0.03797    0.00039      0.05016      0.00000      0.00047      0.03351      0.00000      
367600  0.10810    0.01965    0.03797    0.00052      0.04996      0.00000      0.00051      0.03344      0.00000      
367700  0.10827    0.01965    0.03796    0.00042      0.05024      0.00000      0.00056      0.03344      0.00000      
367800  0.11038    0.01965    0.03796    0.00045      0.05232      0.00000      0.00046      0.03346      0.00000      
367900  0.11212    0.01964    0.03796    0.00038      0.05413      0.00000      0.00044      0.03345      0.00000      
368000  0.10696    0.01964    0.03797    0.00041      0.04894      0.00000      0.00037      0.03340      0.00000      
368100  0.11294    0.01965    0.03796    0.00048      0.05485      0.00000      0.00056      0.03345      0.00000      
368200  0.10904    0.01964    0.03797    0.00044      0.05100      0.00000      0.00044      0.03340      0.00000      
368300  0.10794    0.01965    0.03796    0.00047      0.04986      0.00000      0.00041      0.03346      0.00000      
368400  0.10748    0.01964    0.03797    0.00041      0.04945      0.00000      0.00037      0.03342      0.00000      
368500  0.10844    0.01965    0.03797    0.00051      0.05032      0.00000      0.00041      0.03343      0.00000      
368600  0.10700    0.01964    0.03797    0.00050      0.04889      0.00000      0.00042      0.03344      0.00000      
368700  0.10839    0.01962    0.03796    0.00040      0.05041      0.00000      0.00048      0.03344      0.00000      
368800  0.10683    0.01964    0.03796    0.00039      0.04884      0.00000      0.00055      0.03346      0.00000      
368900  0.10897    0.01963    0.03797    0.00054      0.05084      0.00000      0.00036      0.03339      0.00000      
369000  0.10856    0.01963    0.03797    0.00046      0.05049      0.00000      0.00046      0.03340      0.00000      
369100  0.11281    0.01964    0.03796    0.00047      0.05474      0.00000      0.00043      0.03341      0.00000      
369200  0.12942    0.01964    0.03797    0.00043      0.07137      0.00000      0.00048      0.03344      0.00000      
369300  0.10854    0.01963    0.03797    0.00042      0.05052      0.00000      0.00038      0.03343      0.00000      
369400  0.10783    0.01962    0.03797    0.00041      0.04983      0.00000      0.00045      0.03337      0.00000      
369500  0.10889    0.01963    0.03797    0.00051      0.05079      0.00000      0.00047      0.03343      0.00000      
369600  0.10764    0.01962    0.03797    0.00051      0.04954      0.00000      0.00051      0.03341      0.00000      
369700  0.11052    0.01963    0.03796    0.00036      0.05257      0.00000      0.00056      0.03339      0.00000      
369800  0.11366    0.01963    0.03797    0.00040      0.05566      0.00000      0.00037      0.03345      0.00000      
369900  0.10729    0.01962    0.03796    0.00049      0.04922      0.00000      0.00060      0.03344      0.00000      
370000  0.10994    0.01963    0.03797    0.00033      0.05201      0.00000      0.00044      0.03348      0.00000      
370100  0.10553    0.01962    0.03797    0.00047      0.04747      0.00000      0.00040      0.03352      0.00000      
370200  0.10731    0.01961    0.03797    0.00038      0.04934      0.00000      0.00048      0.03347      0.00000      
370300  0.11042    0.01961    0.03797    0.00037      0.05246      0.00000      0.00050      0.03352      0.00000      
370400  0.10991    0.01962    0.03797    0.00033      0.05199      0.00000      0.00053      0.03347      0.00000      
370500  0.11009    0.01963    0.03797    0.00046      0.05203      0.00000      0.00036      0.03345      0.00000      
370600  0.10910    0.01963    0.03796    0.00039      0.05111      0.00000      0.00046      0.03343      0.00000      
370700  0.10769    0.01963    0.03796    0.00042      0.04968      0.00000      0.00053      0.03346      0.00000      
370800  0.10878    0.01964    0.03796    0.00032      0.05086      0.00000      0.00044      0.03346      0.00000      
370900  0.10888    0.01964    0.03797    0.00029      0.05099      0.00000      0.00037      0.03347      0.00000      
371000  0.10941    0.01964    0.03797    0.00040      0.05140      0.00000      0.00045      0.03345      0.00000      
371100  0.10740    0.01963    0.03797    0.00041      0.04940      0.00000      0.00040      0.03349      0.00000      
371200  0.10879    0.01964    0.03797    0.00044      0.05074      0.00000      0.00042      0.03345      0.00000      
371300  0.11024    0.01963    0.03796    0.00054      0.05210      0.00000      0.00036      0.03350      0.00000      
371400  0.10790    0.01962    0.03796    0.00035      0.04997      0.00000      0.00048      0.03347      0.00000      
371500  0.11635    0.01964    0.03796    0.00046      0.05828      0.00000      0.00040      0.03346      0.00000      
371600  0.10859    0.01964    0.03796    0.00045      0.05054      0.00000      0.00044      0.03346      0.00000      
371700  0.10836    0.01963    0.03796    0.00040      0.05037      0.00000      0.00045      0.03343      0.00000      
371800  0.11118    0.01963    0.03796    0.00054      0.05306      0.00000      0.00057      0.03346      0.00000      
371900  0.11187    0.01962    0.03796    0.00057      0.05373      0.00000      0.00051      0.03346      0.00000      
372000  0.11400    0.01964    0.03796    0.00059      0.05580      0.00000      0.00050      0.03344      0.00000      
372100  0.10795    0.01964    0.03797    0.00038      0.04997      0.00000      0.00048      0.03345      0.00000      
372200  0.10781    0.01964    0.03797    0.00046      0.04974      0.00000      0.00047      0.03341      0.00000      
372300  0.11049    0.01963    0.03797    0.00033      0.05256      0.00000      0.00045      0.03342      0.00000      
372400  0.10976    0.01962    0.03796    0.00038      0.05179      0.00000      0.00046      0.03340      0.00000      
372500  0.11030    0.01964    0.03797    0.00045      0.05224      0.00000      0.00045      0.03341      0.00000      
372600  0.10929    0.01963    0.03797    0.00041      0.05128      0.00000      0.00047      0.03339      0.00000      
372700  0.10737    0.01961    0.03796    0.00040      0.04939      0.00000      0.00050      0.03346      0.00000      
372800  0.10840    0.01964    0.03797    0.00036      0.05043      0.00000      0.00048      0.03339      0.00000      
372900  0.11101    0.01962    0.03796    0.00054      0.05289      0.00000      0.00058      0.03338      0.00000      
373000  0.10981    0.01962    0.03796    0.00054      0.05170      0.00000      0.00039      0.03340      0.00000      
373100  0.11053    0.01962    0.03796    0.00039      0.05257      0.00000      0.00038      0.03341      0.00000      
373200  0.10803    0.01962    0.03796    0.00034      0.05011      0.00000      0.00054      0.03338      0.00000      
373300  0.10912    0.01963    0.03796    0.00035      0.05119      0.00000      0.00060      0.03342      0.00000      
373400  0.10709    0.01962    0.03796    0.00035      0.04915      0.00000      0.00055      0.03340      0.00000      
373500  0.10739    0.01962    0.03796    0.00028      0.04953      0.00000      0.00043      0.03337      0.00000      
373600  0.11200    0.01962    0.03796    0.00050      0.05392      0.00000      0.00044      0.03340      0.00000      
373700  0.10783    0.01961    0.03796    0.00049      0.04978      0.00000      0.00047      0.03337      0.00000      
373800  0.10990    0.01961    0.03795    0.00052      0.05182      0.00000      0.00045      0.03346      0.00000      
373900  0.11125    0.01959    0.03795    0.00050      0.05321      0.00000      0.00041      0.03341      0.00000      
374000  0.10737    0.01959    0.03795    0.00048      0.04935      0.00000      0.00066      0.03340      0.00000      
374100  0.10872    0.01960    0.03795    0.00045      0.05072      0.00000      0.00037      0.03344      0.00000      
374200  0.10698    0.01959    0.03795    0.00041      0.04903      0.00000      0.00041      0.03342      0.00000      
374300  0.10749    0.01960    0.03794    0.00042      0.04952      0.00000      0.00057      0.03340      0.00000      
374400  0.10906    0.01961    0.03795    0.00038      0.05112      0.00000      0.00045      0.03344      0.00000      
374500  0.11097    0.01963    0.03795    0.00042      0.05297      0.00000      0.00044      0.03345      0.00000      
374600  0.10897    0.01962    0.03795    0.00054      0.05087      0.00000      0.00039      0.03345      0.00000      
374700  0.10807    0.01962    0.03795    0.00033      0.05016      0.00000      0.00041      0.03351      0.00000      
374800  0.10866    0.01960    0.03794    0.00037      0.05075      0.00000      0.00050      0.03345      0.00000      
374900  0.10754    0.01960    0.03794    0.00035      0.04964      0.00000      0.00049      0.03341      0.00000      
375000  0.11336    0.01960    0.03794    0.00037      0.05544      0.00000      0.00045      0.03342      0.00000      
375100  0.10927    0.01961    0.03795    0.00049      0.05122      0.00000      0.00038      0.03345      0.00000      
375200  0.11023    0.01960    0.03795    0.00042      0.05226      0.00000      0.00041      0.03345      0.00000      
375300  0.11261    0.01960    0.03794    0.00048      0.05459      0.00000      0.00046      0.03341      0.00000      
375400  0.11047    0.01959    0.03795    0.00048      0.05246      0.00000      0.00056      0.03345      0.00000      
375500  0.10886    0.01958    0.03794    0.00047      0.05087      0.00000      0.00040      0.03344      0.00000      
375600  0.10739    0.01958    0.03794    0.00046      0.04941      0.00000      0.00051      0.03339      0.00000      
375700  0.11029    0.01958    0.03794    0.00038      0.05239      0.00000      0.00052      0.03346      0.00000      
375800  0.10608    0.01958    0.03794    0.00046      0.04810      0.00000      0.00044      0.03346      0.00000      
375900  0.10836    0.01959    0.03795    0.00057      0.05025      0.00000      0.00048      0.03351      0.00000      
376000  0.11033    0.01960    0.03794    0.00043      0.05235      0.00000      0.00043      0.03346      0.00000      
376100  0.10914    0.01960    0.03794    0.00049      0.05111      0.00000      0.00046      0.03345      0.00000      
376200  0.10679    0.01960    0.03794    0.00036      0.04889      0.00000      0.00038      0.03343      0.00000      
376300  0.10981    0.01959    0.03794    0.00051      0.05178      0.00000      0.00039      0.03343      0.00000      
376400  0.10973    0.01959    0.03794    0.00034      0.05186      0.00000      0.00047      0.03352      0.00000      
376500  0.11062    0.01959    0.03794    0.00044      0.05264      0.00000      0.00045      0.03351      0.00000      
376600  0.10806    0.01960    0.03794    0.00036      0.05015      0.00000      0.00036      0.03349      0.00000      
376700  0.10809    0.01960    0.03794    0.00038      0.05017      0.00000      0.00060      0.03351      0.00000      
376800  0.10863    0.01959    0.03793    0.00049      0.05062      0.00000      0.00053      0.03341      0.00000      
376900  0.10836    0.01958    0.03793    0.00053      0.05032      0.00000      0.00049      0.03338      0.00000      
377000  0.10885    0.01958    0.03794    0.00047      0.05086      0.00000      0.00039      0.03346      0.00000      
377100  0.10775    0.01958    0.03794    0.00037      0.04986      0.00000      0.00048      0.03342      0.00000      
377200  0.11095    0.01958    0.03794    0.00046      0.05296      0.00000      0.00052      0.03345      0.00000      
377300  0.11031    0.01957    0.03793    0.00050      0.05231      0.00000      0.00048      0.03340      0.00000      
377400  0.10607    0.01958    0.03793    0.00047      0.04808      0.00000      0.00041      0.03339      0.00000      
377500  0.10889    0.01957    0.03793    0.00035      0.05103      0.00000      0.00041      0.03337      0.00000      
377600  0.10800    0.01956    0.03792    0.00053      0.04999      0.00000      0.00047      0.03343      0.00000      
377700  0.10850    0.01957    0.03792    0.00040      0.05060      0.00000      0.00054      0.03340      0.00000      
377800  0.10816    0.01957    0.03793    0.00038      0.05027      0.00000      0.00042      0.03345      0.00000      
377900  0.10803    0.01958    0.03793    0.00052      0.04999      0.00000      0.00051      0.03345      0.00000      
378000  0.10807    0.01957    0.03793    0.00041      0.05016      0.00000      0.00052      0.03346      0.00000      
378100  0.11026    0.01956    0.03793    0.00044      0.05233      0.00000      0.00041      0.03340      0.00000      
378200  0.11198    0.01956    0.03792    0.00039      0.05410      0.00000      0.00049      0.03349      0.00000      
378300  0.10672    0.01954    0.03792    0.00037      0.04888      0.00000      0.00039      0.03346      0.00000      
378400  0.11271    0.01956    0.03792    0.00048      0.05475      0.00000      0.00055      0.03339      0.00000      
378500  0.10888    0.01955    0.03792    0.00040      0.05101      0.00000      0.00043      0.03346      0.00000      
378600  0.10772    0.01955    0.03793    0.00045      0.04979      0.00000      0.00043      0.03345      0.00000      
378700  0.10738    0.01955    0.03792    0.00040      0.04950      0.00000      0.00039      0.03343      0.00000      
378800  0.10827    0.01955    0.03792    0.00047      0.05032      0.00000      0.00044      0.03346      0.00000      
378900  0.10690    0.01956    0.03792    0.00049      0.04892      0.00000      0.00041      0.03345      0.00000      
379000  0.10821    0.01956    0.03792    0.00039      0.05034      0.00000      0.00046      0.03348      0.00000      
379100  0.10673    0.01956    0.03792    0.00040      0.04884      0.00000      0.00048      0.03343      0.00000      
379200  0.10880    0.01954    0.03792    0.00057      0.05078      0.00000      0.00038      0.03343      0.00000      
379300  0.10836    0.01956    0.03792    0.00045      0.05042      0.00000      0.00044      0.03343      0.00000      
379400  0.11266    0.01956    0.03792    0.00048      0.05470      0.00000      0.00042      0.03344      0.00000      
379500  0.13000    0.01955    0.03792    0.00039      0.07213      0.00000      0.00044      0.03346      0.00000      
379600  0.10832    0.01956    0.03792    0.00041      0.05044      0.00000      0.00041      0.03349      0.00000      
379700  0.10769    0.01955    0.03792    0.00041      0.04981      0.00000      0.00050      0.03350      0.00000      
379800  0.10868    0.01956    0.03792    0.00050      0.05071      0.00000      0.00047      0.03346      0.00000      
379900  0.10755    0.01956    0.03792    0.00047      0.04959      0.00000      0.00054      0.03346      0.00000      
380000  0.11032    0.01957    0.03792    0.00037      0.05246      0.00000      0.00048      0.03345      0.00000      
380100  0.11350    0.01958    0.03793    0.00043      0.05556      0.00000      0.00035      0.03350      0.00000      
380200  0.10714    0.01958    0.03793    0.00050      0.04913      0.00000      0.00055      0.03343      0.00000      
380300  0.11003    0.01959    0.03792    0.00037      0.05215      0.00000      0.00044      0.03344      0.00000      
380400  0.10539    0.01960    0.03793    0.00043      0.04743      0.00000      0.00042      0.03344      0.00000      
380500  0.10722    0.01958    0.03792    0.00041      0.04931      0.00000      0.00048      0.03340      0.00000      
380600  0.11042    0.01959    0.03792    0.00039      0.05252      0.00000      0.00057      0.03342      0.00000      
380700  0.10977    0.01959    0.03793    0.00033      0.05191      0.00000      0.00054      0.03342      0.00000      
380800  0.10995    0.01959    0.03793    0.00047      0.05197      0.00000      0.00035      0.03342      0.00000      
380900  0.10897    0.01959    0.03792    0.00037      0.05110      0.00000      0.00044      0.03343      0.00000      
381000  0.10766    0.01958    0.03792    0.00042      0.04974      0.00000      0.00052      0.03343      0.00000      
381100  0.10870    0.01958    0.03791    0.00031      0.05090      0.00000      0.00041      0.03345      0.00000      
381200  0.10876    0.01959    0.03792    0.00029      0.05096      0.00000      0.00036      0.03350      0.00000      
381300  0.10931    0.01960    0.03792    0.00039      0.05140      0.00000      0.00041      0.03347      0.00000      
381400  0.10736    0.01959    0.03792    0.00045      0.04940      0.00000      0.00043      0.03342      0.00000      
381500  0.10864    0.01960    0.03792    0.00050      0.05061      0.00000      0.00040      0.03345      0.00000      
381600  0.10985    0.01959    0.03792    0.00058      0.05177      0.00000      0.00038      0.03340      0.00000      
381700  0.10788    0.01958    0.03792    0.00038      0.05000      0.00000      0.00048      0.03339      0.00000      
381800  0.11630    0.01958    0.03792    0.00043      0.05837      0.00000      0.00035      0.03350      0.00000      
381900  0.10842    0.01958    0.03792    0.00043      0.05048      0.00000      0.00044      0.03334      0.00000      
382000  0.10823    0.01957    0.03792    0.00039      0.05035      0.00000      0.00046      0.03338      0.00000      
382100  0.11110    0.01957    0.03792    0.00055      0.05306      0.00000      0.00047      0.03342      0.00000      
382200  0.11166    0.01957    0.03792    0.00059      0.05357      0.00000      0.00053      0.03347      0.00000      
382300  0.11390    0.01957    0.03791    0.00059      0.05582      0.00000      0.00053      0.03341      0.00000      
382400  0.10793    0.01958    0.03792    0.00042      0.05001      0.00000      0.00047      0.03343      0.00000      
382500  0.10761    0.01959    0.03792    0.00044      0.04966      0.00000      0.00050      0.03342      0.00000      
382600  0.11070    0.01958    0.03793    0.00036      0.05284      0.00000      0.00044      0.03346      0.00000      
382700  0.10962    0.01958    0.03791    0.00040      0.05173      0.00000      0.00048      0.03345      0.00000      
382800  0.11036    0.01958    0.03792    0.00047      0.05238      0.00000      0.00048      0.03345      0.00000      
382900  0.10910    0.01957    0.03792    0.00039      0.05121      0.00000      0.00053      0.03345      0.00000      
383000  0.10729    0.01955    0.03791    0.00040      0.04943      0.00000      0.00057      0.03345      0.00000      
383100  0.10836    0.01955    0.03791    0.00037      0.05053      0.00000      0.00053      0.03346      0.00000      
383200  0.11088    0.01955    0.03791    0.00052      0.05290      0.00000      0.00058      0.03346      0.00000      
383300  0.10961    0.01955    0.03791    0.00055      0.05160      0.00000      0.00041      0.03347      0.00000      
383400  0.11038    0.01956    0.03791    0.00037      0.05254      0.00000      0.00044      0.03347      0.00000      
383500  0.10792    0.01957    0.03792    0.00034      0.05008      0.00000      0.00049      0.03350      0.00000      
383600  0.10905    0.01956    0.03791    0.00035      0.05122      0.00000      0.00054      0.03346      0.00000      
383700  0.10695    0.01958    0.03792    0.00035      0.04909      0.00000      0.00058      0.03347      0.00000      
383800  0.10735    0.01959    0.03792    0.00029      0.04955      0.00000      0.00041      0.03348      0.00000      
383900  0.11186    0.01959    0.03792    0.00051      0.05384      0.00000      0.00046      0.03348      0.00000      
384000  0.10765    0.01958    0.03791    0.00050      0.04966      0.00000      0.00043      0.03348      0.00000      
384100  0.10983    0.01958    0.03792    0.00049      0.05184      0.00000      0.00050      0.03346      0.00000      
384200  0.11117    0.01957    0.03792    0.00053      0.05314      0.00000      0.00042      0.03345      0.00000      
384300  0.10727    0.01956    0.03791    0.00048      0.04931      0.00000      0.00068      0.03344      0.00000      
384400  0.10855    0.01955    0.03791    0.00046      0.05063      0.00000      0.00038      0.03341      0.00000      
384500  0.10682    0.01956    0.03791    0.00042      0.04893      0.00000      0.00046      0.03346      0.00000      
384600  0.10733    0.01956    0.03791    0.00041      0.04945      0.00000      0.00052      0.03347      0.00000      
384700  0.10887    0.01955    0.03791    0.00037      0.05103      0.00000      0.00052      0.03354      0.00000      
384800  0.11081    0.01954    0.03791    0.00040      0.05296      0.00000      0.00046      0.03346      0.00000      
384900  0.10883    0.01954    0.03791    0.00056      0.05082      0.00000      0.00040      0.03348      0.00000      
385000  0.10788    0.01956    0.03791    0.00035      0.05006      0.00000      0.00040      0.03348      0.00000      
385100  0.10854    0.01955    0.03791    0.00037      0.05071      0.00000      0.00050      0.03345      0.00000      
385200  0.10747    0.01956    0.03791    0.00038      0.04962      0.00000      0.00046      0.03355      0.00000      
385300  0.11319    0.01957    0.03791    0.00038      0.05534      0.00000      0.00045      0.03347      0.00000      
385400  0.10963    0.01957    0.03791    0.00047      0.05168      0.00000      0.00037      0.03344      0.00000      
385500  0.10984    0.01957    0.03791    0.00042      0.05193      0.00000      0.00039      0.03350      0.00000      
385600  0.11320    0.01956    0.03791    0.00049      0.05524      0.00000      0.00051      0.03349      0.00000      
385700  0.11040    0.01956    0.03791    0.00044      0.05249      0.00000      0.00054      0.03349      0.00000      
385800  0.10878    0.01955    0.03790    0.00047      0.05086      0.00000      0.00038      0.03351      0.00000      
385900  0.10721    0.01956    0.03790    0.00044      0.04931      0.00000      0.00050      0.03351      0.00000      
386000  0.11013    0.01955    0.03790    0.00038      0.05230      0.00000      0.00048      0.03350      0.00000      
386100  0.10591    0.01956    0.03790    0.00048      0.04797      0.00000      0.00045      0.03346      0.00000      
386200  0.10824    0.01955    0.03790    0.00057      0.05022      0.00000      0.00047      0.03346      0.00000      
386300  0.11015    0.01955    0.03790    0.00037      0.05232      0.00000      0.00049      0.03347      0.00000      
386400  0.10903    0.01956    0.03790    0.00047      0.05109      0.00000      0.00048      0.03346      0.00000      
386500  0.10665    0.01956    0.03790    0.00034      0.04885      0.00000      0.00038      0.03344      0.00000      
386600  0.10985    0.01957    0.03791    0.00050      0.05187      0.00000      0.00044      0.03345      0.00000      
386700  0.10966    0.01955    0.03791    0.00035      0.05185      0.00000      0.00046      0.03351      0.00000      
386800  0.11053    0.01954    0.03790    0.00044      0.05265      0.00000      0.00048      0.03350      0.00000      
386900  0.10789    0.01956    0.03791    0.00033      0.05009      0.00000      0.00037      0.03346      0.00000      
387000  0.10792    0.01956    0.03790    0.00039      0.05006      0.00000      0.00058      0.03345      0.00000      
387100  0.10852    0.01957    0.03790    0.00050      0.05055      0.00000      0.00053      0.03346      0.00000      
387200  0.10820    0.01956    0.03790    0.00050      0.05024      0.00000      0.00052      0.03346      0.00000      
387300  0.10869    0.01956    0.03791    0.00043      0.05078      0.00000      0.00039      0.03347      0.00000      
387400  0.10760    0.01956    0.03790    0.00035      0.04979      0.00000      0.00049      0.03343      0.00000      
387500  0.11103    0.01956    0.03791    0.00047      0.05310      0.00000      0.00057      0.03351      0.00000      
387600  0.11023    0.01956    0.03791    0.00051      0.05226      0.00000      0.00054      0.03349      0.00000      
387700  0.10596    0.01954    0.03790    0.00050      0.04802      0.00000      0.00043      0.03346      0.00000      
387800  0.10889    0.01953    0.03790    0.00036      0.05110      0.00000      0.00044      0.03348      0.00000      
387900  0.10780    0.01954    0.03789    0.00051      0.04986      0.00000      0.00049      0.03349      0.00000      
388000  0.10836    0.01955    0.03789    0.00040      0.05053      0.00000      0.00064      0.03348      0.00000      
388100  0.10806    0.01957    0.03790    0.00041      0.05018      0.00000      0.00048      0.03343      0.00000      
388200  0.10790    0.01957    0.03790    0.00048      0.04994      0.00000      0.00055      0.03344      0.00000      
388300  0.10798    0.01957    0.03790    0.00041      0.05010      0.00000      0.00052      0.03346      0.00000      
388400  0.11010    0.01956    0.03790    0.00045      0.05218      0.00000      0.00047      0.03345      0.00000      
388500  0.11187    0.01957    0.03789    0.00040      0.05400      0.00000      0.00051      0.03347      0.00000      
388600  0.10659    0.01957    0.03790    0.00037      0.04875      0.00000      0.00041      0.03345      0.00000      
388700  0.11261    0.01956    0.03790    0.00047      0.05468      0.00000      0.00059      0.03348      0.00000      
388800  0.10880    0.01957    0.03790    0.00038      0.05094      0.00000      0.00048      0.03343      0.00000      
388900  0.10764    0.01957    0.03790    0.00047      0.04969      0.00000      0.00046      0.03344      0.00000      
389000  0.10734    0.01958    0.03791    0.00041      0.04944      0.00000      0.00034      0.03346      0.00000      
389100  0.10829    0.01958    0.03791    0.00047      0.05033      0.00000      0.00047      0.03344      0.00000      
389200  0.10687    0.01958    0.03791    0.00047      0.04891      0.00000      0.00045      0.03346      0.00000      
389300  0.10817    0.01957    0.03791    0.00037      0.05031      0.00000      0.00054      0.03343      0.00000      
389400  0.10654    0.01956    0.03790    0.00036      0.04871      0.00000      0.00056      0.03345      0.00000      
389500  0.10867    0.01956    0.03790    0.00050      0.05072      0.00000      0.00041      0.03350      0.00000      
389600  0.10824    0.01956    0.03790    0.00046      0.05031      0.00000      0.00050      0.03349      0.00000      
389700  0.11259    0.01956    0.03790    0.00048      0.05464      0.00000      0.00049      0.03347      0.00000      
389800  0.12961    0.01957    0.03791    0.00041      0.07171      0.00000      0.00046      0.03347      0.00000      
389900  0.10821    0.01957    0.03791    0.00039      0.05035      0.00000      0.00038      0.03349      0.00000      
390000  0.10768    0.01955    0.03790    0.00045      0.04977      0.00000      0.00047      0.03345      0.00000      
390100  0.10860    0.01956    0.03790    0.00048      0.05066      0.00000      0.00054      0.03348      0.00000      
390200  0.10747    0.01955    0.03790    0.00048      0.04954      0.00000      0.00052      0.03349      0.00000      
390300  0.11023    0.01956    0.03790    0.00037      0.05240      0.00000      0.00054      0.03356      0.00000      
390400  0.11347    0.01955    0.03790    0.00037      0.05565      0.00000      0.00037      0.03350      0.00000      
390500  0.10705    0.01954    0.03790    0.00048      0.04913      0.00000      0.00057      0.03351      0.00000      
390600  0.10989    0.01954    0.03790    0.00036      0.05208      0.00000      0.00047      0.03347      0.00000      
390700  0.10528    0.01954    0.03790    0.00042      0.04743      0.00000      0.00039      0.03350      0.00000      
390800  0.10708    0.01954    0.03790    0.00038      0.04926      0.00000      0.00050      0.03350      0.00000      
390900  0.11020    0.01955    0.03790    0.00039      0.05236      0.00000      0.00054      0.03339      0.00000      
391000  0.10969    0.01954    0.03790    0.00030      0.05194      0.00000      0.00054      0.03348      0.00000      
391100  0.10980    0.01953    0.03789    0.00043      0.05195      0.00000      0.00037      0.03348      0.00000      
391200  0.10884    0.01952    0.03789    0.00039      0.05104      0.00000      0.00045      0.03341      0.00000      
391300  0.10752    0.01952    0.03789    0.00041      0.04970      0.00000      0.00054      0.03347      0.00000      
391400  0.10850    0.01952    0.03789    0.00032      0.05077      0.00000      0.00043      0.03342      0.00000      
391500  0.10857    0.01952    0.03789    0.00029      0.05087      0.00000      0.00039      0.03349      0.00000      
391600  0.10912    0.01953    0.03789    0.00038      0.05132      0.00000      0.00044      0.03348      0.00000      
391700  0.10714    0.01953    0.03789    0.00043      0.04929      0.00000      0.00038      0.03342      0.00000      
391800  0.10857    0.01953    0.03790    0.00045      0.05069      0.00000      0.00038      0.03342      0.00000      
391900  0.11009    0.01954    0.03789    0.00055      0.05210      0.00000      0.00038      0.03336      0.00000      
392000  0.10777    0.01954    0.03789    0.00038      0.04996      0.00000      0.00049      0.03341      0.00000      
392100  0.11729    0.01954    0.03789    0.00044      0.05941      0.00000      0.00040      0.03341      0.00000      
392200  0.10836    0.01953    0.03789    0.00045      0.05049      0.00000      0.00040      0.03341      0.00000      
392300  0.10809    0.01953    0.03789    0.00041      0.05026      0.00000      0.00047      0.03343      0.00000      
392400  0.11086    0.01954    0.03789    0.00051      0.05292      0.00000      0.00048      0.03341      0.00000      
392500  0.11153    0.01952    0.03788    0.00059      0.05355      0.00000      0.00053      0.03333      0.00000      
392600  0.11371    0.01952    0.03788    0.00058      0.05572      0.00000      0.00054      0.03332      0.00000      
392700  0.10766    0.01951    0.03789    0.00043      0.04984      0.00000      0.00050      0.03344      0.00000      
392800  0.10740    0.01950    0.03789    0.00043      0.04958      0.00000      0.00045      0.03341      0.00000      
392900  0.11060    0.01952    0.03790    0.00041      0.05277      0.00000      0.00050      0.03343      0.00000      
393000  0.10949    0.01952    0.03789    0.00040      0.05167      0.00000      0.00049      0.03340      0.00000      
393100  0.11067    0.01952    0.03790    0.00044      0.05281      0.00000      0.00045      0.03343      0.00000      
393200  0.10895    0.01953    0.03790    0.00040      0.05112      0.00000      0.00049      0.03336      0.00000      
393300  0.10715    0.01953    0.03790    0.00039      0.04933      0.00000      0.00057      0.03344      0.00000      
393400  0.10821    0.01953    0.03790    0.00037      0.05042      0.00000      0.00057      0.03346      0.00000      
393500  0.11072    0.01952    0.03789    0.00057      0.05275      0.00000      0.00053      0.03346      0.00000      
393600  0.10947    0.01952    0.03789    0.00052      0.05153      0.00000      0.00035      0.03351      0.00000      
393700  0.11029    0.01953    0.03790    0.00037      0.05250      0.00000      0.00045      0.03347      0.00000      
393800  0.10774    0.01954    0.03790    0.00036      0.04994      0.00000      0.00052      0.03339      0.00000      
393900  0.10886    0.01953    0.03790    0.00032      0.05110      0.00000      0.00060      0.03343      0.00000      
394000  0.10684    0.01953    0.03790    0.00038      0.04903      0.00000      0.00056      0.03342      0.00000      
394100  0.10708    0.01954    0.03790    0.00028      0.04936      0.00000      0.00043      0.03341      0.00000      
394200  0.11171    0.01953    0.03790    0.00051      0.05378      0.00000      0.00045      0.03341      0.00000      
394300  0.10764    0.01952    0.03789    0.00050      0.04974      0.00000      0.00043      0.03339      0.00000      
394400  0.10975    0.01953    0.03789    0.00047      0.05187      0.00000      0.00050      0.03342      0.00000      
394500  0.11095    0.01952    0.03789    0.00048      0.05306      0.00000      0.00040      0.03343      0.00000      
394600  0.10714    0.01951    0.03789    0.00047      0.04927      0.00000      0.00069      0.03340      0.00000      
394700  0.10840    0.01952    0.03789    0.00049      0.05050      0.00000      0.00040      0.03339      0.00000      
394800  0.10669    0.01952    0.03789    0.00040      0.04888      0.00000      0.00048      0.03343      0.00000      
394900  0.10722    0.01952    0.03788    0.00042      0.04940      0.00000      0.00051      0.03336      0.00000      
395000  0.10877    0.01952    0.03789    0.00038      0.05099      0.00000      0.00051      0.03342      0.00000      
395100  0.11060    0.01953    0.03789    0.00041      0.05278      0.00000      0.00051      0.03343      0.00000      
395200  0.10869    0.01952    0.03789    0.00054      0.05075      0.00000      0.00042      0.03341      0.00000      
395300  0.10788    0.01951    0.03788    0.00036      0.05013      0.00000      0.00039      0.03339      0.00000      
395400  0.10839    0.01951    0.03788    0.00039      0.05060      0.00000      0.00051      0.03344      0.00000      
395500  0.10730    0.01952    0.03788    0.00038      0.04952      0.00000      0.00044      0.03341      0.00000      
395600  0.11298    0.01951    0.03788    0.00035      0.05523      0.00000      0.00045      0.03345      0.00000      
395700  0.10909    0.01951    0.03788    0.00046      0.05124      0.00000      0.00036      0.03339      0.00000      
395800  0.10984    0.01952    0.03788    0.00045      0.05199      0.00000      0.00039      0.03344      0.00000      
395900  0.11309    0.01951    0.03788    0.00051      0.05519      0.00000      0.00044      0.03340      0.00000      
396000  0.11014    0.01950    0.03788    0.00047      0.05228      0.00000      0.00053      0.03339      0.00000      
396100  0.10854    0.01950    0.03788    0.00047      0.05069      0.00000      0.00036      0.03338      0.00000      
396200  0.10710    0.01949    0.03788    0.00046      0.04927      0.00000      0.00051      0.03338      0.00000      
396300  0.10997    0.01949    0.03788    0.00039      0.05221      0.00000      0.00049      0.03344      0.00000      
396400  0.10574    0.01949    0.03788    0.00047      0.04791      0.00000      0.00047      0.03346      0.00000      
396500  0.10809    0.01948    0.03787    0.00058      0.05015      0.00000      0.00050      0.03341      0.00000      
396600  0.10985    0.01949    0.03787    0.00036      0.05213      0.00000      0.00047      0.03339      0.00000      
396700  0.10889    0.01948    0.03788    0.00047      0.05105      0.00000      0.00048      0.03335      0.00000      
396800  0.10650    0.01947    0.03787    0.00033      0.04883      0.00000      0.00037      0.03338      0.00000      
396900  0.10962    0.01948    0.03787    0.00050      0.05177      0.00000      0.00040      0.03336      0.00000      
397000  0.10939    0.01946    0.03787    0.00034      0.05172      0.00000      0.00048      0.03334      0.00000      
397100  0.11031    0.01946    0.03787    0.00043      0.05255      0.00000      0.00047      0.03342      0.00000      
397200  0.10767    0.01947    0.03787    0.00038      0.04995      0.00000      0.00038      0.03334      0.00000      
397300  0.10770    0.01947    0.03788    0.00037      0.04999      0.00000      0.00058      0.03340      0.00000      
397400  0.10832    0.01947    0.03788    0.00050      0.05048      0.00000      0.00050      0.03334      0.00000      
397500  0.10809    0.01947    0.03787    0.00051      0.05024      0.00000      0.00055      0.03336      0.00000      
397600  0.10850    0.01948    0.03788    0.00045      0.05069      0.00000      0.00044      0.03341      0.00000      
397700  0.10745    0.01949    0.03788    0.00034      0.04974      0.00000      0.00046      0.03338      0.00000      
397800  0.11081    0.01949    0.03788    0.00042      0.05302      0.00000      0.00057      0.03337      0.00000      
397900  0.11005    0.01949    0.03788    0.00051      0.05218      0.00000      0.00053      0.03340      0.00000      
398000  0.10574    0.01949    0.03787    0.00049      0.04789      0.00000      0.00042      0.03337      0.00000      
398100  0.10873    0.01949    0.03787    0.00036      0.05102      0.00000      0.00045      0.03340      0.00000      
398200  0.10768    0.01950    0.03787    0.00051      0.04981      0.00000      0.00044      0.03339      0.00000      
398300  0.10827    0.01950    0.03787    0.00042      0.05048      0.00000      0.00062      0.03333      0.00000      
398400  0.10779    0.01950    0.03788    0.00039      0.05001      0.00000      0.00042      0.03343      0.00000      
398500  0.10770    0.01949    0.03788    0.00051      0.04983      0.00000      0.00044      0.03346      0.00000      
398600  0.10787    0.01948    0.03787    0.00041      0.05011      0.00000      0.00053      0.03340      0.00000      
398700  0.10989    0.01948    0.03787    0.00046      0.05209      0.00000      0.00048      0.03344      0.00000      
398800  0.11171    0.01947    0.03787    0.00039      0.05398      0.00000      0.00046      0.03338      0.00000      
398900  0.10646    0.01948    0.03786    0.00037      0.04874      0.00000      0.00040      0.03347      0.00000      
399000  0.11234    0.01948    0.03787    0.00048      0.05451      0.00000      0.00055      0.03347      0.00000      
399100  0.10856    0.01949    0.03787    0.00040      0.05079      0.00000      0.00047      0.03343      0.00000      
399200  0.10747    0.01949    0.03787    0.00047      0.04964      0.00000      0.00043      0.03340      0.00000      
399300  0.10713    0.01947    0.03787    0.00037      0.04942      0.00000      0.00033      0.03338      0.00000      
399400  0.10799    0.01946    0.03786    0.00048      0.05018      0.00000      0.00045      0.03339      0.00000      
399500  0.10665    0.01946    0.03786    0.00050      0.04883      0.00000      0.00041      0.03339      0.00000      
399600  0.10796    0.01946    0.03786    0.00041      0.05022      0.00000      0.00053      0.03334      0.00000      
399700  0.10639    0.01948    0.03786    0.00040      0.04865      0.00000      0.00045      0.03336      0.00000      
399800  0.10856    0.01948    0.03786    0.00057      0.05065      0.00000      0.00041      0.03333      0.00000      
399900  0.10809    0.01948    0.03787    0.00044      0.05030      0.00000      0.00047      0.03338      0.00000      
400000  0.11232    0.01949    0.03786    0.00046      0.05451      0.00000      0.00044      0.03336      0.00000      

---------------------------------------------------------------
Time used for training = 29537.800781 s.
---------------------------------------------------------------


---------------------------------------------------------------
Finished running nep.
---------------------------------------------------------------

